2.70917040116064e-15 0
-4.90859004617924e-15 6.48737843308762e-14
-4.26674777697185e-15 7.39858581862629e-14
3.46002325420559e-15 2.01156199888212e-13
-2.13200541538899e-15 3.55833944132995e-13
-1.21913590334088e-12 -2048
-4.29663728693109e-15 -4.35833673754114e-13
-9.40900635316195e-15 -2.35440008963506e-13
1.22002740625313e-15 -1.66006170308678e-13
7.29616206487043e-16 -8.32831475262127e-14
-4.12381914729315e-16 -1.08224550564889e-13
-6.32450624514413e-15 -9.56749031254823e-14
-5.52257276505322e-15 -8.21634435249412e-14
-4.13212690462737e-15 -6.10037598259762e-14
-8.97411908117254e-15 -6.37342632726057e-14
4.45387617670065e-15 -5.3564141371531e-14
-8.54076251516635e-15 -5.55337914757224e-14
-6.89100927769171e-15 -6.46899677820704e-14
8.23821970067284e-16 -5.00626497874659e-14
-1.82948381319167e-14 -5.70517854501525e-14
1.15226617937844e-15 -4.18231541507969e-14
3.52637348419311e-15 -4.15424303704424e-14
-1.21691491281576e-15 -3.57520275378478e-14
2.19703210152898e-15 -3.46761209784296e-14
-8.87958608391511e-15 -3.74468035956814e-14
-6.53160211537126e-15 -3.61011210793894e-14
-7.34479666340328e-15 -3.22462243552277e-14
3.9027898399113e-15 -4.08956098924233e-14
-7.85061684766835e-15 -2.79434662043675e-14
-4.69688504049356e-15 -4.99200509608498e-14
3.71112680665658e-15 -2.53093955507219e-14
-3.12894518643046e-15 -2.14977298489866e-14
8.81488738339622e-16 -3.06240025106339e-14
-8.69810377532676e-15 -1.88073462211001e-14
-1.02319694875258e-14 -1.89093755086058e-14
-1.33026055902967e-14 -4.53060731305393e-14
1.06073369310063e-15 -2.03326179506115e-14
8.02609246179204e-15 -3.05235102396157e-15
-1.01038453072866e-14 -2.52611650510224e-14
2.32945343497092e-16 -2.84475826667711e-14
3.14276060214033e-15 -1.82632007064465e-14
-9.77373739487649e-16 -2.42683195522899e-14
-4.30396179125972e-16 -2.538818873774e-14
-5.9806073196574e-15 -1.17861830257838e-14
-7.46919767516489e-15 -1.25630688344425e-14
1.31810134612005e-15 -2.87998979620931e-14
6.53682505769703e-15 -1.65532981755429e-14
-1.74804880543782e-15 -1.99236711997153e-14
1.98497702640062e-16 -2.17971649061963e-14
-4.69148154051278e-15 -1.47546157654614e-14
-2.2744668770886e-15 -1.51471960238353e-14
5.18790112156762e-15 -4.17538155282103e-15
-6.58024093251202e-15 -2.02132013063236e-14
1.19262595176161e-15 -1.2891692779327e-14
-5.37272684421289e-15 -1.57532188134518e-14
7.62274684462222e-16 -1.74412402610682e-14
-6.09560524491971e-15 -1.82758938965342e-14
-1.21152180322052e-16 -1.34034414710661e-14
-8.45167616129151e-16 -1.61884682186018e-14
8.74582360752274e-15 -2.49135325262597e-14
4.95942649767162e-16 -1.66629741657148e-14
9.54975493407073e-15 -9.06350539426722e-15
8.86841621645541e-16 -1.26560721347893e-14
-2.60270501523449e-15 -9.65931517804752e-15
-1.30038832570341e-14 -1.10289468328038e-14
1.22357821654933e-15 -1.06427198903535e-14
-1.70424046290962e-14 -1.41390155626627e-14
-1.28502381453116e-14 -1.25616454424237e-15
-2.22677552719486e-14 -1.30736561700237e-14
-2.28746954451483e-14 -2.95681553509615e-14
1.03241855121297e-14 -1.2743349371813e-14
1.06268361315872e-15 -1.20332719752353e-14
1.17562771011859e-15 -1.21719685396594e-14
9.32231667928623e-16 -8.5964951452289e-15
-1.03594290747802e-14 -7.79969583235121e-15
-1.05576604460517e-14 -1.59405502564464e-14
-6.19441702547187e-15 -6.63655519161014e-15
-2.1358266531797e-15 -1.40589060399851e-14
-1.58277267867401e-14 -1.05015402231043e-14
8.37486105364754e-15 -3.58536292479243e-14
1.47384178085926e-14 -1.25194236985024e-14
-6.0783561001491e-15 -6.22832241210238e-15
-2.07345635690329e-15 -8.99742144752113e-15
-1.09412457106242e-14 -1.40380759473356e-14
-2.7037058697572e-15 -7.31487597221618e-15
6.39211988424756e-15 -1.48199420519044e-14
4.15047892476194e-15 -6.87043379306279e-15
2.66131153707223e-15 -1.21798713985939e-14
2.61093319454908e-15 -9.14264098634126e-15
-2.77234313445968e-15 -1.06256482033652e-14
1.04146396508766e-15 -8.48910720671579e-15
-4.47860013505125e-16 -1.50786738705189e-15
-4.04247865487135e-15 -7.62746304805611e-15
1.15021155885148e-14 -5.88711524266418e-15
-1.06076286357151e-15 -5.72669484897662e-15
-2.31165675211196e-15 -1.40507944909219e-14
-7.78762834393983e-15 -6.70635574959056e-15
-1.03544850257704e-15 -1.13970294472839e-14
2.38576212314689e-15 -5.52183859650183e-15
1.46963868115823e-15 -1.19750745962755e-14
1.9024571079977e-15 -4.36150944835581e-15
-1.29014120662955e-14 -1.52558775450408e-14
7.58635282826247e-15 -1.71794319648506e-15
-2.28296676107207e-15 -9.77162626353963e-15
-5.4554628578282e-15 1.13741554450568e-15
7.43473645222997e-15 -4.75706086392685e-15
-1.10863125445931e-15 -7.16974760155728e-15
-1.01177666944632e-14 -1.40019871704829e-14
1.69955377927218e-14 3.69182534845364e-16
-5.70817594296488e-15 1.18124000344587e-14
-1.56002498365827e-14 -4.20425132276472e-15
-9.94818791729628e-15 -9.88558999283269e-15
-1.79722597416641e-15 -9.21866817357136e-16
-7.608271131551e-15 -7.07807033637477e-15
-9.41077633078359e-15 5.88061714531626e-16
-1.06501529325364e-15 -2.3534697534617e-14
2.96560180457179e-15 -5.95635378912052e-16
-5.5511221664618e-15 -9.95951430290796e-15
1.44380262453008e-14 -5.75120569099806e-15
-3.76658781077336e-15 8.49823458095968e-15
-1.96794871234474e-14 -7.78791129218667e-16
-1.03548516442099e-15 -7.19897018841713e-15
-1.08891614237778e-14 -4.91282645321606e-15
1.31741908479673e-14 5.03142245929226e-15
-8.31169336253769e-15 -1.92274971247898e-15
-5.96728688245851e-15 -8.44102455188154e-15
-7.26302093786037e-16 -1.9422719981162e-15
-1.0658826739232e-14 -1.74170235493467e-14
-2.33720201622906e-15 -6.13606149586094e-15
-8.8802179829558e-15 -2.9155151395508e-15
1.68117258398286e-15 -4.24115509059318e-15
-5.2309932478946e-15 3.48758558420526e-15
-2.3473807340895e-15 -4.25611277782771e-15
4.02829299152791e-15 -2.60701211231154e-14
-3.13758740340735e-15 -2.2918773281995e-15
-8.91902720910868e-15 -1.13388520606199e-14
-3.64338480889305e-15 -7.13413790336648e-15
-1.40227375576576e-14 -7.43627906570736e-15
5.57477940223959e-15 -2.95314938251979e-15
-1.2026943581976e-14 -8.03582738391972e-16
6.20372451533196e-15 -5.39738405386829e-15
-1.90862364699008e-14 -7.93678434400265e-15
1.80268967208999e-14 -5.18034340805212e-15
-1.2510837210949e-14 3.0205585592171e-15
-1.34516638195629e-14 -2.07131636582967e-15
-6.02793557426471e-15 -2.42770098884774e-15
-8.03911762063144e-16 -1.08637168924966e-14
-1.39012397694273e-14 -6.13319638476193e-15
6.66049861799684e-15 -5.39605656629958e-15
-1.1076414478555e-14 5.80790624880032e-15
-1.81486997069114e-15 -1.31254659921405e-14
-1.52945000031802e-14 -2.72501587531877e-15
6.69551322095022e-15 -5.71995842201543e-15
-9.93301120094813e-15 5.34342824030294e-15
-1.57400727771877e-14 -6.87922177708289e-15
-6.4008219894907e-15 -2.96643713744324e-15
-8.60686200104292e-15 -1.19654349174786e-14
-1.17568168102534e-14 3.708587609696e-15
-1.95977112885928e-15 -1.40311998710269e-14
-1.43260836785238e-14 1.55053107701517e-14
-2.04597307613132e-14 -1.25472406252018e-14
-2.67243624208395e-15 1.1173051759432e-14
-1.77785892406823e-14 -1.95611291378543e-14
-1.26440652060853e-14 4.64954365671512e-16
-1.790111795919e-14 -1.43010766662763e-14
-2.99729552221359e-15 1.06578823264266e-14
-1.9015163506177e-14 -2.03586771831964e-14
-6.88352487834468e-15 7.22639116591621e-15
-1.82376659091852e-14 -1.67305963758361e-14
4.52232960771613e-15 6.43372364093558e-15
-2.40559619326662e-14 -2.47504999916124e-14
-8.36543983589291e-15 2.08092692915552e-14
-2.96784593496078e-14 -1.57503888763358e-14
3.21682889642689e-15 1.57340589142801e-14
-4.05801263468904e-14 -2.90686963144585e-14
1.43980326938645e-15 1.6032174475369e-14
-5.54992784943765e-14 -1.44317428663587e-14
2.2491111058456e-14 1.18541477884108e-14
-6.45251155783908e-14 -3.51717673467161e-14
7.06586970213929e-15 1.29684269504906e-14
-1.04585598006571e-13 7.15312374450747e-16
9.00824820013085e-14 2.00050895219455e-14
-2.95057650677076e-13 -1.08443142239321e-13
1.5091920337814e-14 -1.31587704250762e-13
2.48205015363768e-13 -1.25948179236553e-13
-1.06908154894718e-13 1.3343200770561e-14
5.14949541809784e-14 1.84336807560218e-14
3.70060993408907e-14 -3.349274849683e-15
8.66048414856421e-15 -6.33664825604291e-14
-2.79404213258986e-14 3.19623237504643e-14
-5.52514640283666e-14 1.78047937882134e-14
8.2339181351554e-14 1.60090970615753e-14
-2.50503845794299e-13 -1.27124642675565e-13
-1.65155798460583e-14 -1.2954667814633e-13
2.9751159428984e-13 -1.09681535516643e-13
-8.69035164116979e-14 7.67632603167932e-15
1.13445419361114e-13 1.88390723351771e-16
-2.75537855703973e-14 1.54439902971407e-14
7.25111169478197e-14 -3.68373867892409e-14
-3.39717527012814e-14 2.62040390709603e-14
4.30000061628396e-14 -1.56690001713873e-14
-3.67181385867948e-15 1.94431720922411e-14
3.34130037726321e-14 -3.32162149989164e-14
-1.59077858424977e-14 2.45019689106613e-14
2.60930439370871e-14 -1.67710537453634e-14
-3.45963451594953e-15 1.26531568619084e-14
2.2967747529166e-14 -2.79925299298446e-14
-2.46463996309521e-15 7.83867253455535e-15
1.85946818053411e-14 -1.80182172392574e-14
3.40825293713317e-15 1.59010185176231e-14
1.46465919542673e-14 -2.55094810539537e-14
-1.0707989508983e-14 2.29050891612917e-14
6.72736635179609e-15 -2.2734549757803e-14
-1.74957940070702e-15 3.76257479365143e-15
1.21097731411616e-15 -2.06816683656601e-14
4.58944867394287e-15 1.2513709370513e-14
-4.63270382246077e-15 -1.95499404518267e-14
1.24121970462846e-14 9.94732890901576e-15
2.94755235808183e-15 -1.98370132455172e-14
1.17567183248176e-14 1.78207781911103e-14
9.17625756829115e-16 -1.58748386301223e-14
1.70489432453815e-14 1.63102034172111e-14
-1.35034051253578e-14 -2.10159742706691e-14
-3.28458357010961e-16 2.3008476446605e-15
8.8170998188097e-15 -1.62482358957873e-14
5.5966619774394e-15 8.62826733573033e-15
-3.62152865780073e-15 -1.41814660361359e-14
7.3735788249478e-15 -2.33087852010097e-15
6.53255681136264e-15 -1.51592923874598e-14
8.0950594136653e-17 3.22993269586816e-15
-8.42924839123378e-15 -1.20587444792561e-14
1.29922566164231e-14 3.67125420580045e-15
-1.69123052108256e-14 -1.34413014116308e-14
1.41034886329711e-14 -5.01492664749797e-15
9.90422985066557e-15 -1.59029910990164e-14
1.4008535991894e-14 7.70893591272453e-15
-2.06085154592413e-17 -5.7292798743681e-15
5.48379342971419e-15 -2.05846710916055e-15
5.69730269174981e-16 -9.03751632571017e-15
9.67409865109809e-15 7.35599534980005e-15
-1.08932427689812e-14 -3.11182720562348e-15
1.22101544913501e-14 -2.03099269808823e-16
-8.69530239986411e-15 -7.82105643097296e-15
1.15133414168056e-14 2.20810144180337e-15
-7.9255712508587e-15 -3.68779763300421e-15
5.60397399069101e-15 -1.39590656976068e-14
-6.20666093901725e-15 -3.72686481072451e-15
9.33944698626422e-15 -4.41126236283614e-15
-5.5685649860269e-15 -2.62868093004796e-15
1.02097770416108e-14 -3.87537844505566e-15
-6.01815245975655e-15 -4.33728999308113e-15
2.14364628664829e-14 4.22486516778111e-14
-8.8888320269234e-15 -2.39528027836725e-15
9.85953771842497e-15 -1.77263341460099e-15
-1.48330711238704e-14 -8.17270751887958e-16
9.3371869415226e-16 -7.17119751146703e-15
-2.50479701458521e-14 1.42455739947414e-16
7.09297295116536e-15 -3.65627143261912e-14
1.36254810757646e-14 -7.75861937720447e-16
9.22783045848826e-15 -1.01995797789529e-14
1.4598900142096e-16 4.50636014584245e-16
-1.87579040758218e-14 2.05428473550648e-15
-9.10865885915973e-15 4.85607404923212e-16
4.96714344488001e-15 -1.36496542041002e-14
2.25644985819456e-15 2.22157234511845e-16
5.15226666595501e-15 -1.06864747546571e-14
-1.74890445760517e-14 6.74390722689583e-16
-4.02255510811892e-15 -3.61079167649615e-14
2.51140027352141e-14 -1.18405894420742e-15
-2.69461394784659e-15 -5.11723407867209e-15
6.11912634744126e-15 3.13705197146166e-15
7.17109848183848e-15 -7.39838267026225e-15
-1.21048021219714e-15 -1.94772323655361e-15
-3.69344544706838e-15 -9.11688879686954e-15
1.34701379625173e-14 1.4411694058883e-15
-4.2531743366663e-16 -1.17020896387957e-14
1.21676857257839e-14 1.2627199297076e-15
2.45122245375665e-15 -5.2457221802253e-15
8.35365512084173e-15 9.37597697464914e-16
-5.6699653238844e-15 3.05927381690051e-15
2.38986422860703e-15 2.55159985410531e-15
-3.07443776883282e-16 -3.75790149189398e-15
4.70756653522743e-15 -2.73847963380626e-15
-3.19856796418046e-14 -1.91963254685207e-14
6.71751326072751e-15 8.97674045268738e-16
6.25217076674727e-15 -1.5701718010139e-14
1.02140168333404e-14 -2.96043677889046e-15
1.33390261832444e-16 -7.63038471407095e-15
1.04567114344885e-14 6.50386920521284e-16
-2.08864737328684e-15 -5.67850263162002e-15
1.12303325335433e-14 -1.83271289249547e-15
-5.11782798472144e-15 1.10642048700346e-14
7.62836500654062e-15 -4.81715212263892e-15
1.9616704874852e-14 1.78360165715792e-15
6.5045220849756e-15 6.82246380036924e-16
-7.87148667913339e-15 -2.68514997331822e-15
2.1014313899156e-14 -2.61166018667048e-15
-5.80834225404172e-15 1.65772001603894e-14
-6.68258956338305e-15 -2.14086941988674e-15
2.67755785212548e-15 -5.74983043365626e-15
3.47368770607975e-15 -8.65935567197154e-15
-5.04984073580198e-15 3.3847663479513e-15
-4.20254293121594e-15 -5.02002774542392e-15
-5.89964743325461e-15 -4.93549321367482e-16
9.37191036475262e-15 -4.1499939864192e-15
-3.45745925286012e-15 3.95462943885411e-15
1.4299970090317e-14 -4.7566499385095e-15
-9.7303030753487e-15 2.29382338096878e-14
-1.20659880365414e-14 -5.83272725062687e-15
-7.08864196058963e-15 2.26396513937086e-15
-9.50762694878968e-15 -6.8218862824129e-16
4.89070906974728e-15 2.61180216511399e-15
-3.65865824773487e-15 -7.97948271040442e-15
-1.30169717524852e-15 -3.26638256835906e-15
2.86501859336848e-15 -6.8884625353181e-15
-1.36422171486964e-16 -1.77948992876853e-14
4.9076707418814e-15 -6.55990203520716e-15
3.49678899130497e-15 3.65933674484445e-16
-1.35862412197254e-16 -2.9985138920564e-15
-2.92840111797378e-15 8.60233309672343e-15
-2.05071354037977e-15 -5.98067727837629e-15
-5.44364634206822e-15 4.75450507398851e-15
-6.57268749807532e-15 -8.80341001083041e-15
-1.17613025579102e-15 3.45958620685181e-15
-5.24502452501299e-15 -4.48781480377363e-15
2.38332157294291e-15 1.27564468570546e-14
-5.07553873477079e-16 -2.17847569907525e-15
2.0735717501616e-15 6.06794110405388e-15
6.24048742883886e-15 -4.45111235407438e-15
2.49475316169802e-15 -7.38256405312212e-16
1.65780168981203e-15 -1.19677654297665e-14
2.25841823713406e-15 1.69818434122254e-14
-7.99702868673884e-15 -1.26718795860748e-14
-3.35523978029511e-15 -6.08762836464915e-16
-9.03443540655494e-15 -3.35644378223947e-15
4.22486920269007e-15 1.26067261983166e-15
2.67622762343082e-16 4.86662939383875e-16
6.24520529562198e-15 8.83650264196251e-15
-3.62451896613255e-15 -4.1951234605538e-15
8.61794392406699e-16 -4.35925434738454e-15
-4.59805412649175e-15 -9.58674009863473e-15
7.30835861368241e-16 2.15850970681368e-14
-1.03984343388922e-14 -6.19504777366084e-15
-1.10603959336148e-15 -3.85034171990829e-15
-5.52025445987366e-15 -5.00630093021025e-15
-7.10001640230048e-15 5.3848837084475e-15
-4.23234521544322e-15 6.26724186554559e-16
-2.43281040755907e-15 -9.34482127665569e-15
-1.35818552838614e-14 -2.11693799109785e-15
-1.77002454173684e-15 -1.07774896593671e-14
-1.39130569305787e-14 3.01858527116116e-15
1.73716922307145e-15 -1.5550004874333e-15
-9.33266181648854e-15 -5.74364898811316e-15
-8.66106869795022e-15 -6.15855797180818e-15
-4.75987520950644e-15 -2.0809141321995e-15
-2.00862408295324e-15 -1.96264593285841e-15
-7.79199230987137e-15 -4.05975441600259e-15
-1.05185412941173e-14 9.62965248316891e-15
-4.88247091241964e-15 6.52541885318626e-15
3.45780476688138e-16 -4.04727429843206e-15
-9.2904823823547e-15 -3.30710296235416e-15
-7.51953960561627e-15 -4.97552811833067e-15
-1.6967242463767e-14 6.29717318312156e-16
-7.58790946853107e-16 -6.47215492872571e-15
-2.03823234878706e-14 -6.28971194940605e-15
-2.51981289042387e-14 -5.56751471816645e-15
-8.24114900355452e-15 2.29304914719974e-14
1.67008363290981e-14 -7.17136054334547e-15
-4.62399145895747e-15 -3.20869459807458e-14
-6.37409520232261e-14 -2.16601149167937e-14
-7.88211748127641e-14 5.01539037116138e-14
4.8022904366055e-15 -1.9097370590775e-13
6.87961819300257e-14 6.47336686494091e-14
6.26762301822334e-14 -2.31740209251073e-14
-1.10821081664486e-14 -4.79261004201123e-14
-4.68392736534675e-14 -1.31781275497931e-15
4.96799034639582e-15 4.94978060386589e-14
4.14012953967952e-14 9.46068883896294e-15
4.3356352801146e-15 -4.87517021104165e-14
-1.33070314581118e-13 -2.68320659832772e-14
-7.1148950066154e-14 6.83059217452911e-14
5.33258274294633e-15 -1.83455908142097e-13
8.0011768438015e-14 4.73655961869635e-14
6.27813148532403e-14 -2.30516375937018e-14
8.7233269705275e-15 -2.95225478917406e-14
-1.20758165401634e-14 1.87251038799306e-15
1.5209860590308e-14 2.22915992902167e-14
2.42659251632512e-14 3.38705049193138e-15
1.35112050205005e-14 -7.92706148461787e-15
4.43659199887949e-15 -6.34113630603343e-14
7.38091085687905e-15 1.45382006276579e-15
1.01551506828207e-14 -9.96124166034144e-15
1.21232716106979e-15 -4.65773530332292e-15
-5.57458977217904e-15 -8.87314572182059e-15
1.21029583292894e-14 5.53254505743571e-15
1.48866379677991e-14 -9.94868554317171e-15
1.48085433081217e-14 -4.18505860573463e-15
2.24844516367966e-16 -7.06858630338264e-15
1.2419074936609e-14 -2.11961413878815e-15
4.80510028289995e-16 -1.46388121566246e-15
-4.62839417146207e-15 -2.6596966757657e-15
-9.65823848561866e-15 2.93956135170587e-15
5.5873971140001e-17 1.44201033947102e-15
-5.27147961024802e-15 -4.27889166086138e-15
2.36202138158682e-15 -4.63599727352141e-15
6.5180437419846e-15 -1.42516817927942e-14
1.0246631583834e-14 -3.82604117240627e-15
-2.59769217041643e-15 -5.56664180990839e-15
7.51746946810986e-15 -7.53231454975148e-16
-6.03420816657001e-15 4.44192309416645e-15
2.12248479095344e-15 1.70175580732606e-15
-4.52793960415053e-15 -1.69592962328323e-15
3.12740438648246e-15 -3.30414028239731e-15
4.93102353615297e-15 3.86839154761003e-15
-3.00336605182947e-15 -1.86766226438352e-15
4.85984001915539e-17 -1.12251032420275e-14
1.02968456563191e-14 -1.26740115504215e-15
1.4764165802339e-15 1.25379645917001e-14
2.59030264863318e-15 -1.54512213799419e-15
1.09655153378837e-14 9.72033521887305e-15
5.90473420544508e-15 -5.30750480031745e-15
-2.35622042830221e-15 -3.84832711171084e-14
2.97701515965016e-15 -4.8346930702912e-15
-1.20067247857981e-16 4.50275746627986e-15
6.40790728743593e-15 -3.51828796714832e-15
4.50534008560794e-16 7.8899893110056e-16
4.7390198770154e-15 -4.72724239208762e-15
5.12643151466482e-15 1.40988121444999e-14
1.84425910914811e-15 -7.88802544934889e-15
-3.45063047057784e-15 4.91072886951642e-15
-2.88262362512216e-15 -6.26502373646883e-15
4.76890409999343e-16 -1.16034657043808e-15
-4.74875262674933e-15 -5.8336668758008e-15
4.27661877507436e-15 -5.58820950837803e-15
3.37285607733586e-15 -4.22522463627391e-15
-1.18602020808441e-15 -3.31419323428012e-15
1.38687281581996e-15 -8.97359673892817e-15
-1.11242392043009e-14 9.88009821526019e-16
8.79125539229854e-16 -5.9330372669439e-15
-1.80050012598467e-16 8.43480887436333e-15
-1.00902316254962e-14 -2.60170752342699e-15
3.84066224365295e-15 6.28291572480641e-15
-1.09579898217255e-14 -7.91574944788311e-15
1.52670824614409e-14 -1.86947332445988e-14
-2.25264486480579e-14 -5.83935022646792e-15
1.0094823664666e-14 -3.69547217563955e-14
1.90735110664338e-14 -2.7497721653516e-15
9.19499010689834e-15 2.40386219743116e-16
6.44234580216323e-15 -3.04153169121446e-15
1.08230573622078e-16 -1.03703131889959e-15
-6.32634991194844e-15 3.40880616747032e-16
8.71801264333798e-15 -8.78126679847129e-15
-5.06268185320096e-15 -1.44529289442725e-15
3.61303102517438e-15 2.34079805950912e-14
-2.13558344947236e-14 -3.96563469902629e-15
-4.52513981773419e-15 -2.67719586968669e-14
2.13082513300676e-14 7.16043307477832e-17
6.24306401627296e-15 2.10813974967456e-15
7.63591029444328e-15 -1.82999856372487e-15
3.76672802978995e-15 -1.10031936982715e-14
1.04190826491003e-15 -2.7593739424535e-16
7.67826164293614e-15 -1.40168080140285e-14
4.74167374087663e-15 1.26347643694939e-15
1.33510769553053e-15 -4.04111882639841e-15
2.42493836560775e-15 -9.91491320878337e-16
2.68610378805779e-15 -2.52965334327102e-15
4.07188435100807e-15 1.07163777844916e-16
1.18961173995785e-14 9.12960652371972e-16
-1.38332265085111e-15 -5.36042473130125e-15
2.93280161386786e-15 3.81732900152106e-15
-2.93556681034905e-15 3.18742218190853e-15
1.85796824060792e-15 -5.45248485283313e-16
-7.11449439100173e-16 2.30926612124823e-16
8.82401189544495e-15 -1.12751878810109e-14
7.16764446223169e-15 2.71121353665969e-15
-3.01635419225567e-15 -9.6354195702356e-15
6.83426953998408e-15 8.19084296640766e-16
-3.79271215786099e-15 8.76978467826961e-16
1.03436050504566e-14 2.74547150245281e-15
-9.25432823143792e-15 -1.40443918276866e-15
-3.54028326944883e-15 8.32411504723877e-15
1.16550495789285e-14 -2.24488997826486e-15
3.45742975520045e-15 -1.67745199470885e-15
1.68630765946579e-15 -7.40023483838401e-15
1.68866807651355e-14 -9.28374786558773e-16
3.86165855406321e-15 4.78103868100315e-15
-1.05416214077329e-14 6.68207395118888e-16
-3.38878124549155e-15 -1.16596614965821e-14
2.63419300765833e-15 7.40043960175644e-15
9.45260619059442e-15 1.59358472801988e-15
-4.15210159503374e-15 4.37624366443193e-15
6.40525915680482e-16 -2.70413370068877e-14
1.84574528998112e-15 2.80454496659915e-15
2.23205392907851e-15 -7.27654346869536e-15
1.36323333519356e-14 1.61563621021812e-15
-4.05423655940675e-15 2.20607043089626e-14
-1.52593071116583e-14 3.8714556971514e-15
7.06707792672388e-17 -1.3773271152866e-17
-6.54931713804435e-15 1.73204971039556e-15
-1.43754244449773e-15 -3.64095104874822e-15
-2.46705037979371e-15 2.95345470081937e-15
-7.4619488332532e-15 -8.31968398857172e-15
1.64767371955402e-15 5.03474078874121e-15
-6.00195898911103e-15 -2.80367574447507e-15
5.57656082735546e-15 3.53586661933491e-15
7.89397287816497e-16 -5.00474943488823e-15
3.60578547718542e-15 -2.33571468535277e-15
6.12144612664429e-15 1.70021925009735e-14
1.01229393384033e-16 -1.19129372191503e-15
-1.65726291075086e-14 -5.05378838201136e-15
-4.37361369629864e-16 2.32753316907051e-15
-8.11007599042368e-15 -1.12330018040052e-14
2.30729824324935e-15 1.14851754680201e-15
-2.07440007586726e-15 -9.2266318774992e-15
1.24994975760188e-14 1.02300871635346e-15
2.12105179465256e-16 -1.00280793273989e-14
1.05299196689133e-14 -6.92176319412932e-16
6.12144612664429e-15 1.70021925009735e-14
2.0786081773169e-14 5.93134553766503e-15
-9.86771283478314e-16 7.07353055241739e-15
-1.00024589193764e-14 4.04202065172517e-15
4.77368516953289e-16 1.5744445920604e-15
-2.29606384629061e-15 -8.2500465162847e-15
-1.86260227270701e-15 -2.57441501430948e-15
8.20817977940126e-15 -1.67159187397338e-15
4.89079250113889e-15 1.26004318020323e-14
4.32311851481942e-16 -5.44424331185234e-15
-1.02138069677935e-14 -2.91098001469718e-15
1.14250879933934e-14 2.2224378885533e-15
-2.5226217085585e-15 1.01373740865326e-14
-1.30993701195458e-14 7.17772042163645e-16
-4.91352479487401e-15 1.83463359915058e-16
-1.04741327776334e-15 -4.23631662895319e-15
-1.11674760203208e-14 2.81634594126976e-15
-9.07437205885457e-16 -5.32095724219637e-15
-1.62589274917183e-15 4.77114206536154e-15
-9.79773879616944e-15 -2.40154773547651e-15
5.52664188775507e-15 3.97921639223714e-15
-8.54545771121536e-15 -9.71711322571642e-15
6.40396732089526e-15 -1.4886374938915e-14
-9.59963155364297e-15 -3.61982183110355e-15
-7.85220614777338e-15 -5.71910844342689e-15
-4.06753706668881e-15 -6.34807744368148e-15
-4.61607149808265e-15 4.80055294774916e-15
-3.43313746220492e-15 -4.1361554401374e-15
5.20060702730529e-15 1.00351190539321e-14
-9.90919650995034e-15 -1.12144609759569e-14
2.82536823926095e-15 6.64984891304285e-15
-1.25747328556996e-14 -8.91355507137305e-15
-5.27492054060749e-15 3.28690420768751e-15
-1.6693329658006e-14 -7.45527882551969e-15
-1.86349043435732e-15 4.73648831107322e-15
-2.06581537095447e-14 -5.175257672039e-15
8.09462268055145e-15 -4.76198537358594e-15
-1.95721658671449e-14 -1.36026472317966e-14
3.57008096723442e-16 1.90557083283982e-14
-3.15104199190756e-14 -1.33221674146578e-15
2.47552841492802e-14 1.05081915879506e-14
-9.86837586948921e-14 -3.73261876865481e-14
3.02167976933128e-15 -4.09358669604729e-14
8.27641419226708e-14 -4.3221856494105e-14
-3.42336285618756e-14 5.24603721705134e-15
1.43749226379542e-14 5.62501667274807e-15
1.34569152274731e-14 2.56810645578016e-15
5.58126907784919e-15 -1.96345974166645e-14
-6.60126757877642e-15 3.50995290004803e-15
-2.13409683466919e-14 9.49064657792514e-15
3.46248871197157e-14 8.24148373770609e-15
-8.11363752506797e-14 -4.11418448696637e-14
-9.07252136642852e-15 -4.07664810418924e-14
9.91650439355469e-14 -3.68607027074906e-14
-3.6702938318584e-14 7.19401365476659e-15
3.56218012885284e-14 -1.95878125322838e-15
2.4715704374922e-16 4.72904006722255e-15
2.55493314887346e-14 -1.06868413169869e-14
-9.83585860972696e-16 1.39000343799821e-14
8.56952446686271e-15 -2.70065580497702e-15
1.16775165174591e-15 8.51497272750611e-15
9.38501107576968e-15 -1.17046381843301e-14
-6.43220779609546e-15 6.60081761092224e-15
6.66822374315149e-15 -5.75069588057566e-15
1.65090377465891e-14 -6.99715574874191e-15
8.98925878200811e-15 -7.47405329179191e-15
8.8383190478889e-16 2.11659125399062e-15
9.6848901379709e-15 -7.90365686920954e-15
-3.79446689721008e-15 2.48379078107632e-15
6.05218714533445e-15 -9.44910407954993e-15
-1.19986763565584e-14 1.34074795145525e-14
-1.20818646487482e-15 -9.1502085693654e-15
-3.77611293846249e-15 3.56458071974611e-15
-3.78828053778994e-15 -5.88848783891455e-15
1.01325199154753e-14 -1.84809756763544e-16
-8.38883431876616e-15 -3.45119866073356e-15
9.20458383189197e-15 -1.02997042339453e-14
7.17094941504055e-15 -6.40337019142092e-15
1.23396584658809e-15 4.53401961247247e-15
1.23250707344437e-17 -6.84744561094315e-15
8.04496946165824e-16 1.1474081351654e-14
-1.22146368242676e-14 -9.59977684710266e-15
1.31808796260218e-15 -8.93881766724355e-16
8.44607297511061e-15 -8.09204567974581e-15
-3.42460553442734e-15 4.66627984923507e-15
-5.88521413949213e-15 -4.45576910327285e-15
-3.67675848845402e-15 1.88969761938106e-15
8.24092397898722e-15 -4.52376891556205e-15
8.62609768662802e-15 4.06973170731469e-15
-3.46145718309892e-15 -2.10830623964472e-15
9.26048625437855e-15 1.06664816022801e-15
-8.51351613001709e-15 -9.2245222260763e-15
1.3123313620279e-15 -6.44105653752835e-15
1.23057523596909e-14 -6.93841535816736e-15
-3.43812670780225e-15 4.65487756035166e-15
7.46912776565921e-15 -4.34836393827391e-16
-9.73433734412504e-16 -1.7359535567873e-15
5.62414038308399e-15 -4.83630070461305e-15
2.15415142019789e-15 7.78369895273719e-16
4.22827481797625e-16 -2.15400161768576e-15
2.19156119901919e-15 -1.93690587920744e-15
-4.79224982198096e-15 -4.63541670329939e-15
2.45081100345668e-15 -2.32084204896522e-16
-2.32090487298369e-15 -1.55282574071742e-15
8.46921594091501e-15 -3.02377192622646e-15
1.95590198521973e-15 -5.33207406697062e-15
7.12026136006692e-15 6.23311746185518e-15
-8.63785603394593e-16 -1.28650800195143e-15
4.80966672268938e-15 2.1715005276556e-15
-2.44297543697976e-15 -3.93071376771497e-15
7.81393457977248e-16 3.10615441028901e-15
-7.07360514103541e-15 -4.42797277527623e-15
-1.00537151520152e-15 -5.77735209591154e-16
-1.21262514690611e-14 -7.44908514622069e-17
7.61193109595844e-15 -6.13458728894149e-15
-2.78893749362193e-14 -4.14973164831418e-15
-1.36428530099446e-15 -3.82155381337304e-14
2.13222831677696e-14 -3.30943155462085e-15
2.61145429642277e-14 5.85309133896722e-14
6.10618635470762e-15 -2.26975136844267e-15
6.36313126427135e-15 3.72401323358555e-15
-4.71747706371421e-15 -3.98488915551957e-15
1.89928217369994e-15 -2.31062054800953e-15
2.34245771733444e-15 -3.09721144590514e-15
-1.19700572017048e-15 3.03009848085623e-16
-1.81561141346803e-14 -4.31042073795957e-15
-2.29123305876551e-15 -4.04982745328106e-14
2.87590189371743e-14 -2.24606286181113e-15
2.93948911240854e-14 -5.32575591241419e-14
6.76681275469094e-15 4.00650492611426e-17
5.03678280525245e-15 -2.39537737122131e-15
-3.21972923020273e-16 -7.19767418236943e-15
2.311901952686e-15 -3.70076139590146e-15
1.14701127511577e-14 -4.08272161849271e-15
-9.98394570135462e-15 9.48292746650591e-15
9.03816643611898e-15 6.55076325281882e-16
-1.65021211658924e-15 -5.42960039711441e-16
7.42221220500849e-15 -2.75363845173686e-15
2.43202209115219e-15 -1.63049791644066e-15
5.55742336568603e-16 -4.80368235853938e-15
-8.02425687833215e-17 -1.11296752262345e-15
1.11813721603634e-15 -3.46661080298569e-15
-4.51334106106311e-16 -7.7744630932591e-16
3.75562847245674e-15 -5.33632432458521e-16
-2.38179268757607e-15 -1.01998099442648e-14
6.39443770329682e-15 -8.59469117420165e-16
-1.5868542893682e-15 4.48055220661417e-15
9.40709835121044e-15 -1.91302659977713e-15
2.94726901221793e-15 -2.82212215700238e-15
2.66953957804716e-15 -6.21192451753268e-16
4.98520943039678e-15 1.7983738417218e-14
4.28013041897086e-15 1.36664762889338e-15
3.45630298515563e-15 3.28168533236607e-15
4.77861823610895e-15 -3.2224824307807e-15
8.7369708635616e-15 -5.58061538119874e-15
1.16916625530785e-14 -4.18121859016357e-15
3.68420695363682e-15 1.59738254733746e-14
-1.05214979649095e-14 -3.5359115616497e-15
-5.7025695249795e-15 -9.29674199850068e-15
-8.33349588108566e-16 -8.0409431796554e-16
2.47538740240188e-15 1.24065397392912e-14
-2.69310054619092e-15 -2.39827352341441e-15
3.59354753775099e-15 -2.39634850749092e-16
6.11652147512206e-15 -2.45036009838271e-15
-3.83366632298719e-15 5.70068747995641e-16
1.11132287536404e-14 -2.45966102051977e-15
4.6460213911385e-15 1.40246122018676e-14
-1.08388750495234e-14 -5.95988967731267e-16
8.46937002293157e-15 -2.19593982255384e-15
-6.52420920755845e-15 -5.04476053876436e-16
1.09148639717416e-15 -5.72719482273129e-15
-8.46818550649344e-15 -2.0055699565183e-15
-3.528771387147e-15 -2.07843951965173e-15
2.83315886274333e-15 1.07255436870906e-16
-3.10907363123201e-15 6.45765973378413e-15
7.66185600323511e-15 2.05554510279428e-15
1.76310187283591e-15 2.13168582780429e-15
3.54665822053675e-15 -2.48760857848844e-15
1.61258696236828e-15 9.59002573474905e-16
-5.55764727761443e-15 -1.20864442868101e-15
5.82144824035782e-15 -5.31958439521257e-15
-5.35240917413122e-15 -3.03006299365954e-15
1.70654562455231e-16 1.37457226653318e-14
1.36821456286923e-15 3.14751716228959e-15
2.35660044957241e-15 -8.30969270822539e-15
1.87404264592965e-15 -2.13625277220393e-15
-3.89513252937827e-15 2.22131801421243e-15
-3.80187142374731e-16 2.86158520986532e-15
1.12083369122881e-14 2.3951918950498e-15
5.08345294361065e-15 -4.06752243139073e-15
-2.49304063457461e-15 2.21364406377839e-14
-5.3639550540778e-15 -7.47728585638902e-15
-5.24556888884663e-15 -3.1311861618394e-15
-3.11818266736373e-15 5.29275968415957e-15
6.41180184907743e-15 -3.65379135879727e-15
1.72543010892526e-15 -6.68190616795095e-15
-4.47573291234624e-15 7.41738730802184e-15
-7.63255858046429e-15 5.44872981324663e-15
8.29172754422073e-15 4.35340946270477e-16
8.4237978461944e-15 -6.12130688992202e-15
-4.28175049698638e-15 1.99260928525683e-14
-1.05662446720809e-14 -9.31521060331356e-15
-1.13476563787949e-14 -7.49349018516488e-15
-1.23034725621823e-16 1.61039237061367e-15
-5.07915675920443e-15 -2.16281692658627e-15
5.90242364388964e-15 -3.43761313921179e-16
-5.33433144752701e-15 1.51211972296562e-14
-3.51356015533328e-15 -1.12315416154143e-16
-4.22132441775687e-15 -4.77803044622149e-15
-6.52371475874966e-15 -1.62542140192382e-15
4.44243206578549e-15 -5.79217579106691e-15
-1.0795496980359e-14 -1.00900404431977e-15
-4.65542983411133e-15 -2.45824379639556e-15
3.38810035776703e-16 -8.07906739162291e-17
-8.77706770991288e-15 -9.48520538163232e-15
1.40608971563586e-15 5.68379024248988e-16
4.05914902886281e-15 -6.46263697578601e-15
3.61015544280773e-15 -2.38006858153924e-15
3.91897361512348e-15 2.50414096986382e-15
-9.00381760722696e-15 3.56015389304921e-15
2.24330172284311e-15 7.30325103072759e-15
-4.50496240198091e-15 1.6470789760396e-15
-5.12706119559698e-15 -9.21271505220905e-15
1.46152343843108e-15 -5.55503016638797e-15
1.7280843783306e-15 -6.25462148575663e-15
-6.15240142404198e-15 -1.30553367954809e-14
-2.01157674790063e-14 -1.10638726581632e-14
-2.24871233240277e-14 1.12973897649387e-15
-3.323020179284e-14 1.88096392407082e-14
-1.7305618247829e-14 2.8086827030736e-14
7.91829286331333e-16 -1.20088203385449e-13
1.55326375671659e-14 3.01688204903518e-14
3.24486226975788e-14 1.92066579682427e-14
2.36609936208048e-14 -1.73917479903991e-15
1.28075682633696e-14 -2.37713631510183e-14
4.4192067560322e-15 -2.37503056840465e-14
-1.9024171097808e-14 -1.50816450620993e-14
-3.31103527338489e-14 -2.73214058465263e-15
-2.68464997069166e-14 1.76012973656119e-14
-1.90366074782356e-14 2.80976108579397e-14
7.47787124840337e-15 -1.01253035613644e-13
1.50526541005597e-14 2.70847654148958e-14
2.13316202916339e-14 1.7148451352125e-14
3.21768745385582e-14 1.30136637258847e-15
2.32002667620502e-14 -1.25561512675186e-14
1.19180969167296e-14 -1.47544239424785e-14
1.68606253061166e-14 -1.38771847413906e-14
-4.20792066537692e-15 -4.85535269191812e-15
-7.61968992349972e-15 -9.82780350831371e-16
-1.57824717817296e-15 4.27637322525715e-15
6.1058758885463e-15 1.11092029300759e-15
1.36135259441013e-15 -1.89205459670353e-15
3.88014459003364e-15 -6.01669506117473e-15
4.50015683933679e-15 -7.56324832526995e-15
-3.1325988142e-15 -3.50234057229943e-15
3.25974250732556e-15 -5.0301263677426e-16
-2.3333741636188e-14 2.63171822009141e-14
8.88583438954252e-15 4.91660665090638e-15
2.42548781276045e-15 6.76836987862212e-15
3.5226534634968e-15 -1.18881789261728e-15
7.97676323980296e-15 1.11549919490306e-15
-3.06160782482422e-15 -6.32803765765001e-15
8.48615098251043e-16 -1.29822858689596e-14
-6.31936316983449e-15 -9.83129318072858e-16
-5.12032684168185e-15 -1.97439413836795e-14
6.74900332382826e-15 1.07507469935486e-15
-1.84717536368403e-16 -1.03828247613294e-14
4.28827596706457e-15 -5.22610859696281e-15
-3.90181795886211e-15 -6.77609869786875e-16
-4.59247582183746e-15 3.96723883075862e-15
-2.85027726523566e-15 -9.28006075338725e-15
5.06866022543324e-15 5.60841363344679e-15
-4.49385504734365e-15 1.15049809170037e-14
-5.10864456515292e-15 -2.69730977905865e-15
1.74594613360462e-15 -7.19328299635255e-15
8.83493016541923e-15 1.55730490430846e-15
2.16090455236804e-15 2.67064343277259e-15
-1.08662198595087e-15 -9.48541129608379e-15
4.70424500591088e-15 2.05248469640495e-15
-9.88867428710068e-15 5.39399094419012e-15
1.39914159893801e-14 -2.16549634711688e-14
8.20079648911355e-15 -5.35399632300533e-16
1.14632671481613e-14 -1.87855970728355e-15
4.38151922104879e-15 -2.82501668824978e-15
2.16849135710455e-15 3.74367206270884e-15
3.78628108854796e-15 -5.84504365487314e-16
-1.25691187048027e-15 1.6008692817429e-14
-2.10976803762734e-15 -8.88216921003319e-16
-1.10939354044194e-14 5.19651596560449e-15
-3.16411468523966e-15 -7.87642761906449e-16
2.18447814464783e-15 4.42356864818992e-15
-3.71900151815991e-15 -4.46274037721727e-15
-2.56509604752607e-15 -2.51128191964893e-15
2.10901239919164e-15 -4.72015973640606e-15
-3.5786003879886e-15 4.71576077495003e-16
3.61757370767327e-16 -2.66932876879098e-15
2.70699415672591e-15 2.89084353085283e-15
1.72613128357396e-15 -1.77240614550289e-15
9.20410198430509e-15 -6.0974009264491e-15
-1.25724175507186e-14 -1.5731248165716e-15
-1.00510537026268e-16 -1.29717639694942e-15
-1.53647597190291e-14 -2.3114139301543e-15
-7.9528325246591e-15 5.02315099887441e-15
-3.00547675278094e-14 1.80541428978244e-15
2.69517719226328e-15 -4.48325007937961e-14
2.75125420466476e-14 2.87045521234978e-16
-1.02986222194733e-15 -2.84254326664462e-15
1.19668181773317e-14 -9.43819949384674e-16
-6.65468163410379e-17 1.72388732825946e-15
-2.66150588821039e-15 -1.07856883648894e-15
1.02983554890511e-14 -1.61507505822002e-14
-5.8364879193021e-15 -2.49692552021648e-15
5.26033809930703e-15 4.11007061906776e-15
-2.47101709476179e-14 1.03877079610338e-17
7.29844875768443e-15 -4.3512275674928e-14
3.00014693984636e-14 -1.54321274538608e-15
4.21014498109285e-15 7.83026483918915e-15
1.16848745068382e-14 -1.12391656497434e-15
6.48904331982218e-15 -5.55693199646412e-15
7.40669014136404e-15 1.37515372124842e-16
-4.11643016970994e-15 3.58769553980455e-15
7.93298589713663e-15 1.42728576801931e-15
3.5336022351123e-15 -1.89681919154285e-15
1.22475985159807e-14 -1.14006726728226e-15
1.74717644384222e-15 1.18649401848677e-15
7.63298274360989e-15 -3.13037690089968e-15
3.23840932627921e-15 1.40021136472691e-14
4.64701663426619e-15 -6.73819170102352e-16
2.83910149820362e-15 1.60156736811379e-15
3.57735254310281e-15 3.79670910831783e-16
3.99066733710957e-15 8.10882202751693e-16
-3.44118074293174e-16 -2.38536035596143e-15
3.19196057394974e-15 -7.34136474217447e-15
6.2981654720617e-15 -1.06083158213899e-15
-9.10530292291696e-16 -5.83388292339708e-15
7.36242776279192e-15 -2.63697526818445e-15
6.13220591219347e-15 -1.05605455098604e-15
9.17841499972792e-15 1.62377325355463e-15
-4.16361523188765e-16 8.06954857621591e-15
-2.7642362018146e-15 2.21724708729639e-15
-6.06568341253031e-16 -6.3905668263533e-15
1.44306672659528e-15 -3.92831234668317e-15
1.17881465871046e-14 6.99162476693539e-15
1.73354038499772e-14 -6.47182648025718e-16
5.81620280601886e-15 1.57440130587674e-14
-5.4374312313812e-15 2.46454330068809e-15
-3.59976298733776e-15 6.65221372053582e-17
4.94933197156954e-15 -1.07953807943512e-15
-3.67077199497591e-15 -3.420070352094e-15
-6.32552252557194e-15 2.17445124200807e-15
7.05638635199147e-15 1.17777877812155e-15
2.77472437317606e-15 2.72070314492913e-15
-1.36072355637282e-14 -1.31382836387743e-14
8.96890946645371e-15 2.68638096617151e-15
1.94121630822318e-15 1.85619018195281e-14
-1.32791878067235e-14 7.74267332856313e-16
7.78245955014007e-15 4.67514028967592e-15
-5.36728366227568e-15 3.86629251328447e-16
-7.09478125349593e-15 -1.50147725349931e-14
-6.38735384629245e-15 3.73132155024951e-15
1.59838404558e-15 -2.37741929504778e-14
2.14047323252526e-15 2.68912085699445e-15
-2.58225763079152e-15 -7.98880535475598e-15
2.1200362732326e-16 -4.6524446125399e-17
-7.12424068098771e-15 -9.14825387391453e-16
4.05708627089552e-16 1.39071831171341e-15
-4.99099873060535e-15 5.07532635261207e-15
-7.58814936568946e-16 3.46905050391383e-16
2.35440237461999e-15 4.88810304566504e-15
1.36044108276549e-16 3.20393904194972e-15
1.00992804908539e-14 -7.45537175238752e-15
-2.14488279988035e-15 -1.18181938031923e-15
1.71933309992531e-15 -9.18289737620833e-15
7.7463908522767e-15 1.59962960624696e-15
1.71148069909083e-14 -1.88516617217418e-14
9.09290432900121e-15 1.63904295218439e-16
4.21534361066141e-15 3.3604391285723e-16
1.93563480758368e-14 3.33866509655365e-15
-4.17345962251399e-15 3.88050123195796e-15
-1.65939122284012e-14 8.21749083656975e-15
-4.71050683697404e-15 1.67781719274954e-15
-4.18781352901773e-15 -3.86629171121659e-15
-3.32221624627074e-16 -2.65690997108062e-15
7.30496331378103e-15 2.37602534220971e-15
-2.17460447712155e-15 3.60205868037157e-14
-1.28915414400296e-15 -1.29417981788914e-15
-1.71833560677391e-15 2.30560517343507e-15
1.08539579225555e-14 6.03776307834759e-15
1.59118976380995e-15 1.20456787360002e-14
-1.6732376613658e-14 6.78943533413009e-15
6.79288275412007e-15 -1.20477539005244e-14
-2.75056015275336e-15 2.17604009285183e-16
-3.2616943216463e-15 2.44500032523428e-16
2.53814324610005e-15 -5.43477464307923e-16
-4.23249560944773e-15 8.7759249603485e-15
-9.18547848659614e-15 -1.15189163124942e-15
-2.20389089541962e-15 4.67763274989271e-15
-8.61635102110825e-15 -9.09081844514004e-16
2.06388037948165e-15 -1.39069851245725e-16
-4.17954296902497e-15 -9.19257694509494e-16
-2.78669197059068e-16 -9.30419143484383e-15
-1.59059855939832e-15 1.46310288612835e-15
8.16774616711977e-16 -4.29412710971318e-15
5.19691682971405e-17 -2.653804324214e-15
-2.745614469365e-15 -2.10149602822099e-15
-5.78952088283409e-15 -1.44066159676117e-15
-1.00442288673469e-14 1.72504671752858e-14
-6.26373390819061e-15 -1.37867792601396e-15
-4.3022288086766e-15 4.54077382131855e-15
-9.68786072554706e-15 -3.93181722266192e-15
1.27777810441233e-16 -1.26932608561538e-15
-1.45784479537071e-14 -2.92919131744509e-15
2.82187791571418e-15 -9.44381354453738e-15
-9.58355170528943e-15 -6.52994480351339e-15
-2.13717096350577e-15 6.77540229326445e-16
-1.88058495233598e-14 -2.8691456260477e-15
1.31492618289371e-14 -2.28356111636491e-15
-5.74305616808701e-14 -2.01816981432319e-14
6.43938214093538e-15 -2.57066083713596e-14
5.04061766067146e-14 -2.3817149086208e-14
-2.57632103280328e-14 5.27529049986361e-15
7.91025906227336e-15 2.50875151254003e-15
-5.57733464113e-15 -3.09813379015157e-15
9.40584043075298e-15 -1.02393293150781e-14
-1.15764410804317e-14 2.98924533367604e-15
-1.08641340480971e-14 5.52574725357269e-15
1.80027595466479e-14 3.36003924839943e-15
-4.90011009572399e-14 -2.52782662321226e-14
-1.02063460544563e-14 -2.77629802667812e-14
6.23180668845122e-14 -2.08520758678478e-14
-1.27112708408423e-14 2.33312818576099e-15
2.47686684122779e-14 2.37223743309719e-15
-2.24648033967438e-15 1.24079254873649e-15
1.99037163714143e-14 -8.15276475132106e-15
-8.67664968062514e-15 1.01172445370772e-14
7.00721889156443e-15 -2.06870615533991e-15
-1.24782791755517e-16 6.55434573551685e-15
4.75356836410697e-15 -9.03487839336708e-15
7.30009578070064e-15 1.22392426686147e-14
4.58245952011076e-15 -3.53063811876195e-15
3.86140579703878e-15 1.95177800116836e-16
1.02354989809728e-14 -7.51686629574452e-15
-1.88109311280767e-15 1.97103727601523e-15
4.30533757661656e-15 -6.60771353241605e-15
4.52588320547548e-16 1.03698652941975e-14
4.95201974733855e-15 -6.38665994802753e-15
3.15534019970439e-15 1.32047367773322e-14
-7.87554363341013e-16 -7.76535653476739e-15
-2.17379852322003e-14 7.44166383719138e-16
-3.57016049694339e-15 -3.74818378972624e-15
1.20800614313646e-14 -1.67987789358797e-16
-7.30367799470324e-15 -8.21922413470915e-15
-1.14174804206068e-16 -3.5350828204987e-15
6.58507026475815e-15 -5.76577389970487e-15
-3.13558519539374e-15 6.84819783409603e-15
1.30522525909772e-15 -6.46674992313989e-15
-4.24266437634867e-15 1.01411828567268e-14
-9.22957924561962e-15 -1.11412159460596e-14
-2.95016792597592e-15 4.18049726142092e-15
4.85487699606966e-15 -7.74613947331824e-15
-8.45433518441427e-15 3.37671297938017e-15
-6.91537905282543e-15 -3.85872406674238e-15
3.79534970775601e-15 -9.35239072373867e-15
7.75571818795326e-15 -7.6118125763628e-15
5.07309630987867e-15 7.42771450362169e-15
-5.17616249115592e-15 -3.72063631763295e-15
6.63254869984537e-15 -2.35042480571846e-16
-1.00327638735053e-14 -7.82299507673506e-15
1.79007975792717e-15 -1.75288326946616e-15
1.12166089202656e-14 -7.38377424432486e-15
-6.13745719813969e-15 -8.65584129826355e-15
3.71248388453883e-15 -2.33716515070183e-15
1.30755667000067e-15 3.93157252625742e-15
3.03766280725041e-15 -2.39871504755583e-15
6.26099197255504e-15 9.11919243689351e-15
-5.63714570237037e-15 -1.28120948111767e-15
4.67766138263035e-16 5.704895452417e-15
-6.22200277470349e-15 -5.78212684095907e-15
4.78444192733717e-15 -1.00725704266943e-15
-7.12792342220731e-15 -3.86281283642348e-15
2.15576188556083e-14 5.23366720152826e-15
-2.35929423223235e-15 -1.88885240715196e-15
6.80447716001409e-15 -1.14192501033211e-15
-2.08503294223187e-15 -2.79291032346926e-15
4.34911555583279e-15 -3.83945571329433e-16
-4.99605956638563e-15 -3.62170304841421e-15
5.49418057390367e-15 7.94806140125387e-15
-1.05484160652202e-14 -3.95705638162053e-15
7.48588900549018e-15 -5.01660549733645e-15
-1.72600665798377e-14 -2.61263186807296e-15
2.54806131641032e-15 -3.21128929289306e-15
-3.73498203020892e-14 -3.38820890101398e-16
1.12579197269801e-14 -4.68476662494952e-14
3.19521546480482e-14 -1.43327775281414e-15
7.08838446495162e-16 -1.84854016314368e-15
6.66861839136163e-15 -3.30932674082551e-15
-4.42885967531879e-15 9.38626358895e-15
-5.57615662816896e-15 -3.63296009525192e-15
-8.0282487944366e-16 -4.13627339604823e-15
-1.21919314228874e-15 -1.53276475988968e-15
-4.62547976797019e-16 -5.09885729986426e-16
-2.99113648749534e-14 -1.00967616932867e-15
-1.27675647831893e-14 -1.15463194561016e-14
3.7843851133556e-14 -4.35827396108043e-16
-5.52621947282316e-15 5.30619365091433e-15
1.00840449911515e-14 -7.97322281932441e-19
4.01674343154693e-15 -3.17800719108953e-15
4.41527093978383e-15 -3.20403426012916e-15
-5.54935181994171e-16 -4.81596226542534e-15
1.56959401525833e-14 -9.78559598249204e-16
1.83377013696006e-16 -1.12714310588741e-15
1.28167255262604e-14 3.68567192133049e-16
-1.27675647831893e-14 -1.15463194561016e-14
1.25801253621396e-14 3.82093519123989e-16
2.44842806697443e-16 2.98898132215298e-15
3.78910029274326e-15 5.13493539259054e-16
1.44167378220977e-15 -2.3908548519213e-16
2.46245418733293e-15 -2.28618729859479e-15
-1.28183233368749e-15 -1.36404650800616e-15
3.10663425609385e-15 -5.35448246487329e-16
5.92013196825624e-15 -1.23997748069129e-14
7.56766628477736e-15 -1.44415649609888e-15
7.41251341688258e-15 -5.85360522421096e-16
7.50893721298646e-15 2.45601683416561e-15
2.98860987665508e-15 1.54686505151238e-15
9.47537629513801e-15 -2.42969642640063e-15
4.6922244122264e-15 8.97154565074378e-15
1.98055368483119e-15 -6.49175554157946e-15
2.79187542698127e-16 -4.61846460759378e-15
4.40818327716524e-15 2.09003088097631e-15
1.01674744683916e-14 -1.38603126245992e-15
1.35639788225905e-14 -5.33879317935344e-15
-2.73353545967834e-15 1.60487338195603e-14
-7.37595028836549e-15 -2.22644355420945e-15
-1.47819020190423e-14 -6.37918446651959e-15
3.86968790424285e-15 -3.90888051435059e-15
4.02648118362867e-15 5.50845513065173e-15
-5.86696599904746e-15 -2.40236067036744e-15
-2.53704170069698e-15 -2.11325298166295e-15
8.37091057711305e-15 -5.60978770100281e-16
1.77459267376778e-15 4.20319052646535e-16
1.29931977043998e-14 -3.27515744911567e-15
-1.21190918538724e-14 2.50542126784247e-14
-1.2843867543932e-14 -2.17027567890845e-15
7.54275412033854e-15 8.51684420604159e-15
-7.67733710817724e-15 2.18796148599328e-15
1.93906387762802e-15 2.7689821648057e-15
-6.28778870507584e-15 -3.35912413271083e-15
-1.25223588861699e-16 7.86727190392765e-16
5.98584718333106e-15 -3.02508735385713e-15
-1.24280875309733e-14 -2.55894883229918e-16
3.89144303791333e-15 7.89610239542976e-16
-5.58710716127397e-15 1.98621939948206e-15
5.17095125846292e-15 4.43896808372993e-16
6.0191496945854e-16 3.99608569499877e-15
-1.31549295984889e-15 -1.49831125923998e-15
9.36805076409892e-15 2.79311097768625e-15
1.53457704984268e-15 -3.83993305694848e-15
5.88826931685401e-15 -3.54055969883404e-15
-3.67132849358645e-15 -9.25074525920051e-16
6.57921912299724e-15 -1.07569178227587e-14
2.65973247815017e-15 -1.88166641096744e-15
6.11508619990741e-15 -1.34139076830843e-15
6.03232985605323e-15 -2.32281314963205e-15
3.7621308392979e-15 -2.1009142472449e-15
-6.93804775148849e-16 -4.02855633501005e-15
1.4555332848712e-14 9.29575611462892e-15
-4.24705277964964e-16 -4.22598558405913e-15
8.40097761530467e-15 -9.65090569984079e-15
-8.43953249365858e-16 -1.2665754106074e-15
4.36863387561333e-15 1.93581914725312e-15
4.54451890121918e-15 -3.14219475438154e-15
-1.77362618383851e-15 2.44011946956659e-15
-5.77215815542629e-15 -8.1357423134106e-15
-1.23976578318533e-15 3.71643640668604e-15
-3.47439954475333e-15 -5.29997765015821e-15
3.49886152474311e-16 5.41335413000225e-14
-7.35917193304805e-15 -1.73312135392637e-16
-1.98892160963956e-15 -5.16771920321544e-15
2.45098031787674e-15 -4.68511844110197e-15
-5.47676944432635e-16 -7.1027907697694e-15
1.45932754309405e-15 -2.52743602022606e-15
4.40580950572909e-15 6.35815693666243e-15
-1.10939544218245e-14 -1.96885284186453e-15
-8.20067704816825e-15 3.65283436242387e-15
-9.80165045612324e-15 3.23099308406713e-15
-2.98009606090572e-15 3.65347912435359e-15
-9.0142299357756e-15 -2.16658083887187e-15
-3.99039632531777e-15 -3.53965404884498e-15
-1.05937192331194e-15 8.42245279488599e-16
-4.51678981406379e-15 -9.94213828100472e-15
-2.29581358686228e-15 -6.08315101157507e-17
-2.40577991697773e-14 6.10701502396104e-15
1.37016965105755e-15 5.81798633604024e-15
2.60975822452847e-15 2.86630920321555e-15
-5.63364636926268e-15 2.30905171000092e-15
2.20522758891282e-15 -1.87299426716092e-15
-7.67000840666839e-15 -7.01867087548256e-16
-3.42649608370065e-15 -2.31106830235218e-14
-9.53687086230086e-15 7.68176937384673e-16
-1.1632400458749e-14 -6.57360786417592e-15
6.6768914823921e-16 8.78648410478359e-15
6.73205506569149e-15 -7.08819570673082e-16
1.98445600684648e-15 -7.19073681457886e-15
-1.66111087943e-14 -5.12121828260473e-15
-2.71284498886247e-14 1.59446564856693e-14
3.10198525613095e-15 -6.31978764001494e-14
2.45237779597288e-14 2.15515334092074e-14
3.10653079022046e-14 4.86548255905182e-15
-4.53827063608987e-15 -1.39861730983121e-14
-9.58307207145313e-15 -8.85913611122279e-15
6.25979545735087e-15 1.66089095314994e-14
1.79970653908686e-14 4.44275649657617e-15
5.10689982627591e-16 -1.89204669331786e-14
-1.62420437044297e-14 -1.26781488849e-14
-2.31400546349187e-14 2.43786982504808e-14
9.28335969398983e-16 -7.0301762837437e-14
2.59026889447248e-14 1.60619539577661e-14
1.80738074534282e-14 -1.2408566929684e-14
5.57517060294713e-15 -1.05310929604988e-14
-5.26399722349433e-15 2.58683722134378e-15
7.35643989218933e-15 8.49812563863782e-15
9.04939829070259e-15 1.1277657608997e-15
3.03267311777696e-15 -2.68530822901372e-15
-1.29534716043469e-14 -3.82906829764388e-15
2.30262328933085e-15 4.64937058938667e-16
4.57845743580923e-16 -9.63859300345169e-16
-3.78486806020425e-15 -3.38946475816385e-15
-5.33184458814415e-15 -8.14716809441171e-15
5.94642379658145e-15 3.65886463213704e-16
-1.75392762625918e-14 -2.66530704109875e-14
6.19329390901251e-15 -4.64445039729177e-16
-1.33899179874945e-15 5.54711308361413e-15
7.02567802469562e-15 1.4123062833973e-15
-2.38902586403946e-15 3.93125169203501e-15
-5.27107170348866e-15 8.95323361889042e-18
9.75852643469997e-16 7.65813640683942e-16
-2.24901709427994e-15 7.32385524939217e-17
3.33702605766462e-15 2.49732177737798e-15
-2.06153296254802e-15 -2.91975148813299e-15
-1.43897770834272e-14 1.28413704151945e-14
6.66433401905493e-15 -1.80022293923401e-15
-1.04041442415578e-14 6.38020200034444e-16
2.90736566058392e-15 -3.38121868931283e-15
-5.39868893096413e-15 1.87652610909508e-15
-2.26525127303877e-15 4.76781988869033e-15
9.38120979512228e-15 -3.00736073410644e-14
2.87480573468397e-15 8.56058867290997e-16
-1.37976144425254e-15 -2.54920065969735e-15
-1.30544418205435e-15 -1.69596429574552e-15
2.51933290891796e-15 -9.62303772248665e-15
1.01425457223012e-14 -7.35812987931004e-15
1.4570349979219e-15 9.03834731213286e-15
-3.07417092452973e-15 -1.48598587778423e-15
1.82300186760333e-15 5.85438541498879e-15
-3.19492360564599e-15 -2.6684824969938e-16
-4.48871393653303e-15 -1.53478026821551e-14
4.17672246858687e-15 1.91835421484009e-15
3.72937444707671e-15 -6.8247996791229e-16
4.98087724125578e-15 -3.73008484133799e-15
3.4934683608907e-15 2.44928335362285e-15
1.68924406232092e-15 -5.05795618886795e-15
-2.86395122744198e-17 1.37073505751718e-14
-2.53607341752409e-15 -3.8012538884893e-15
2.48396769618125e-15 6.42392315790872e-15
-3.88212350789012e-15 -4.25300960930553e-16
3.18662573942652e-15 8.84681715078748e-16
-3.80862243763712e-15 -5.87320426567668e-15
-1.34844182142407e-15 -3.55093984439343e-15
4.30698235228159e-15 -3.82229735190574e-15
5.40093360074958e-16 3.48944870652861e-15
-2.94814076584904e-15 -4.7436264938346e-15
3.60852129575737e-15 6.0416169922415e-15
5.84855802543216e-16 -2.27074755334505e-15
6.85339244396248e-16 6.98811854936612e-15
-1.1481572521441e-14 -3.0045536801342e-15
6.0898462505102e-15 -2.18095331895203e-15
-1.88329194199343e-14 -4.51492580518033e-15
4.14301212418709e-16 7.59671616429026e-15
-4.43863253962992e-14 -2.96676998101159e-15
-1.47088704014647e-15 -7.18509579101528e-14
3.99036829610346e-14 -1.5549484913395e-15
1.32677312871337e-15 4.64091682966353e-15
1.12557065691989e-14 -2.76235388596436e-15
-6.44390319632146e-17 3.1511064247367e-15
-5.54566471863022e-15 2.63390366550871e-15
1.69961582026416e-15 -1.14896757036244e-14
-5.56337626706308e-15 -2.57025803518892e-15
3.62984032149775e-15 1.90516178395949e-15
-3.74133874363442e-14 -3.8179051857684e-15
2.20652178757999e-16 -6.27126743778168e-14
4.18163961611816e-14 5.06170930958866e-16
9.37140598007619e-15 2.259244834802e-15
1.30766770453749e-14 -4.64252804658865e-15
-2.66499421859166e-16 -2.99857784266608e-16
4.44771971237429e-15 1.6831135351471e-15
6.21711086581544e-15 1.15467546831277e-16
8.66668041514219e-15 7.13015455256245e-16
6.63546219202313e-15 3.88439855544562e-15
6.08985057377475e-15 -1.52482244465618e-15
8.50693275041722e-15 3.73837789070426e-15
7.20171221587148e-15 -3.048251681413e-15
-3.83831556406591e-15 1.0055183297132e-14
2.74382519748382e-15 -4.22973237182511e-15
8.45317466851006e-15 -8.31690148582374e-15
1.77218918630661e-15 9.0342923074116e-16
6.2676084999655e-15 2.0737277444735e-15
-2.94154760083467e-16 -3.89531567373046e-16
7.17904594733414e-15 -4.08470224701235e-15
9.96511939007283e-15 1.39877471106797e-15
5.7605493939497e-15 -7.38287262944075e-15
9.12135136732636e-15 -1.02564783660229e-15
-3.72658263490298e-15 8.92169369729487e-15
1.27531362115049e-14 4.16506686976893e-15
7.18505750805564e-16 -2.85914769151377e-15
-3.70548753270865e-15 5.00728829189688e-15
8.92106903637488e-15 -7.29450666911991e-15
3.41968332430235e-15 -2.67391130227578e-16
7.63075981759986e-15 -1.17564020575558e-14
1.437549560495e-14 2.21027179599109e-15
-9.4148352419563e-15 1.91752010920192e-14
-7.56163400569832e-15 3.84232892060745e-15
-7.62645206071422e-16 -6.32560205245556e-15
3.03652951463166e-15 4.74461106835576e-15
-8.80283110567232e-16 1.65616514070615e-15
-4.71651360332869e-15 7.96119816166921e-16
-1.14330862470598e-15 -1.22724845243041e-14
6.43422499107216e-17 8.38601578019477e-17
7.58036339560415e-15 6.49518829178918e-16
9.17688660463989e-15 3.59647044230398e-15
4.76059932758567e-15 1.37561681512726e-14
-8.69526897109703e-15 1.89401791897926e-15
2.11974726853687e-16 4.79877849786036e-15
-3.07351846057665e-15 -3.0726140835147e-16
1.41144758314017e-15 -6.32605146676038e-15
-3.48965886360898e-15 2.5630353295927e-15
5.66825933146559e-15 -9.26246731373015e-16
2.13358973573627e-15 2.91482635527217e-15
-8.37760793049022e-17 -1.99685750707293e-15
5.34710679315169e-15 8.50257308145002e-16
5.86025770002048e-15 -3.14048648762571e-15
5.87166709563287e-16 2.39526032417707e-15
5.69227548512232e-15 2.73817751980792e-15
8.89360132071038e-16 -1.62604411937361e-16
1.07757837876659e-15 -3.64398776042897e-15
-1.40528490768099e-15 3.95653781250345e-15
-8.11584768593876e-16 -5.45989457152479e-15
-1.62359426430425e-15 2.64948208158479e-15
1.29434906617692e-15 -2.36844177257904e-16
1.22354223311837e-14 1.8405812624758e-15
-1.96475866063115e-15 5.91059610350801e-15
1.13255696420981e-14 -2.56103687986116e-15
-1.17061191517715e-14 -7.67450268965847e-15
2.43884877664806e-14 7.64055020193623e-15
-8.02045213805919e-15 1.93989504252535e-15
-1.59136752139732e-14 7.83188321884079e-15
6.17988908747659e-15 9.59897357290687e-16
-5.76772705027806e-15 -2.10159425315539e-15
-1.52859109267708e-14 8.2701431850957e-16
6.28514116035441e-15 4.68030794352911e-15
-3.3077443080724e-15 -1.09743387243203e-15
6.8381780132085e-16 -3.92740684093037e-15
-1.19179523136355e-14 -1.42429314467463e-15
1.47026749816664e-14 7.34805509775442e-15
-1.91898990807858e-15 6.50556570295025e-15
-1.83598810317298e-14 5.37032474372235e-15
5.45803577173671e-15 -8.87371113298902e-15
-3.55779770397991e-15 -1.77354036888685e-16
2.49084560155338e-14 4.10213812608142e-14
4.41204370545124e-16 1.11614268776554e-16
-9.63134380608356e-16 3.96891202711296e-15
-7.48079222869138e-15 2.74883346616458e-15
5.17188226657894e-15 1.34759677579916e-15
-7.94587651796345e-15 -2.7358563766996e-15
-9.12159202329745e-16 2.57278738188118e-15
-3.97202513342645e-15 8.92329973787167e-16
3.67681538017628e-15 -5.83479799004635e-15
5.32480346042228e-16 -2.46683791892455e-15
-6.10540420931416e-15 3.1284266292093e-15
-2.77401606109153e-15 -2.59098486972711e-15
7.68112691241888e-18 4.45406486874216e-15
-2.6410614283102e-15 -2.53828339913329e-15
3.91684305038737e-15 1.36867917102392e-14
-6.77275649865808e-15 -3.86611642155816e-15
-2.21791142097471e-15 6.86226016982986e-15
-7.90398513888559e-15 1.06701829275926e-15
-2.02843437915331e-15 -2.3803682341185e-15
-1.1825895022195e-14 -3.8930234281863e-15
3.62489238055936e-15 -1.37210865056645e-15
-5.1820352713716e-15 -3.93784514581155e-15
7.04434634561933e-15 -2.56317468310325e-15
-1.26866258879962e-14 -5.23860841852594e-16
1.07014865388837e-14 -2.29300575498582e-16
-3.82878316183676e-14 -1.61958229796339e-14
7.45866439277085e-16 -2.3695358617516e-14
3.1868580476096e-14 -1.85680554528682e-14
-1.34860687237847e-14 6.58968955623572e-15
3.7582435154256e-15 3.4084542269261e-15
2.66330281979438e-15 -2.54832648769075e-15
7.90456761194908e-15 -8.52142143129394e-15
-1.10931566096494e-14 -5.99612173917275e-15
-9.65710162260041e-15 3.50053116204481e-15
1.37129673010381e-14 1.58094783501834e-15
-3.6964610501432e-14 -1.68206082595922e-14
4.57305081711155e-16 -1.51013424672676e-14
4.44323869168808e-14 -1.37066150812244e-14
-1.68271457396115e-14 -5.33062822345267e-15
1.82105028842806e-14 1.26964630472652e-16
9.14290170581979e-16 7.76514930985952e-15
1.36409431919615e-14 -5.98459895669996e-15
-1.0898552156717e-14 8.22692069384824e-15
1.41467853907875e-15 -1.37967239161655e-15
-6.45635150643885e-15 1.88420848085542e-15
1.29320182881628e-15 -4.1685573408983e-15
2.22752078184248e-15 1.62722516078251e-15
3.93487238829366e-15 -3.99725990691919e-15
5.32184770285846e-17 2.14279158503254e-15
3.89695672463964e-15 -2.07028312253307e-15
-1.15220102430332e-15 6.65490330545042e-15
4.61981924311516e-15 -2.87829561559982e-15
1.80466373067193e-15 3.28706433708278e-15
5.50130699543351e-17 -5.63941159299674e-15
1.55710641117254e-14 1.17237506711395e-14
-2.5015730755696e-15 -6.36895754565452e-15
-4.63146314683368e-15 1.1711998346471e-15
-4.50740334176513e-15 -2.87188314061679e-15
-1.85873357296594e-15 -1.14209421267111e-15
-9.1228975234465e-15 -4.33758758756403e-15
3.28885192499097e-15 -9.62651232312631e-15
7.14496433901605e-15 -5.34000453574227e-15
-6.1698154148624e-15 -1.94285042326397e-16
6.60354155175409e-16 -3.15889393304652e-15
-1.75747103136844e-15 3.18001194123771e-14
-1.11390726813838e-14 -4.20149780832717e-15
-1.13794299802861e-15 -9.84515179675965e-16
6.38256140433332e-15 -5.11621937690008e-15
1.86301166324048e-15 3.89363120163698e-15
-5.08659446297523e-15 -4.36877236344791e-15
-9.24786257331962e-17 -1.24573957188683e-14
9.11732821980343e-15 -5.65030813495648e-15
5.91812409283541e-15 1.21701517956342e-15
-2.56222460301024e-15 -7.78036836020899e-16
2.00637705677938e-15 -9.47635334790033e-16
-9.6599828902199e-15 -8.25374484296408e-15
-1.48076327331114e-15 -8.32519410543439e-16
9.86741847714625e-15 -6.19406456827901e-15
2.11458470606835e-15 1.01806390629185e-14
7.50549879264849e-15 -2.9042852410578e-15
5.13641481433593e-15 1.95338254446742e-15
3.02935052936707e-15 -2.96781082631807e-15
-4.78161387840682e-15 7.55138359698328e-15
-4.35870391231793e-15 -1.36581377876615e-15
2.81262868020373e-15 1.17104699747631e-15
-4.29362269112425e-15 -4.6968671648256e-15
5.45597163774841e-15 -3.78536885828958e-15
-3.39290210545559e-15 -1.79918004930627e-16
5.91227565824784e-16 -6.97145687694225e-15
-9.78695685574338e-16 -4.21904450381799e-15
3.47102867932782e-15 5.36611279746744e-15
-3.70456447337853e-15 -2.8393485167007e-15
7.01278818515996e-16 5.07597357284418e-15
-6.32306746374687e-15 -5.03164782794881e-15
-5.70454986898975e-15 1.14740992140861e-14
-1.34515048986786e-14 -4.98418994679872e-15
-1.59730787016763e-14 3.06574858444234e-15
-2.26585428574358e-14 -2.08823323914953e-15
4.11551026053028e-15 2.27698600611608e-15
-5.85706127052272e-14 -4.22123834764608e-15
-2.52036061496778e-15 -8.00655000948668e-14
4.72512426110552e-14 -2.9308618399246e-15
2.67712230129881e-14 1.5808021532269e-16
1.18952602513545e-14 -6.66801406180721e-15
5.31949207701671e-15 1.89328119640341e-15
-5.2271386168821e-15 -9.75746841726559e-15
-2.75456533483301e-15 3.15322552023997e-15
-4.35692515826305e-15 -3.40374889381808e-15
6.59919205043583e-16 -9.22732471540078e-16
-4.48888825925693e-14 -4.49637075958043e-15
1.29368380591213e-15 -7.61813158899331e-14
6.15424190618809e-14 -5.59757574890037e-15
-9.59936644340692e-15 6.11472596577732e-15
2.08083049216527e-14 -7.32140633996078e-17
6.76041935476498e-15 1.86790770439774e-15
9.46892477549335e-15 -4.05003472801337e-15
6.25874326912215e-15 -4.57517177604564e-15
1.64997109753316e-14 -5.98911282679598e-15
-6.92302558147593e-15 -1.76791789497166e-14
1.33665532263574e-14 -2.81076189096245e-15
6.27294153282945e-15 8.56751137766709e-15
1.10317639935131e-14 -1.14891024434362e-15
-1.22501948720992e-15 9.55661618229481e-15
3.46970454691366e-15 -1.67696960499131e-16
4.56927343289069e-15 6.00584375591013e-15
3.39116545397782e-15 -5.40463556942902e-15
1.23760268902202e-15 -5.67366865922328e-15
3.96733476370629e-15 -3.37853388448558e-15
-2.93932904005489e-14 4.3248673486499e-14
5.23405130158128e-15 9.95060690254524e-16
3.60634076859981e-15 2.64923256498353e-15
9.95953913351821e-15 -1.58119609915895e-15
1.26006131864785e-14 -1.88789473495251e-15
5.9347099179912e-15 -5.35092628172449e-15
-1.15929416804693e-14 2.10663230481197e-14
3.17802312172616e-15 -5.40410333826128e-15
-8.44280443331469e-15 4.65847298033404e-15
-8.0584479860464e-16 -1.12994641006204e-15
3.49022021668668e-15 -1.32791140606089e-15
1.17036966637508e-14 1.55937416489399e-16
3.67307410719102e-15 1.9633778086247e-14
-5.18498155670692e-15 -7.23778696360953e-16
6.81474500143155e-15 1.96504049767749e-16
-1.82122334622414e-17 -7.21045452923215e-15
2.07844346693704e-14 1.81668458175087e-14
-2.89371135901484e-15 -5.44320421133906e-15
1.38790201561825e-15 -8.30745757724301e-15
5.56007846054278e-15 -3.85966147672091e-15
-1.32331943826693e-15 5.00454842875572e-15
9.39922514797538e-15 -1.07367994897061e-15
1.27523343155173e-14 2.05912959343746e-14
-6.90902464687478e-15 -2.55568050455352e-15
5.50412320383474e-15 -8.52989747972721e-15
-6.12785614860609e-15 5.96315948200703e-16
-1.45120489393689e-15 -2.27203612896526e-15
-8.50932785832374e-15 -1.61493894557254e-15
7.97595504333376e-15 -9.8030863534399e-17
2.87532519813235e-15 -2.30230838615035e-15
4.38574153771488e-16 1.23649808972593e-15
2.62564630154707e-15 2.67490521910843e-15
-2.12610186353906e-14 7.88847479820833e-15
1.18192528052023e-15 8.96063744273887e-16
-2.57739001453755e-15 6.10592180524043e-15
-3.07091161675147e-15 2.74156712321461e-15
7.13822189070217e-15 -3.83811896606878e-15
-3.55587074811113e-15 -2.27952385923882e-15
1.00033705148877e-14 -4.83359728404621e-15
-7.59466280049102e-16 3.04325025218059e-15
4.34314558614409e-15 -7.70367748324316e-15
4.86504951206225e-15 -4.00804392322073e-15
-4.19708273812917e-15 -4.78268210405939e-15
9.27600157398559e-16 4.61034844988191e-15
1.11282255791807e-14 6.60581816572146e-16
1.06730278152041e-14 -4.74072226423464e-15
1.05644992254862e-14 3.15718987040044e-14
-1.12061718986853e-14 -8.90083584361139e-15
-7.52916514873715e-15 7.30599227951042e-15
-1.09327122360013e-15 8.77002748425696e-15
5.2037566088929e-15 -6.27918992250565e-15
4.09841998839015e-15 -4.92499309102787e-15
-4.68404458276649e-15 2.1323636565954e-15
-1.26697074101905e-15 6.88029819169495e-15
-7.08977940597281e-15 3.15304937162848e-15
8.96822010656527e-15 -8.16076317762376e-15
-6.98982046451385e-15 2.32425318113304e-14
-1.42846270911343e-14 -6.23959423088663e-15
-6.22389697887557e-15 -6.20602480181085e-15
2.09834442123518e-15 7.78524298135173e-15
5.22946461106558e-15 1.14085246918559e-15
4.22728015957111e-15 -3.7879432713163e-15
-6.91924933979624e-15 -2.05936539635763e-16
-1.0651168069675e-14 2.68422720015384e-15
1.16640161383587e-14 6.13721974957452e-15
-6.30674244706667e-15 4.65341707231451e-15
-1.93948408358539e-15 -1.81042932648701e-16
-3.81973034782381e-15 -5.16887398143232e-16
5.12359449272149e-15 -3.28854690686781e-15
5.78982469127567e-15 -6.72369225954815e-16
-7.96701827866423e-15 -6.65415151854483e-15
4.18028805012513e-15 1.25381993960505e-15
3.55002955298588e-15 -7.69073089627159e-15
2.50990590647373e-15 -4.10143778790568e-16
-5.3767127721052e-15 -3.51763851366844e-15
-7.79475725501522e-15 1.44028413847135e-15
-2.40359083487209e-15 1.6985333803148e-15
-2.8717104656419e-15 -3.2408894877405e-16
-1.29834170232784e-14 1.83576956852561e-15
-6.40388283102641e-15 6.45334273192326e-16
6.08604831836897e-16 -3.85937251058088e-15
-1.56843921901418e-15 1.72645226371491e-15
-6.77464006944014e-15 2.93469442426822e-15
4.19758938747134e-15 3.07393717759983e-15
-4.49725478668029e-15 5.37166823017503e-15
-1.35712017587363e-15 1.17700261881069e-15
-1.07219263737611e-14 -7.41065640652603e-14
-2.14530685458749e-15 5.82663622768464e-15
-4.79504669541296e-15 8.76365720505945e-15
-3.91071218453344e-15 4.10411788738341e-15
-5.63370151573703e-15 -2.59255892128717e-15
5.01791223880083e-15 4.18295258239617e-15
5.88437000770622e-15 1.20092739588579e-14
1.56014266877968e-15 2.55929438570091e-15
9.49847274230081e-16 7.88599531589828e-15
1.29798169144844e-15 1.66336115444789e-15
-2.34897986811157e-15 -7.0267531144261e-14
1.66331989492357e-15 2.24609354499501e-15
-2.90479511682323e-15 -2.37390171190203e-15
7.5562987722341e-15 2.49706204379855e-15
5.55974435668358e-15 3.64346869582153e-15
7.81777421291885e-15 2.08073047447864e-16
1.21170521079521e-15 3.27687542494165e-15
1.486091611538e-15 -5.63362952448384e-16
3.0300395028474e-15 -2.93473807401322e-15
6.08723218178318e-16 -4.81398565673115e-16
4.24326885960672e-15 -3.58747285873886e-15
-2.41117424360802e-15 -3.80079458833557e-15
1.53354763407377e-15 -4.45575708146681e-15
3.01698365965708e-15 -4.12968347761429e-15
-7.50858551799222e-15 -3.50910795085342e-15
1.65032963500789e-15 -2.624595304751e-15
4.6897895519932e-15 9.92638662602199e-15
7.95207799353179e-16 -2.06813425209882e-16
-3.08340531954463e-16 2.95473438636574e-15
-6.27570603172073e-15 1.15751745313186e-15
3.42053424596242e-15 3.24594752908552e-15
-5.73310375314956e-15 -2.2203559483366e-15
-1.90000332122961e-14 -1.38620075836059e-14
-6.40367610336289e-15 1.46966295649846e-15
-4.19315088425123e-15 -9.84805555971185e-15
1.13014481492978e-14 -1.54470844605058e-15
2.77750576976964e-15 -6.35721933208832e-15
6.73054309169755e-15 -2.38251208854879e-15
-4.62514434202191e-15 -3.03517372127358e-16
-7.97558959541819e-15 1.54476269547371e-15
1.64569934757401e-15 -8.76145030999217e-15
3.96689764563752e-16 1.47697453715156e-15
-1.90000332122961e-14 -1.38620075836059e-14
-9.69479830134508e-15 -4.9075477915712e-15
-7.06943135790418e-15 -6.01697284906056e-15
4.91813130098709e-15 2.10854249861537e-15
1.32305497254639e-15 8.10968500368249e-15
-9.53572237416826e-16 -8.07439485377071e-15
-6.58382890915789e-15 7.28490910075889e-15
-5.2770090888133e-15 2.28634534104679e-15
3.12092369492118e-15 -1.04724075582135e-14
3.31163669579629e-15 1.27316077332771e-16
4.76927272580514e-15 -4.25715165676081e-15
9.63466090231159e-16 -6.46549135754206e-15
2.66821024949163e-15 2.79444902154985e-15
-6.79110617025825e-16 3.51634773153741e-16
9.14519426954698e-15 5.17393211504037e-15
-5.07254548797451e-15 -4.66199103839233e-15
-7.13804063483723e-15 -7.64376506990584e-15
-8.418152919124e-15 -3.91554368250617e-16
1.12094658747704e-15 7.42422730103467e-16
-7.14727800450619e-15 -6.33269886758727e-15
-1.26699627881877e-15 -4.7155708793799e-15
-1.82564276735844e-15 -2.69942037157096e-15
6.61836253915452e-15 -2.84900577350655e-15
-4.62487599384879e-15 -5.2242830640303e-15
-7.47739241390327e-15 2.33192344430194e-15
-5.99748455228372e-15 -2.5128119796091e-16
-3.43778859059689e-15 7.07672102732529e-15
-2.2473704171621e-14 -9.89978229644904e-16
5.32875889329459e-15 1.0613155499497e-14
-3.1798779894744e-14 -2.84779867485906e-15
-4.47220514087651e-15 1.01827379260589e-15
-7.58730333088425e-14 -2.36941518689081e-15
2.7063333960382e-15 -1.16556177155401e-13
6.70143898036285e-14 -3.88929418387239e-15
-4.19777075962393e-16 1.40105865973686e-15
2.0577137688049e-14 -1.42150359199983e-15
-2.34914616365907e-15 6.18965754401909e-15
-6.97606889831258e-16 1.20754200511609e-16
6.94340073814999e-15 -2.54549085796461e-15
-1.30135519125378e-14 2.71588314221056e-16
4.02288326310364e-15 8.36468159990515e-15
-6.36247631064015e-14 -3.11311216061074e-17
5.19386900603022e-15 -1.18529066824175e-13
8.33975937172384e-14 -3.38132087359261e-15
-3.00180915579579e-15 5.5563975932555e-15
2.48132241138764e-14 -4.36991226349826e-15
-4.03942502765884e-15 1.60696520626759e-15
1.76587429087318e-14 9.90984973835488e-16
3.72591345242307e-16 -7.61222524471791e-16
1.64650127424531e-14 -3.78833749587254e-16
6.35450690305475e-15 6.93231119604853e-15
1.80967294259474e-14 -4.82177511929387e-15
-1.0287547168812e-16 6.79179619974775e-16
1.19149654054599e-14 -3.52129056078116e-15
1.02714968547243e-14 1.35914945026412e-14
7.31659065403972e-15 -3.98714582854291e-15
5.49929372475226e-15 3.72392350096416e-15
6.19905696458533e-15 -1.08880334832457e-15
-2.77416772016153e-15 -3.39807311539425e-16
7.41934979567925e-15 -5.26142781360418e-15
-6.11977580592167e-16 -9.60532133701825e-15
1.31461438146669e-14 -2.667749018872e-15
4.03811487148207e-15 5.08453358973546e-15
9.50777814063795e-15 -3.02512842254329e-15
1.41141365738925e-15 -1.75447818004194e-15
1.62796278174034e-14 3.0566664401093e-16
9.48655900286463e-15 5.74450420813097e-15
-1.39969892374591e-15 -2.43374800838181e-16
1.07311573654905e-14 5.8598423783131e-15
3.77540824070061e-15 -5.06271277141201e-15
4.84951508299797e-15 -3.69914617338979e-16
1.34080403153587e-14 -1.77355044377219e-15
1.07330820919302e-14 1.38223828067931e-14
-4.86158435709476e-15 -1.36535827180368e-15
-5.72402215973681e-15 -1.06929938659931e-15
5.28956301393918e-15 -1.39032613537365e-15
-5.76348670635418e-15 5.64937679614593e-15
-8.1385846067726e-15 1.40433061885958e-15
5.45617767209338e-15 -6.35574040228814e-15
1.59236412917161e-15 -6.84316927899524e-17
8.52393639657093e-15 -5.43888313970396e-15
9.64721920699841e-15 -1.06438656961249e-15
5.66090491148359e-15 1.54345415027876e-14
-1.18959059014904e-14 -1.97084415690029e-15
1.00102194488653e-14 3.94045869505978e-15
-5.974502713918e-15 -1.50757771130622e-16
-1.07016005429259e-14 -1.23748838257112e-15
-3.7637270302454e-15 3.10553545136382e-15
-7.89236464424321e-16 -5.05454935607228e-15
2.02907701561739e-15 -9.34966070457755e-16
2.24391743053953e-15 -2.62576988313647e-15
1.76063700301542e-15 -7.7819273729968e-16
5.77866936171644e-15 2.19717926588021e-16
2.22813559518235e-15 1.07562895640891e-15
3.70829994504382e-15 1.79557278571211e-15
-2.45618861960779e-16 6.17399053663558e-18
5.9903507996176e-15 -1.07400512001423e-14
-1.07069814773894e-15 4.94678657051457e-15
5.32787096026961e-15 -2.62050558423091e-15
-3.39502354384946e-16 2.11473916571288e-15
3.08268894108872e-15 -4.85780245395172e-15
3.21831054385866e-15 2.24643935727376e-15
5.67023557971738e-15 1.40394506557142e-14
1.02565718853034e-14 1.28274277527211e-15
-4.74330343769063e-15 -1.75486318344669e-15
2.13266840366223e-14 9.17356165711375e-15
-2.91258645849333e-15 7.36731830288652e-15
-2.23180498326225e-14 8.45211416592213e-15
4.65238651582246e-15 -4.36857759276474e-16
-9.99190432158146e-15 -9.32395953885738e-16
3.34130733214669e-15 -1.19979744729713e-14
6.08458509359041e-15 5.65609397062345e-15
5.59636279038784e-15 -8.86226951820948e-16
-2.85435161789609e-15 1.58537923417876e-15
-1.29903744542397e-15 -4.65430729651306e-15
1.78338480844441e-14 7.21411265127931e-15
6.47302304413234e-16 6.76544553029118e-15
-2.44323924276522e-14 9.83075036847871e-15
-9.60824023165847e-16 -6.41705880097798e-15
-7.55940036241941e-15 3.34438481408447e-16
3.6850317713751e-15 5.89251485931417e-15
9.44239406433007e-16 6.78646593455215e-15
-3.37186259248183e-15 3.22478894310713e-15
-9.19507596924047e-15 3.84098076682272e-15
6.8388725396847e-15 -4.25793657568001e-16
-5.71451222368049e-15 2.36173997858064e-15
-1.81518856413191e-15 -2.76534682791002e-15
-2.18583092794113e-15 3.50406714085083e-15
1.37576837747886e-14 4.08284914113728e-14
-1.33657773456215e-15 3.80642985200994e-15
-2.3545308714775e-15 -1.98096708148644e-15
1.10711033001403e-16 2.52085977918418e-15
-5.90005811123557e-17 -4.5196634155405e-15
-1.07991223669982e-15 -2.11347819469542e-16
-2.58845529507871e-15 -3.51878249321233e-15
-4.75050807891755e-15 3.02748768965501e-15
6.53348706489531e-15 -6.86754296625463e-15
-9.01907112571353e-15 2.057685066923e-15
-3.45135646887661e-15 -7.41562300427254e-15
-9.83869438530507e-15 2.95608285665074e-15
5.10506786071495e-15 -7.14529184351956e-15
8.66952950424417e-16 3.08598706945622e-16
2.63741372982673e-15 1.93310236885804e-15
-6.55793136766322e-15 1.89490382531142e-15
1.06230634978959e-14 1.22215315992007e-14
-2.98253648322134e-14 -1.09720833494061e-14
-2.19262879716271e-15 -1.14819165117673e-14
2.68632057871173e-14 -1.11070262874485e-14
-1.50456924071693e-14 5.62999972046932e-15
1.67502205190582e-15 4.48293953061686e-15
1.86937612577564e-15 -1.96714395884718e-14
1.01300438709757e-14 -3.49398152950871e-15
-7.97647807532952e-15 -1.28595005277487e-15
-2.94621892819247e-15 4.87565863375732e-15
6.81825459811105e-15 5.95816165724964e-16
-2.45204551245065e-14 -1.4118536073136e-14
-8.3116170085572e-15 -8.21889777741075e-15
4.03668035163545e-14 -1.34083715075079e-14
-1.96561375900495e-14 8.24504072394902e-16
1.96669206669649e-14 -5.69415889909555e-16
-1.36888418692332e-14 1.1768496215771e-14
1.33246022690341e-14 -7.00830467431769e-15
-7.52384364109195e-15 7.26810383760206e-15
4.12126671081385e-15 -2.05075712292314e-15
-2.26634063707571e-15 7.15779661336487e-16
2.1099819017136e-15 -5.43098599555253e-15
-7.23330597024985e-15 2.29195064878123e-15
2.19778292143402e-15 -1.53394567633303e-15
-2.9387140198531e-15 -2.59337643659881e-15
7.99718546765182e-15 -4.76460440529113e-15
-9.38115231384375e-15 2.02189660330781e-15
4.67193894457971e-15 -4.30263673611777e-15
-1.22303386502173e-14 4.39071082904799e-15
2.98829803776903e-15 -6.16613423973903e-15
-2.48760256208728e-15 1.78184125648972e-14
-1.18280709469693e-15 -7.49189722773765e-15
-2.65955382362044e-15 1.23285820557927e-15
-2.95775125439262e-15 -5.23722768648681e-15
-6.79240318270707e-15 2.78797959247906e-15
-1.01446441208861e-14 -8.98553341780395e-15
7.43861443888319e-15 -1.10037118539773e-14
7.44177741459776e-15 -7.17738765621728e-15
-3.21764253062225e-15 8.444089479789e-15
5.80335533225441e-16 -7.50943422319324e-15
-2.30441896146984e-15 6.37887375082112e-15
-9.76244448010457e-15 -1.24713976701811e-14
-7.05709040874357e-15 4.41634717252957e-15
3.87476881995765e-15 -7.43721805657679e-15
-9.71311677944596e-16 7.71029703406579e-15
-6.37026638327897e-15 -6.18991376461953e-15
5.66851277405429e-15 -1.3427968691009e-15
4.57992337426972e-15 -7.72029730581612e-15
1.47019402996253e-15 1.25328093894929e-14
-6.29262113115356e-15 -5.26476854004644e-15
-5.02145627482519e-16 3.93399821277724e-15
-1.16514781676817e-14 -8.9433383813205e-15
2.46020877057745e-15 5.61603451278731e-15
6.56040841635112e-15 -9.89295049594361e-15
-2.50103058640662e-15 7.58368627052443e-16
-4.40118942136591e-16 -5.66338064427504e-15
-6.94844761597743e-15 6.73589936183935e-15
1.69426815889826e-16 -8.61315277323867e-15
1.0653839665435e-15 1.36388339794337e-14
-1.43284933624636e-14 -5.36136314529866e-15
6.5330850309776e-15 7.32235289055939e-15
-1.36515908396585e-14 -9.05652740903329e-15
-8.06218986471172e-16 1.39586906466974e-14
-1.28782154220566e-14 -7.48754756445514e-15
-7.65442213591898e-15 1.09949625388165e-14
-1.42231135809017e-14 -6.16934824154374e-15
-6.25481600936255e-16 5.66540489301945e-15
-1.54636841071092e-14 -5.26482084213971e-15
1.84696476613526e-15 6.65490538251029e-15
-2.28663698060821e-14 -9.43640304669607e-15
2.50445577260579e-14 2.80742415011817e-14
-3.22303506320092e-14 -5.79058107209102e-15
2.56555104986892e-15 -1.71369856796085e-15
-5.14775771490978e-14 -6.12249691219799e-15
4.8977556729463e-15 6.48516041591591e-15
-1.34598012070641e-13 -7.17844667288749e-15
9.44727106897102e-15 -1.86814355416339e-13
1.08286026178205e-13 -8.22713540959206e-15
-2.83241012515203e-15 -5.27872987157091e-15
2.28654191427106e-14 -4.4761863321958e-15
-7.08137658845263e-15 1.13333320285079e-14
-4.59197966893857e-15 -5.90094617960992e-15
4.66560842961758e-15 7.70628046000482e-16
-1.85545388117587e-14 -5.41605550585162e-15
1.18817749225059e-15 2.31810714293987e-15
-1.07753922365948e-13 -2.96279853337854e-15
6.10820108338441e-15 -1.82964912350504e-13
1.35780312718899e-13 -4.12212486843757e-15
2.67972628215654e-15 7.87138061175137e-15
4.82958346141341e-14 -3.12792961330338e-15
3.75050000161667e-15 -5.54724248551175e-16
2.55365921321314e-14 -5.53282019952113e-15
3.3107628658525e-15 5.87582267079841e-15
3.10044672006005e-14 -4.20773880767592e-15
8.27229833011195e-15 3.57598362433505e-16
2.64809798674447e-14 -4.63765939560032e-15
-1.05699518287619e-14 -1.4353270476405e-14
2.21283650185672e-14 -2.14129155210331e-15
6.20767219147933e-15 9.94971989823674e-15
1.13679978272703e-14 -8.73237637433201e-16
7.84375436249738e-15 2.55099234899833e-15
9.89507840156032e-15 -4.89632618193453e-15
-2.83402477640294e-14 2.40902492088067e-14
1.1721612508957e-14 -9.75599795787056e-18
1.93020090638001e-15 6.44775740142801e-15
1.36553772771087e-14 -2.80765642745547e-15
2.00431998179918e-15 -4.89992115112531e-18
1.31263262806237e-14 -3.2600992585136e-15
5.57662361650986e-15 4.21690039092183e-15
1.38498482520234e-14 -7.71206947382081e-15
8.64544772069904e-15 1.21702001822214e-14
5.82280543139946e-15 -7.7498360852971e-15
1.18541191782752e-14 -1.6104117733498e-14
7.32428748089756e-15 1.15067009005089e-15
5.44503738534107e-15 2.66976973011385e-15
1.54409355804144e-14 -7.30640139275257e-15
4.71850476028229e-15 1.66851519248112e-14
-8.38018291748246e-17 -1.90745538602036e-15
7.84424728979621e-15 4.18401751903516e-15
8.59409135877872e-15 -6.68421229402773e-15
9.92606779820013e-17 1.25111244334879e-14
-2.59966365151517e-15 -8.33737791229734e-15
2.17532363646765e-15 1.7232749969767e-15
8.6932412061108e-15 -3.12840129524551e-15
6.41772226649009e-15 5.47754496257759e-15
1.14262746330896e-14 -2.5389747499956e-15
-6.46130278438217e-15 2.14983760164109e-14
-6.76786452962297e-15 -3.55963393054843e-15
5.15075571913458e-15 -9.61364945808718e-16
-1.73294870507758e-15 3.13115397296906e-16
6.62994887186952e-15 -4.10996542699063e-15
-1.75776347210474e-15 -5.41458894021903e-15
2.86095918363057e-15 1.41044159187849e-15
5.67320458783155e-15 -8.21272756942944e-15
-1.54397154611975e-15 -1.19482920025233e-14
4.8718458233262e-15 -5.19332222012898e-15
9.31669608336343e-15 -6.42589026829264e-15
1.77912321063593e-15 -1.26285419804975e-15
7.2760265624923e-15 6.83201126584403e-15
-3.1023942310181e-15 -1.80907253052054e-15
8.88025533726717e-16 2.31242976994766e-15
-3.02842257959824e-15 -3.66812126249542e-15
1.59441918916139e-15 -2.14783958700626e-15
-2.70237207272141e-15 -8.55830929580087e-16
4.7308114945876e-15 7.25245411402478e-15
5.22423518646199e-15 4.23058966493303e-15
7.32946297063629e-15 8.37313217403864e-15
1.12654583309618e-14 -2.30078138589376e-15
1.02311084003679e-14 -9.146165631173e-17
4.97415047751353e-15 -1.17534434433147e-14
1.53350740926223e-14 3.4032539499775e-14
-7.45767732080032e-15 -1.29569299847989e-14
6.76578613563232e-16 7.28493573966507e-15
-1.40904237060584e-14 1.98976037889972e-15
3.50915150038129e-15 6.65234090305843e-15
2.24313487036823e-15 5.88991426611515e-15
1.51992072923438e-14 1.4328148978487e-14
4.36175290300031e-15 -1.48887369053662e-15
1.4085984399109e-14 -6.63731181958912e-15
2.08528683846745e-16 -9.01822690563305e-15
-2.47205960232924e-15 4.79450441296228e-14
-9.67050839376226e-15 -1.04564016336444e-14
-3.2345475361287e-15 -6.86370866869753e-15
-8.06216243513355e-15 -1.0003793752459e-15
-4.32842271857854e-15 -2.96023618237214e-15
-4.82846226990917e-15 1.50045318174278e-15
1.03395865115245e-14 4.46178001738071e-14
-5.42015949955456e-15 3.06757685906167e-15
2.83847833810712e-16 3.12237260227513e-15
-9.51839447237948e-15 1.90249431406429e-15
1.69124605681828e-16 -4.68709241610416e-15
-1.05223542693059e-14 4.90771011507322e-16
-1.95791451706088e-15 -3.99617563632432e-15
-2.16009916629196e-15 2.61015999642018e-16
-3.64520427173997e-15 -1.30377752240375e-14
-1.89005509304666e-15 4.35226550506605e-15
-1.59814207921066e-14 -2.46514059013224e-14
-2.50574507071804e-15 4.89819218472033e-15
1.84364798997271e-15 -1.39942315314849e-15
-8.39177050942279e-15 5.59068529260413e-15
8.6670781931433e-16 -9.53238057750256e-16
-8.3381124983805e-15 4.91067973027446e-15
-1.97688823205011e-15 -1.50880457972567e-14
-6.79301561049528e-15 4.92093525483384e-15
-6.77983888063717e-17 -1.91992860855487e-14
6.08012751850847e-16 7.12570425180887e-15
7.40540341924898e-15 -8.53892926816579e-15
-3.68899148653838e-16 -2.28971865025307e-15
-1.17609985191692e-14 -1.3634233139566e-14
-1.72272910259703e-14 1.51096241989933e-14
-1.06232882122427e-15 -3.97890018571346e-14
1.35977025281659e-14 1.4696640982683e-14
1.45078747068804e-14 -4.6221844991061e-15
-6.54867104043551e-15 -4.60459264955022e-15
-1.03482594740842e-14 -5.33169285026103e-15
5.89417303040723e-15 1.44469919750903e-14
5.32142552087576e-15 7.3688640834532e-15
7.46126657813337e-17 -4.65264606718539e-15
-1.5006126873315e-14 -1.44530402334803e-14
-1.03088276612408e-14 1.86144876211355e-14
-4.61455301965973e-15 -5.04062360313949e-14
1.82368295283075e-14 1.62721465142027e-14
4.10207682673308e-15 -1.33466768594931e-14
6.905703520664e-15 -2.48065711084635e-15
-1.40695773217051e-14 1.82713430201173e-15
6.23334301594345e-15 8.96300025882695e-15
9.43367208881326e-15 9.41358926463344e-15
3.53760796074732e-15 8.09400325820901e-16
-6.35599246365308e-15 -1.00940625779341e-15
-1.10235227643067e-15 2.70462849335529e-15
-7.49922468371309e-15 -7.99912958963532e-15
-2.46893085696178e-15 -3.37980463722574e-16
-1.26838662022364e-14 -1.60075123433893e-15
8.3331824981711e-15 2.59825548097569e-15
-3.70239434897195e-15 -4.81772920651764e-16
1.11405578708372e-14 -3.85059082257408e-16
-1.89197109986576e-14 7.41893236358737e-15
1.04309076634357e-14 -1.15784452534071e-16
-1.40985956554549e-14 4.83603990086044e-15
-2.55296088442751e-15 1.55654127018365e-15
-7.33546934201419e-15 6.00359657840653e-15
8.50590462073232e-17 -2.42025278661593e-15
-1.49710667161729e-14 -1.32908073004086e-15
-3.76936526645291e-15 -2.68960429413802e-15
-1.25084367761745e-14 -1.25300001441947e-14
1.12993346162317e-14 -1.01064088276052e-15
-1.21977054854012e-14 5.52356566434406e-15
7.86010041878094e-15 -4.56239392052142e-15
-9.84516280836974e-15 8.91839819604263e-15
1.96216588604087e-15 -6.71390251521709e-15
-9.38854064170273e-15 -2.2691044305563e-14
2.0930822126851e-15 -9.75265565139774e-15
-1.58161130625113e-14 8.21851413866847e-15
-7.91942927339216e-15 -7.82918528384009e-15
-3.51078539524347e-15 -3.24966553468804e-15
5.44167997285815e-15 -1.08057376971989e-14
-9.02166456346328e-15 1.62755555871973e-14
-4.27144134491735e-15 -1.23512699322196e-14
-1.64562202732612e-14 1.21068719483506e-14
-4.30411397543817e-15 -1.34652975826005e-14
2.05535240675557e-14 -4.576182313249e-14
-1.00617687791177e-14 -1.41366438253756e-14
-1.10510984823963e-14 9.44508609101587e-15
-4.02747032317216e-15 -1.28915345598212e-14
-9.49110709937806e-15 2.14895216578065e-14
-9.7976243629413e-15 -1.66586026247818e-14
-6.4381813446152e-15 2.07842224558421e-14
-1.73178318503625e-14 -1.5733403945963e-14
-1.11762509599042e-14 1.7940275101564e-14
-2.48915997391781e-14 -1.40831673250525e-14
-1.13871340043786e-14 1.55509992293926e-14
-3.12254078821755e-14 -1.61942101434123e-14
-3.43113272960928e-15 2.02011357272732e-14
-2.95372013028185e-14 -1.89161036914952e-14
-8.82369101963922e-15 1.50915867195232e-14
-4.14703462227602e-14 -2.34441532237896e-14
1.93993552010093e-15 3.12382437178298e-14
-5.47506726000972e-14 -1.90973473001661e-14
-2.6025733751449e-15 2.61696504778122e-14
-9.36891795882615e-14 -1.87790195159676e-14
3.73951262687731e-15 2.1111168158187e-14
-1.45222714379881e-13 -2.35154519702349e-14
1.18840754074938e-14 3.15827209408526e-14
-3.93501998706831e-13 -2.30865990119998e-14
1.81015954530134e-14 -5.58485646412964e-13
3.35646484161302e-13 -2.21098754225168e-14
1.85048923595218e-15 1.94312746102461e-14
7.93345169326924e-14 -2.32937028022261e-14
1.03811295673271e-14 2.19174902473358e-14
-1.76886894734387e-15 -1.9796685027701e-14
7.47985509515785e-15 1.59666803727082e-14
-6.52093808149763e-14 -2.22190531037159e-14
1.6016424899596e-15 1.35744636520846e-14
-3.28519285436304e-13 -2.21480126849946e-14
9.0105120228642e-15 -5.5587078108365e-13
4.00686466368002e-13 -1.84310914646406e-14
1.23501082456374e-14 2.38675083012211e-14
1.47417514546281e-13 -2.40255225831201e-14
1.7740339713754e-14 1.79243116592097e-14
9.17851712537904e-14 -2.0464462099543e-14
8.07766861877053e-15 4.56754479021685e-15
7.16061679642871e-14 -1.86816771432668e-14
1.84461609791538e-14 2.1601864672689e-14
5.68041572610149e-14 -2.14712264614929e-14
1.19704815306272e-14 2.03756286665551e-14
4.91352341681494e-14 -1.66138095382502e-14
1.71523135486488e-14 2.88382591001029e-14
3.82123750381818e-14 -1.86571828995992e-14
1.37815869500951e-15 7.07436418312141e-15
2.84393873479398e-14 -1.38639982828364e-14
2.25512142697142e-14 1.77707382678174e-14
2.43679937149541e-14 -1.64826947102357e-14
2.11212498448311e-14 6.49444758360656e-15
2.74987923501603e-14 -1.1420182658251e-14
5.74969336614888e-15 3.8172352095369e-14
2.4602925319504e-14 -1.15957769180674e-14
1.58517036251449e-14 1.1300674548579e-14
2.48213319143366e-14 -8.63696454230918e-15
1.76530865282446e-14 1.45763256989871e-14
7.09636859661587e-15 -5.32930886777704e-15
2.93058956052585e-14 7.29091093746688e-15
1.15321326573952e-14 -9.50647450682803e-15
3.23390688689047e-14 6.62297606785711e-15
2.25528906396672e-14 -8.44128072713054e-15
3.07170913821855e-14 -5.15046357252357e-15
9.89530774023928e-16 -7.88536745936847e-15
2.16411165138119e-14 4.3193576710689e-15
1.4453142474021e-14 5.09721499995113e-16
2.0953491346025e-14 8.35693274483234e-15
-3.0489483306763e-16 2.80540523754927e-15
2.31803258266271e-14 1.01282305189928e-14
7.96385502575374e-15 -3.50303458928213e-16
1.96810052154583e-14 3.84235787739152e-15
1.70280421204627e-14 1.49706761397313e-15
1.85777919692656e-14 1.56491586986828e-14
-3.54994640493402e-15 2.06628501041618e-15
1.73719982630298e-14 3.52732569919983e-16
-2.54394112719421e-15 1.07125857213415e-15
2.4278515455248e-14 -4.71503092681212e-15
1.95714045533116e-16 2.72977434631584e-15
1.63273380736188e-14 -2.33177054757657e-14
7.29282450695246e-15 6.60372552216544e-15
1.95514632185923e-14 -4.37819021923386e-15
9.48151746530287e-15 2.77973717000833e-15
2.48883091067401e-14 -3.83278613122565e-15
8.03434595072517e-15 2.78147235994172e-15
9.86179063182878e-15 -7.81181050041755e-15
7.67435636263573e-15 4.84706946814225e-15
6.56350460964038e-15 -3.69282905740778e-15
9.21994626401098e-15 8.15777249754892e-15
2.03655452525905e-14 -1.02751548269354e-14
7.33613962199877e-15 5.1428314852845e-15
8.64184951250942e-15 -1.37588192772861e-14
1.86651886866486e-14 8.81219906532714e-15
1.25082366549518e-14 -1.20886309921827e-14
2.16782592520509e-14 3.40537835469253e-15
3.06783546874559e-15 1.467283734535e-14
4.01076955327675e-14 1.56146933843265e-14
5.37560686876593e-15 2.59673072593972e-15
-9.29580160235539e-15 1.76164235941369e-14
2.0916145932556e-14 -3.13652549286488e-15
5.00587582350509e-15 -2.75582710650426e-15
1.12095677127293e-14 -1.48726350650847e-15
1.67646174240442e-14 9.5602299841347e-15
4.70431958384492e-15 4.56344405610388e-15
1.39918878730919e-14 3.36704211943242e-15
-1.50674671070562e-16 -1.23726550391164e-14
3.33913983773493e-14 1.64848525119651e-14
1.81077492138426e-14 5.26948851875225e-15
-1.37619165240385e-14 1.3232647844022e-14
9.45166308580164e-15 -6.7645766660951e-15
6.50239412669183e-15 5.68790718526404e-15
1.5099215720183e-14 -5.91965457989609e-15
1.30493778405359e-14 4.52070342687596e-15
5.39811983718321e-15 1.80104218705057e-15
2.46127758689775e-15 4.64773711033789e-15
4.95770889538555e-15 5.80600893446561e-15
4.54512711004482e-15 -9.21786557267201e-16
2.1094237467878e-15 -0
8.25544253995074e-15 3.91813658064452e-15
1.21221177061811e-14 -3.28355552102286e-15
1.31816032481867e-14 2.77125736345977e-15
3.34544324308879e-15 3.92270704196327e-16
1.20870855122913e-14 0
3.34544324308879e-15 -3.92270704196327e-16
1.31816032481867e-14 -2.77125736345977e-15
1.21221177061811e-14 3.28355552102286e-15
8.25544253995074e-15 -3.91813658064452e-15
2.1094237467878e-15 0
4.54512711004482e-15 9.21786557267201e-16
4.95770889538555e-15 -5.80600893446561e-15
2.46127758689775e-15 -4.64773711033789e-15
5.39811983718321e-15 -1.80104218705057e-15
1.30493778405359e-14 -4.52070342687596e-15
1.5099215720183e-14 5.91965457989609e-15
6.50239412669183e-15 -5.68790718526404e-15
9.45166308580164e-15 6.7645766660951e-15
-1.37619165240385e-14 -1.3232647844022e-14
1.81077492138426e-14 -5.26948851875225e-15
3.33913983773493e-14 -1.64848525119651e-14
-1.50674671070562e-16 1.23726550391164e-14
1.39918878730919e-14 -3.36704211943242e-15
4.70431958384492e-15 -4.56344405610388e-15
1.67646174240442e-14 -9.5602299841347e-15
1.12095677127293e-14 1.48726350650847e-15
5.00587582350509e-15 2.75582710650426e-15
2.0916145932556e-14 3.13652549286488e-15
-9.29580160235539e-15 -1.76164235941369e-14
5.37560686876593e-15 -2.59673072593972e-15
4.01076955327675e-14 -1.56146933843265e-14
3.06783546874559e-15 -1.467283734535e-14
2.16782592520509e-14 -3.40537835469253e-15
1.25082366549518e-14 1.20886309921827e-14
1.86651886866486e-14 -8.81219906532714e-15
8.64184951250942e-15 1.37588192772861e-14
7.33613962199877e-15 -5.1428314852845e-15
2.03655452525905e-14 1.02751548269354e-14
9.21994626401098e-15 -8.15777249754892e-15
6.56350460964038e-15 3.69282905740778e-15
7.67435636263573e-15 -4.84706946814225e-15
9.86179063182878e-15 7.81181050041755e-15
8.03434595072517e-15 -2.78147235994172e-15
2.48883091067401e-14 3.83278613122565e-15
9.48151746530287e-15 -2.77973717000833e-15
1.95514632185923e-14 4.37819021923386e-15
7.29282450695246e-15 -6.60372552216544e-15
1.63273380736188e-14 2.33177054757657e-14
1.95714045533116e-16 -2.72977434631584e-15
2.4278515455248e-14 4.71503092681212e-15
-2.54394112719421e-15 -1.07125857213415e-15
1.73719982630298e-14 -3.52732569919983e-16
-3.54994640493402e-15 -2.06628501041618e-15
1.85777919692656e-14 -1.56491586986828e-14
1.70280421204627e-14 -1.49706761397313e-15
1.96810052154583e-14 -3.84235787739152e-15
7.96385502575374e-15 3.50303458928213e-16
2.31803258266271e-14 -1.01282305189928e-14
-3.0489483306763e-16 -2.80540523754927e-15
2.0953491346025e-14 -8.35693274483234e-15
1.4453142474021e-14 -5.09721499995113e-16
2.16411165138119e-14 -4.3193576710689e-15
9.89530774023928e-16 7.88536745936847e-15
3.07170913821855e-14 5.15046357252357e-15
2.25528906396672e-14 8.44128072713054e-15
3.23390688689047e-14 -6.62297606785711e-15
1.15321326573952e-14 9.50647450682803e-15
2.93058956052585e-14 -7.29091093746688e-15
7.09636859661587e-15 5.32930886777704e-15
1.76530865282446e-14 -1.45763256989871e-14
2.48213319143366e-14 8.63696454230918e-15
1.58517036251449e-14 -1.1300674548579e-14
2.4602925319504e-14 1.15957769180674e-14
5.74969336614888e-15 -3.8172352095369e-14
2.74987923501603e-14 1.1420182658251e-14
2.11212498448311e-14 -6.49444758360656e-15
2.43679937149541e-14 1.64826947102357e-14
2.25512142697142e-14 -1.77707382678174e-14
2.84393873479398e-14 1.38639982828364e-14
1.37815869500951e-15 -7.07436418312141e-15
3.82123750381818e-14 1.86571828995992e-14
1.71523135486488e-14 -2.88382591001029e-14
4.91352341681494e-14 1.66138095382502e-14
1.19704815306272e-14 -2.03756286665551e-14
5.68041572610149e-14 2.14712264614929e-14
1.84461609791538e-14 -2.1601864672689e-14
7.16061679642871e-14 1.86816771432668e-14
8.07766861877053e-15 -4.56754479021685e-15
9.17851712537904e-14 2.0464462099543e-14
1.7740339713754e-14 -1.79243116592097e-14
1.47417514546281e-13 2.40255225831201e-14
1.23501082456374e-14 -2.38675083012211e-14
4.00686466368002e-13 1.84310914646406e-14
9.0105120228642e-15 5.5587078108365e-13
-3.28519285436304e-13 2.21480126849946e-14
1.6016424899596e-15 -1.35744636520846e-14
-6.52093808149763e-14 2.22190531037159e-14
7.47985509515785e-15 -1.59666803727082e-14
-1.76886894734387e-15 1.9796685027701e-14
1.03811295673271e-14 -2.19174902473358e-14
7.93345169326924e-14 2.32937028022261e-14
1.85048923595218e-15 -1.94312746102461e-14
3.35646484161302e-13 2.21098754225168e-14
1.81015954530134e-14 5.58485646412964e-13
-3.93501998706831e-13 2.30865990119998e-14
1.18840754074938e-14 -3.15827209408526e-14
-1.45222714379881e-13 2.35154519702349e-14
3.73951262687731e-15 -2.1111168158187e-14
-9.36891795882615e-14 1.87790195159676e-14
-2.6025733751449e-15 -2.61696504778122e-14
-5.47506726000972e-14 1.90973473001661e-14
1.93993552010093e-15 -3.12382437178298e-14
-4.14703462227602e-14 2.34441532237896e-14
-8.82369101963922e-15 -1.50915867195232e-14
-2.95372013028185e-14 1.89161036914952e-14
-3.43113272960928e-15 -2.02011357272732e-14
-3.12254078821755e-14 1.61942101434123e-14
-1.13871340043786e-14 -1.55509992293926e-14
-2.48915997391781e-14 1.40831673250525e-14
-1.11762509599042e-14 -1.7940275101564e-14
-1.73178318503625e-14 1.5733403945963e-14
-6.4381813446152e-15 -2.07842224558421e-14
-9.7976243629413e-15 1.66586026247818e-14
-9.49110709937806e-15 -2.14895216578065e-14
-4.02747032317216e-15 1.28915345598212e-14
-1.10510984823963e-14 -9.44508609101587e-15
-1.00617687791177e-14 1.41366438253756e-14
2.05535240675557e-14 4.576182313249e-14
-4.30411397543817e-15 1.34652975826005e-14
-1.64562202732612e-14 -1.21068719483506e-14
-4.27144134491735e-15 1.23512699322196e-14
-9.02166456346328e-15 -1.62755555871973e-14
5.44167997285815e-15 1.08057376971989e-14
-3.51078539524347e-15 3.24966553468804e-15
-7.91942927339216e-15 7.82918528384009e-15
-1.58161130625113e-14 -8.21851413866847e-15
2.0930822126851e-15 9.75265565139774e-15
-9.38854064170273e-15 2.2691044305563e-14
1.96216588604087e-15 6.71390251521709e-15
-9.84516280836974e-15 -8.91839819604263e-15
7.86010041878094e-15 4.56239392052142e-15
-1.21977054854012e-14 -5.52356566434406e-15
1.12993346162317e-14 1.01064088276052e-15
-1.25084367761745e-14 1.25300001441947e-14
-3.76936526645291e-15 2.68960429413802e-15
-1.49710667161729e-14 1.32908073004086e-15
8.50590462073232e-17 2.42025278661593e-15
-7.33546934201419e-15 -6.00359657840653e-15
-2.55296088442751e-15 -1.55654127018365e-15
-1.40985956554549e-14 -4.83603990086044e-15
1.04309076634357e-14 1.15784452534071e-16
-1.89197109986576e-14 -7.41893236358737e-15
1.11405578708372e-14 3.85059082257408e-16
-3.70239434897195e-15 4.81772920651764e-16
8.3331824981711e-15 -2.59825548097569e-15
-1.26838662022364e-14 1.60075123433893e-15
-2.46893085696178e-15 3.37980463722574e-16
-7.49922468371309e-15 7.99912958963532e-15
-1.10235227643067e-15 -2.70462849335529e-15
-6.35599246365308e-15 1.00940625779341e-15
3.53760796074732e-15 -8.09400325820901e-16
9.43367208881326e-15 -9.41358926463344e-15
6.23334301594345e-15 -8.96300025882695e-15
-1.40695773217051e-14 -1.82713430201173e-15
6.905703520664e-15 2.48065711084635e-15
4.10207682673308e-15 1.33466768594931e-14
1.82368295283075e-14 -1.62721465142027e-14
-4.61455301965973e-15 5.04062360313949e-14
-1.03088276612408e-14 -1.86144876211355e-14
-1.5006126873315e-14 1.44530402334803e-14
7.46126657813337e-17 4.65264606718539e-15
5.32142552087576e-15 -7.3688640834532e-15
5.89417303040723e-15 -1.44469919750903e-14
-1.03482594740842e-14 5.33169285026103e-15
-6.54867104043551e-15 4.60459264955022e-15
1.45078747068804e-14 4.6221844991061e-15
1.35977025281659e-14 -1.4696640982683e-14
-1.06232882122427e-15 3.97890018571346e-14
-1.72272910259703e-14 -1.51096241989933e-14
-1.17609985191692e-14 1.3634233139566e-14
-3.68899148653838e-16 2.28971865025307e-15
7.40540341924898e-15 8.53892926816579e-15
6.08012751850847e-16 -7.12570425180887e-15
-6.77983888063717e-17 1.91992860855487e-14
-6.79301561049528e-15 -4.92093525483384e-15
-1.97688823205011e-15 1.50880457972567e-14
-8.3381124983805e-15 -4.91067973027446e-15
8.6670781931433e-16 9.53238057750256e-16
-8.39177050942279e-15 -5.59068529260413e-15
1.84364798997271e-15 1.39942315314849e-15
-2.50574507071804e-15 -4.89819218472033e-15
-1.59814207921066e-14 2.46514059013224e-14
-1.89005509304666e-15 -4.35226550506605e-15
-3.64520427173997e-15 1.30377752240375e-14
-2.16009916629196e-15 -2.61015999642018e-16
-1.95791451706088e-15 3.99617563632432e-15
-1.05223542693059e-14 -4.90771011507322e-16
1.69124605681828e-16 4.68709241610416e-15
-9.51839447237948e-15 -1.90249431406429e-15
2.83847833810712e-16 -3.12237260227513e-15
-5.42015949955456e-15 -3.06757685906167e-15
1.03395865115245e-14 -4.46178001738071e-14
-4.82846226990917e-15 -1.50045318174278e-15
-4.32842271857854e-15 2.96023618237214e-15
-8.06216243513355e-15 1.0003793752459e-15
-3.2345475361287e-15 6.86370866869753e-15
-9.67050839376226e-15 1.04564016336444e-14
-2.47205960232924e-15 -4.79450441296228e-14
2.08528683846745e-16 9.01822690563305e-15
1.4085984399109e-14 6.63731181958912e-15
4.36175290300031e-15 1.48887369053662e-15
1.51992072923438e-14 -1.4328148978487e-14
2.24313487036823e-15 -5.88991426611515e-15
3.50915150038129e-15 -6.65234090305843e-15
-1.40904237060584e-14 -1.98976037889972e-15
6.76578613563232e-16 -7.28493573966507e-15
-7.45767732080032e-15 1.29569299847989e-14
1.53350740926223e-14 -3.4032539499775e-14
4.97415047751353e-15 1.17534434433147e-14
1.02311084003679e-14 9.146165631173e-17
1.12654583309618e-14 2.30078138589376e-15
7.32946297063629e-15 -8.37313217403864e-15
5.22423518646199e-15 -4.23058966493303e-15
4.7308114945876e-15 -7.25245411402478e-15
-2.70237207272141e-15 8.55830929580087e-16
1.59441918916139e-15 2.14783958700626e-15
-3.02842257959824e-15 3.66812126249542e-15
8.88025533726717e-16 -2.31242976994766e-15
-3.1023942310181e-15 1.80907253052054e-15
7.2760265624923e-15 -6.83201126584403e-15
1.77912321063593e-15 1.26285419804975e-15
9.31669608336343e-15 6.42589026829264e-15
4.8718458233262e-15 5.19332222012898e-15
-1.54397154611975e-15 1.19482920025233e-14
5.67320458783155e-15 8.21272756942944e-15
2.86095918363057e-15 -1.41044159187849e-15
-1.75776347210474e-15 5.41458894021903e-15
6.62994887186952e-15 4.10996542699063e-15
-1.73294870507758e-15 -3.13115397296906e-16
5.15075571913458e-15 9.61364945808718e-16
-6.76786452962297e-15 3.55963393054843e-15
-6.46130278438217e-15 -2.14983760164109e-14
1.14262746330896e-14 2.5389747499956e-15
6.41772226649009e-15 -5.47754496257759e-15
8.6932412061108e-15 3.12840129524551e-15
2.17532363646765e-15 -1.7232749969767e-15
-2.59966365151517e-15 8.33737791229734e-15
9.92606779820013e-17 -1.25111244334879e-14
8.59409135877872e-15 6.68421229402773e-15
7.84424728979621e-15 -4.18401751903516e-15
-8.38018291748246e-17 1.90745538602036e-15
4.71850476028229e-15 -1.66851519248112e-14
1.54409355804144e-14 7.30640139275257e-15
5.44503738534107e-15 -2.66976973011385e-15
7.32428748089756e-15 -1.15067009005089e-15
1.18541191782752e-14 1.6104117733498e-14
5.82280543139946e-15 7.7498360852971e-15
8.64544772069904e-15 -1.21702001822214e-14
1.38498482520234e-14 7.71206947382081e-15
5.57662361650986e-15 -4.21690039092183e-15
1.31263262806237e-14 3.2600992585136e-15
2.00431998179918e-15 4.89992115112531e-18
1.36553772771087e-14 2.80765642745547e-15
1.93020090638001e-15 -6.44775740142801e-15
1.1721612508957e-14 9.75599795787056e-18
-2.83402477640294e-14 -2.40902492088067e-14
9.89507840156032e-15 4.89632618193453e-15
7.84375436249738e-15 -2.55099234899833e-15
1.13679978272703e-14 8.73237637433201e-16
6.20767219147933e-15 -9.94971989823674e-15
2.21283650185672e-14 2.14129155210331e-15
-1.05699518287619e-14 1.4353270476405e-14
2.64809798674447e-14 4.63765939560032e-15
8.27229833011195e-15 -3.57598362433505e-16
3.10044672006005e-14 4.20773880767592e-15
3.3107628658525e-15 -5.87582267079841e-15
2.55365921321314e-14 5.53282019952113e-15
3.75050000161667e-15 5.54724248551175e-16
4.82958346141341e-14 3.12792961330338e-15
2.67972628215654e-15 -7.87138061175137e-15
1.35780312718899e-13 4.12212486843757e-15
6.10820108338441e-15 1.82964912350504e-13
-1.07753922365948e-13 2.96279853337854e-15
1.18817749225059e-15 -2.31810714293987e-15
-1.85545388117587e-14 5.41605550585162e-15
4.66560842961758e-15 -7.70628046000482e-16
-4.59197966893857e-15 5.90094617960992e-15
-7.08137658845263e-15 -1.13333320285079e-14
2.28654191427106e-14 4.4761863321958e-15
-2.83241012515203e-15 5.27872987157091e-15
1.08286026178205e-13 8.22713540959206e-15
9.44727106897102e-15 1.86814355416339e-13
-1.34598012070641e-13 7.17844667288749e-15
4.8977556729463e-15 -6.48516041591591e-15
-5.14775771490978e-14 6.12249691219799e-15
2.56555104986892e-15 1.71369856796085e-15
-3.22303506320092e-14 5.79058107209102e-15
2.50445577260579e-14 -2.80742415011817e-14
-2.28663698060821e-14 9.43640304669607e-15
1.84696476613526e-15 -6.65490538251029e-15
-1.54636841071092e-14 5.26482084213971e-15
-6.25481600936255e-16 -5.66540489301945e-15
-1.42231135809017e-14 6.16934824154374e-15
-7.65442213591898e-15 -1.09949625388165e-14
-1.28782154220566e-14 7.48754756445514e-15
-8.06218986471172e-16 -1.39586906466974e-14
-1.36515908396585e-14 9.05652740903329e-15
6.5330850309776e-15 -7.32235289055939e-15
-1.43284933624636e-14 5.36136314529866e-15
1.0653839665435e-15 -1.36388339794337e-14
1.69426815889826e-16 8.61315277323867e-15
-6.94844761597743e-15 -6.73589936183935e-15
-4.40118942136591e-16 5.66338064427504e-15
-2.50103058640662e-15 -7.58368627052443e-16
6.56040841635112e-15 9.89295049594361e-15
2.46020877057745e-15 -5.61603451278731e-15
-1.16514781676817e-14 8.9433383813205e-15
-5.02145627482519e-16 -3.93399821277724e-15
-6.29262113115356e-15 5.26476854004644e-15
1.47019402996253e-15 -1.25328093894929e-14
4.57992337426972e-15 7.72029730581612e-15
5.66851277405429e-15 1.3427968691009e-15
-6.37026638327897e-15 6.18991376461953e-15
-9.71311677944596e-16 -7.71029703406579e-15
3.87476881995765e-15 7.43721805657679e-15
-7.05709040874357e-15 -4.41634717252957e-15
-9.76244448010457e-15 1.24713976701811e-14
-2.30441896146984e-15 -6.37887375082112e-15
5.80335533225441e-16 7.50943422319324e-15
-3.21764253062225e-15 -8.444089479789e-15
7.44177741459776e-15 7.17738765621728e-15
7.43861443888319e-15 1.10037118539773e-14
-1.01446441208861e-14 8.98553341780395e-15
-6.79240318270707e-15 -2.78797959247906e-15
-2.95775125439262e-15 5.23722768648681e-15
-2.65955382362044e-15 -1.23285820557927e-15
-1.18280709469693e-15 7.49189722773765e-15
-2.48760256208728e-15 -1.78184125648972e-14
2.98829803776903e-15 6.16613423973903e-15
-1.22303386502173e-14 -4.39071082904799e-15
4.67193894457971e-15 4.30263673611777e-15
-9.38115231384375e-15 -2.02189660330781e-15
7.99718546765182e-15 4.76460440529113e-15
-2.9387140198531e-15 2.59337643659881e-15
2.19778292143402e-15 1.53394567633303e-15
-7.23330597024985e-15 -2.29195064878123e-15
2.1099819017136e-15 5.43098599555253e-15
-2.26634063707571e-15 -7.15779661336487e-16
4.12126671081385e-15 2.05075712292314e-15
-7.52384364109195e-15 -7.26810383760206e-15
1.33246022690341e-14 7.00830467431769e-15
-1.36888418692332e-14 -1.1768496215771e-14
1.96669206669649e-14 5.69415889909555e-16
-1.96561375900495e-14 -8.24504072394902e-16
4.03668035163545e-14 1.34083715075079e-14
-8.3116170085572e-15 8.21889777741075e-15
-2.45204551245065e-14 1.4118536073136e-14
6.81825459811105e-15 -5.95816165724964e-16
-2.94621892819247e-15 -4.87565863375732e-15
-7.97647807532952e-15 1.28595005277487e-15
1.01300438709757e-14 3.49398152950871e-15
1.86937612577564e-15 1.96714395884718e-14
1.67502205190582e-15 -4.48293953061686e-15
-1.50456924071693e-14 -5.62999972046932e-15
2.68632057871173e-14 1.11070262874485e-14
-2.19262879716271e-15 1.14819165117673e-14
-2.98253648322134e-14 1.09720833494061e-14
1.06230634978959e-14 -1.22215315992007e-14
-6.55793136766322e-15 -1.89490382531142e-15
2.63741372982673e-15 -1.93310236885804e-15
8.66952950424417e-16 -3.08598706945622e-16
5.10506786071495e-15 7.14529184351956e-15
-9.83869438530507e-15 -2.95608285665074e-15
-3.45135646887661e-15 7.41562300427254e-15
-9.01907112571353e-15 -2.057685066923e-15
6.53348706489531e-15 6.86754296625463e-15
-4.75050807891755e-15 -3.02748768965501e-15
-2.58845529507871e-15 3.51878249321233e-15
-1.07991223669982e-15 2.11347819469542e-16
-5.90005811123557e-17 4.5196634155405e-15
1.10711033001403e-16 -2.52085977918418e-15
-2.3545308714775e-15 1.98096708148644e-15
-1.33657773456215e-15 -3.80642985200994e-15
1.37576837747886e-14 -4.08284914113728e-14
-2.18583092794113e-15 -3.50406714085083e-15
-1.81518856413191e-15 2.76534682791002e-15
-5.71451222368049e-15 -2.36173997858064e-15
6.8388725396847e-15 4.25793657568001e-16
-9.19507596924047e-15 -3.84098076682272e-15
-3.37186259248183e-15 -3.22478894310713e-15
9.44239406433007e-16 -6.78646593455215e-15
3.6850317713751e-15 -5.89251485931417e-15
-7.55940036241941e-15 -3.34438481408447e-16
-9.60824023165847e-16 6.41705880097798e-15
-2.44323924276522e-14 -9.83075036847871e-15
6.47302304413234e-16 -6.76544553029118e-15
1.78338480844441e-14 -7.21411265127931e-15
-1.29903744542397e-15 4.65430729651306e-15
-2.85435161789609e-15 -1.58537923417876e-15
5.59636279038784e-15 8.86226951820948e-16
6.08458509359041e-15 -5.65609397062345e-15
3.34130733214669e-15 1.19979744729713e-14
-9.99190432158146e-15 9.32395953885738e-16
4.65238651582246e-15 4.36857759276474e-16
-2.23180498326225e-14 -8.45211416592213e-15
-2.91258645849333e-15 -7.36731830288652e-15
2.13266840366223e-14 -9.17356165711375e-15
-4.74330343769063e-15 1.75486318344669e-15
1.02565718853034e-14 -1.28274277527211e-15
5.67023557971738e-15 -1.40394506557142e-14
3.21831054385866e-15 -2.24643935727376e-15
3.08268894108872e-15 4.85780245395172e-15
-3.39502354384946e-16 -2.11473916571288e-15
5.32787096026961e-15 2.62050558423091e-15
-1.07069814773894e-15 -4.94678657051457e-15
5.9903507996176e-15 1.07400512001423e-14
-2.45618861960779e-16 -6.17399053663558e-18
3.70829994504382e-15 -1.79557278571211e-15
2.22813559518235e-15 -1.07562895640891e-15
5.77866936171644e-15 -2.19717926588021e-16
1.76063700301542e-15 7.7819273729968e-16
2.24391743053953e-15 2.62576988313647e-15
2.02907701561739e-15 9.34966070457755e-16
-7.89236464424321e-16 5.05454935607228e-15
-3.7637270302454e-15 -3.10553545136382e-15
-1.07016005429259e-14 1.23748838257112e-15
-5.974502713918e-15 1.50757771130622e-16
1.00102194488653e-14 -3.94045869505978e-15
-1.18959059014904e-14 1.97084415690029e-15
5.66090491148359e-15 -1.54345415027876e-14
9.64721920699841e-15 1.06438656961249e-15
8.52393639657093e-15 5.43888313970396e-15
1.59236412917161e-15 6.84316927899524e-17
5.45617767209338e-15 6.35574040228814e-15
-8.1385846067726e-15 -1.40433061885958e-15
-5.76348670635418e-15 -5.64937679614593e-15
5.28956301393918e-15 1.39032613537365e-15
-5.72402215973681e-15 1.06929938659931e-15
-4.86158435709476e-15 1.36535827180368e-15
1.07330820919302e-14 -1.38223828067931e-14
1.34080403153587e-14 1.77355044377219e-15
4.84951508299797e-15 3.69914617338979e-16
3.77540824070061e-15 5.06271277141201e-15
1.07311573654905e-14 -5.8598423783131e-15
-1.39969892374591e-15 2.43374800838181e-16
9.48655900286463e-15 -5.74450420813097e-15
1.62796278174034e-14 -3.0566664401093e-16
1.41141365738925e-15 1.75447818004194e-15
9.50777814063795e-15 3.02512842254329e-15
4.03811487148207e-15 -5.08453358973546e-15
1.31461438146669e-14 2.667749018872e-15
-6.11977580592167e-16 9.60532133701825e-15
7.41934979567925e-15 5.26142781360418e-15
-2.77416772016153e-15 3.39807311539425e-16
6.19905696458533e-15 1.08880334832457e-15
5.49929372475226e-15 -3.72392350096416e-15
7.31659065403972e-15 3.98714582854291e-15
1.02714968547243e-14 -1.35914945026412e-14
1.19149654054599e-14 3.52129056078116e-15
-1.0287547168812e-16 -6.79179619974775e-16
1.80967294259474e-14 4.82177511929387e-15
6.35450690305475e-15 -6.93231119604853e-15
1.64650127424531e-14 3.78833749587254e-16
3.72591345242307e-16 7.61222524471791e-16
1.76587429087318e-14 -9.90984973835488e-16
-4.03942502765884e-15 -1.60696520626759e-15
2.48132241138764e-14 4.36991226349826e-15
-3.00180915579579e-15 -5.5563975932555e-15
8.33975937172384e-14 3.38132087359261e-15
5.19386900603022e-15 1.18529066824175e-13
-6.36247631064015e-14 3.11311216061074e-17
4.02288326310364e-15 -8.36468159990515e-15
-1.30135519125378e-14 -2.71588314221056e-16
6.94340073814999e-15 2.54549085796461e-15
-6.97606889831258e-16 -1.20754200511609e-16
-2.34914616365907e-15 -6.18965754401909e-15
2.0577137688049e-14 1.42150359199983e-15
-4.19777075962393e-16 -1.40105865973686e-15
6.70143898036285e-14 3.88929418387239e-15
2.7063333960382e-15 1.16556177155401e-13
-7.58730333088425e-14 2.36941518689081e-15
-4.47220514087651e-15 -1.01827379260589e-15
-3.1798779894744e-14 2.84779867485906e-15
5.32875889329459e-15 -1.0613155499497e-14
-2.2473704171621e-14 9.89978229644904e-16
-3.43778859059689e-15 -7.07672102732529e-15
-5.99748455228372e-15 2.5128119796091e-16
-7.47739241390327e-15 -2.33192344430194e-15
-4.62487599384879e-15 5.2242830640303e-15
6.61836253915452e-15 2.84900577350655e-15
-1.82564276735844e-15 2.69942037157096e-15
-1.26699627881877e-15 4.7155708793799e-15
-7.14727800450619e-15 6.33269886758727e-15
1.12094658747704e-15 -7.42422730103467e-16
-8.418152919124e-15 3.91554368250617e-16
-7.13804063483723e-15 7.64376506990584e-15
-5.07254548797451e-15 4.66199103839233e-15
9.14519426954698e-15 -5.17393211504037e-15
-6.79110617025825e-16 -3.51634773153741e-16
2.66821024949163e-15 -2.79444902154985e-15
9.63466090231159e-16 6.46549135754206e-15
4.76927272580514e-15 4.25715165676081e-15
3.31163669579629e-15 -1.27316077332771e-16
3.12092369492118e-15 1.04724075582135e-14
-5.2770090888133e-15 -2.28634534104679e-15
-6.58382890915789e-15 -7.28490910075889e-15
-9.53572237416826e-16 8.07439485377071e-15
1.32305497254639e-15 -8.10968500368249e-15
4.91813130098709e-15 -2.10854249861537e-15
-7.06943135790418e-15 6.01697284906056e-15
-9.69479830134508e-15 4.9075477915712e-15
-1.90000332122961e-14 1.38620075836059e-14
3.96689764563752e-16 -1.47697453715156e-15
1.64569934757401e-15 8.76145030999217e-15
-7.97558959541819e-15 -1.54476269547371e-15
-4.62514434202191e-15 3.03517372127358e-16
6.73054309169755e-15 2.38251208854879e-15
2.77750576976964e-15 6.35721933208832e-15
1.13014481492978e-14 1.54470844605058e-15
-4.19315088425123e-15 9.84805555971185e-15
-6.40367610336289e-15 -1.46966295649846e-15
-1.90000332122961e-14 1.38620075836059e-14
-5.73310375314956e-15 2.2203559483366e-15
3.42053424596242e-15 -3.24594752908552e-15
-6.27570603172073e-15 -1.15751745313186e-15
-3.08340531954463e-16 -2.95473438636574e-15
7.95207799353179e-16 2.06813425209882e-16
4.6897895519932e-15 -9.92638662602199e-15
1.65032963500789e-15 2.624595304751e-15
-7.50858551799222e-15 3.50910795085342e-15
3.01698365965708e-15 4.12968347761429e-15
1.53354763407377e-15 4.45575708146681e-15
-2.41117424360802e-15 3.80079458833557e-15
4.24326885960672e-15 3.58747285873886e-15
6.08723218178318e-16 4.81398565673115e-16
3.0300395028474e-15 2.93473807401322e-15
1.486091611538e-15 5.63362952448384e-16
1.21170521079521e-15 -3.27687542494165e-15
7.81777421291885e-15 -2.08073047447864e-16
5.55974435668358e-15 -3.64346869582153e-15
7.5562987722341e-15 -2.49706204379855e-15
-2.90479511682323e-15 2.37390171190203e-15
1.66331989492357e-15 -2.24609354499501e-15
-2.34897986811157e-15 7.0267531144261e-14
1.29798169144844e-15 -1.66336115444789e-15
9.49847274230081e-16 -7.88599531589828e-15
1.56014266877968e-15 -2.55929438570091e-15
5.88437000770622e-15 -1.20092739588579e-14
5.01791223880083e-15 -4.18295258239617e-15
-5.63370151573703e-15 2.59255892128717e-15
-3.91071218453344e-15 -4.10411788738341e-15
-4.79504669541296e-15 -8.76365720505945e-15
-2.14530685458749e-15 -5.82663622768464e-15
-1.07219263737611e-14 7.41065640652603e-14
-1.35712017587363e-15 -1.17700261881069e-15
-4.49725478668029e-15 -5.37166823017503e-15
4.19758938747134e-15 -3.07393717759983e-15
-6.77464006944014e-15 -2.93469442426822e-15
-1.56843921901418e-15 -1.72645226371491e-15
6.08604831836897e-16 3.85937251058088e-15
-6.40388283102641e-15 -6.45334273192326e-16
-1.29834170232784e-14 -1.83576956852561e-15
-2.8717104656419e-15 3.2408894877405e-16
-2.40359083487209e-15 -1.6985333803148e-15
-7.79475725501522e-15 -1.44028413847135e-15
-5.3767127721052e-15 3.51763851366844e-15
2.50990590647373e-15 4.10143778790568e-16
3.55002955298588e-15 7.69073089627159e-15
4.18028805012513e-15 -1.25381993960505e-15
-7.96701827866423e-15 6.65415151854483e-15
5.78982469127567e-15 6.72369225954815e-16
5.12359449272149e-15 3.28854690686781e-15
-3.81973034782381e-15 5.16887398143232e-16
-1.93948408358539e-15 1.81042932648701e-16
-6.30674244706667e-15 -4.65341707231451e-15
1.16640161383587e-14 -6.13721974957452e-15
-1.0651168069675e-14 -2.68422720015384e-15
-6.91924933979624e-15 2.05936539635763e-16
4.22728015957111e-15 3.7879432713163e-15
5.22946461106558e-15 -1.14085246918559e-15
2.09834442123518e-15 -7.78524298135173e-15
-6.22389697887557e-15 6.20602480181085e-15
-1.42846270911343e-14 6.23959423088663e-15
-6.98982046451385e-15 -2.32425318113304e-14
8.96822010656527e-15 8.16076317762376e-15
-7.08977940597281e-15 -3.15304937162848e-15
-1.26697074101905e-15 -6.88029819169495e-15
-4.68404458276649e-15 -2.1323636565954e-15
4.09841998839015e-15 4.92499309102787e-15
5.2037566088929e-15 6.27918992250565e-15
-1.09327122360013e-15 -8.77002748425696e-15
-7.52916514873715e-15 -7.30599227951042e-15
-1.12061718986853e-14 8.90083584361139e-15
1.05644992254862e-14 -3.15718987040044e-14
1.06730278152041e-14 4.74072226423464e-15
1.11282255791807e-14 -6.60581816572146e-16
9.27600157398559e-16 -4.61034844988191e-15
-4.19708273812917e-15 4.78268210405939e-15
4.86504951206225e-15 4.00804392322073e-15
4.34314558614409e-15 7.70367748324316e-15
-7.59466280049102e-16 -3.04325025218059e-15
1.00033705148877e-14 4.83359728404621e-15
-3.55587074811113e-15 2.27952385923882e-15
7.13822189070217e-15 3.83811896606878e-15
-3.07091161675147e-15 -2.74156712321461e-15
-2.57739001453755e-15 -6.10592180524043e-15
1.18192528052023e-15 -8.96063744273887e-16
-2.12610186353906e-14 -7.88847479820833e-15
2.62564630154707e-15 -2.67490521910843e-15
4.38574153771488e-16 -1.23649808972593e-15
2.87532519813235e-15 2.30230838615035e-15
7.97595504333376e-15 9.8030863534399e-17
-8.50932785832374e-15 1.61493894557254e-15
-1.45120489393689e-15 2.27203612896526e-15
-6.12785614860609e-15 -5.96315948200703e-16
5.50412320383474e-15 8.52989747972721e-15
-6.90902464687478e-15 2.55568050455352e-15
1.27523343155173e-14 -2.05912959343746e-14
9.39922514797538e-15 1.07367994897061e-15
-1.32331943826693e-15 -5.00454842875572e-15
5.56007846054278e-15 3.85966147672091e-15
1.38790201561825e-15 8.30745757724301e-15
-2.89371135901484e-15 5.44320421133906e-15
2.07844346693704e-14 -1.81668458175087e-14
-1.82122334622414e-17 7.21045452923215e-15
6.81474500143155e-15 -1.96504049767749e-16
-5.18498155670692e-15 7.23778696360953e-16
3.67307410719102e-15 -1.9633778086247e-14
1.17036966637508e-14 -1.55937416489399e-16
3.49022021668668e-15 1.32791140606089e-15
-8.0584479860464e-16 1.12994641006204e-15
-8.44280443331469e-15 -4.65847298033404e-15
3.17802312172616e-15 5.40410333826128e-15
-1.15929416804693e-14 -2.10663230481197e-14
5.9347099179912e-15 5.35092628172449e-15
1.26006131864785e-14 1.88789473495251e-15
9.95953913351821e-15 1.58119609915895e-15
3.60634076859981e-15 -2.64923256498353e-15
5.23405130158128e-15 -9.95060690254524e-16
-2.93932904005489e-14 -4.3248673486499e-14
3.96733476370629e-15 3.37853388448558e-15
1.23760268902202e-15 5.67366865922328e-15
3.39116545397782e-15 5.40463556942902e-15
4.56927343289069e-15 -6.00584375591013e-15
3.46970454691366e-15 1.67696960499131e-16
-1.22501948720992e-15 -9.55661618229481e-15
1.10317639935131e-14 1.14891024434362e-15
6.27294153282945e-15 -8.56751137766709e-15
1.33665532263574e-14 2.81076189096245e-15
-6.92302558147593e-15 1.76791789497166e-14
1.64997109753316e-14 5.98911282679598e-15
6.25874326912215e-15 4.57517177604564e-15
9.46892477549335e-15 4.05003472801337e-15
6.76041935476498e-15 -1.86790770439774e-15
2.08083049216527e-14 7.32140633996078e-17
-9.59936644340692e-15 -6.11472596577732e-15
6.15424190618809e-14 5.59757574890037e-15
1.29368380591213e-15 7.61813158899331e-14
-4.48888825925693e-14 4.49637075958043e-15
6.59919205043583e-16 9.22732471540078e-16
-4.35692515826305e-15 3.40374889381808e-15
-2.75456533483301e-15 -3.15322552023997e-15
-5.2271386168821e-15 9.75746841726559e-15
5.31949207701671e-15 -1.89328119640341e-15
1.18952602513545e-14 6.66801406180721e-15
2.67712230129881e-14 -1.5808021532269e-16
4.72512426110552e-14 2.9308618399246e-15
-2.52036061496778e-15 8.00655000948668e-14
-5.85706127052272e-14 4.22123834764608e-15
4.11551026053028e-15 -2.27698600611608e-15
-2.26585428574358e-14 2.08823323914953e-15
-1.59730787016763e-14 -3.06574858444234e-15
-1.34515048986786e-14 4.98418994679872e-15
-5.70454986898975e-15 -1.14740992140861e-14
-6.32306746374687e-15 5.03164782794881e-15
7.01278818515996e-16 -5.07597357284418e-15
-3.70456447337853e-15 2.8393485167007e-15
3.47102867932782e-15 -5.36611279746744e-15
-9.78695685574338e-16 4.21904450381799e-15
5.91227565824784e-16 6.97145687694225e-15
-3.39290210545559e-15 1.79918004930627e-16
5.45597163774841e-15 3.78536885828958e-15
-4.29362269112425e-15 4.6968671648256e-15
2.81262868020373e-15 -1.17104699747631e-15
-4.35870391231793e-15 1.36581377876615e-15
-4.78161387840682e-15 -7.55138359698328e-15
3.02935052936707e-15 2.96781082631807e-15
5.13641481433593e-15 -1.95338254446742e-15
7.50549879264849e-15 2.9042852410578e-15
2.11458470606835e-15 -1.01806390629185e-14
9.86741847714625e-15 6.19406456827901e-15
-1.48076327331114e-15 8.32519410543439e-16
-9.6599828902199e-15 8.25374484296408e-15
2.00637705677938e-15 9.47635334790033e-16
-2.56222460301024e-15 7.78036836020899e-16
5.91812409283541e-15 -1.21701517956342e-15
9.11732821980343e-15 5.65030813495648e-15
-9.24786257331962e-17 1.24573957188683e-14
-5.08659446297523e-15 4.36877236344791e-15
1.86301166324048e-15 -3.89363120163698e-15
6.38256140433332e-15 5.11621937690008e-15
-1.13794299802861e-15 9.84515179675965e-16
-1.11390726813838e-14 4.20149780832717e-15
-1.75747103136844e-15 -3.18001194123771e-14
6.60354155175409e-16 3.15889393304652e-15
-6.1698154148624e-15 1.94285042326397e-16
7.14496433901605e-15 5.34000453574227e-15
3.28885192499097e-15 9.62651232312631e-15
-9.1228975234465e-15 4.33758758756403e-15
-1.85873357296594e-15 1.14209421267111e-15
-4.50740334176513e-15 2.87188314061679e-15
-4.63146314683368e-15 -1.1711998346471e-15
-2.5015730755696e-15 6.36895754565452e-15
1.55710641117254e-14 -1.17237506711395e-14
5.50130699543351e-17 5.63941159299674e-15
1.80466373067193e-15 -3.28706433708278e-15
4.61981924311516e-15 2.87829561559982e-15
-1.15220102430332e-15 -6.65490330545042e-15
3.89695672463964e-15 2.07028312253307e-15
5.32184770285846e-17 -2.14279158503254e-15
3.93487238829366e-15 3.99725990691919e-15
2.22752078184248e-15 -1.62722516078251e-15
1.29320182881628e-15 4.1685573408983e-15
-6.45635150643885e-15 -1.88420848085542e-15
1.41467853907875e-15 1.37967239161655e-15
-1.0898552156717e-14 -8.22692069384824e-15
1.36409431919615e-14 5.98459895669996e-15
9.14290170581979e-16 -7.76514930985952e-15
1.82105028842806e-14 -1.26964630472652e-16
-1.68271457396115e-14 5.33062822345267e-15
4.44323869168808e-14 1.37066150812244e-14
4.57305081711155e-16 1.51013424672676e-14
-3.6964610501432e-14 1.68206082595922e-14
1.37129673010381e-14 -1.58094783501834e-15
-9.65710162260041e-15 -3.50053116204481e-15
-1.10931566096494e-14 5.99612173917275e-15
7.90456761194908e-15 8.52142143129394e-15
2.66330281979438e-15 2.54832648769075e-15
3.7582435154256e-15 -3.4084542269261e-15
-1.34860687237847e-14 -6.58968955623572e-15
3.1868580476096e-14 1.85680554528682e-14
7.45866439277085e-16 2.3695358617516e-14
-3.82878316183676e-14 1.61958229796339e-14
1.07014865388837e-14 2.29300575498582e-16
-1.26866258879962e-14 5.23860841852594e-16
7.04434634561933e-15 2.56317468310325e-15
-5.1820352713716e-15 3.93784514581155e-15
3.62489238055936e-15 1.37210865056645e-15
-1.1825895022195e-14 3.8930234281863e-15
-2.02843437915331e-15 2.3803682341185e-15
-7.90398513888559e-15 -1.06701829275926e-15
-2.21791142097471e-15 -6.86226016982986e-15
-6.77275649865808e-15 3.86611642155816e-15
3.91684305038737e-15 -1.36867917102392e-14
-2.6410614283102e-15 2.53828339913329e-15
7.68112691241888e-18 -4.45406486874216e-15
-2.77401606109153e-15 2.59098486972711e-15
-6.10540420931416e-15 -3.1284266292093e-15
5.32480346042228e-16 2.46683791892455e-15
3.67681538017628e-15 5.83479799004635e-15
-3.97202513342645e-15 -8.92329973787167e-16
-9.12159202329745e-16 -2.57278738188118e-15
-7.94587651796345e-15 2.7358563766996e-15
5.17188226657894e-15 -1.34759677579916e-15
-7.48079222869138e-15 -2.74883346616458e-15
-9.63134380608356e-16 -3.96891202711296e-15
4.41204370545124e-16 -1.11614268776554e-16
2.49084560155338e-14 -4.10213812608142e-14
-3.55779770397991e-15 1.77354036888685e-16
5.45803577173671e-15 8.87371113298902e-15
-1.83598810317298e-14 -5.37032474372235e-15
-1.91898990807858e-15 -6.50556570295025e-15
1.47026749816664e-14 -7.34805509775442e-15
-1.19179523136355e-14 1.42429314467463e-15
6.8381780132085e-16 3.92740684093037e-15
-3.3077443080724e-15 1.09743387243203e-15
6.28514116035441e-15 -4.68030794352911e-15
-1.52859109267708e-14 -8.2701431850957e-16
-5.76772705027806e-15 2.10159425315539e-15
6.17988908747659e-15 -9.59897357290687e-16
-1.59136752139732e-14 -7.83188321884079e-15
-8.02045213805919e-15 -1.93989504252535e-15
2.43884877664806e-14 -7.64055020193623e-15
-1.17061191517715e-14 7.67450268965847e-15
1.13255696420981e-14 2.56103687986116e-15
-1.96475866063115e-15 -5.91059610350801e-15
1.22354223311837e-14 -1.8405812624758e-15
1.29434906617692e-15 2.36844177257904e-16
-1.62359426430425e-15 -2.64948208158479e-15
-8.11584768593876e-16 5.45989457152479e-15
-1.40528490768099e-15 -3.95653781250345e-15
1.07757837876659e-15 3.64398776042897e-15
8.89360132071038e-16 1.62604411937361e-16
5.69227548512232e-15 -2.73817751980792e-15
5.87166709563287e-16 -2.39526032417707e-15
5.86025770002048e-15 3.14048648762571e-15
5.34710679315169e-15 -8.50257308145002e-16
-8.37760793049022e-17 1.99685750707293e-15
2.13358973573627e-15 -2.91482635527217e-15
5.66825933146559e-15 9.26246731373015e-16
-3.48965886360898e-15 -2.5630353295927e-15
1.41144758314017e-15 6.32605146676038e-15
-3.07351846057665e-15 3.0726140835147e-16
2.11974726853687e-16 -4.79877849786036e-15
-8.69526897109703e-15 -1.89401791897926e-15
4.76059932758567e-15 -1.37561681512726e-14
9.17688660463989e-15 -3.59647044230398e-15
7.58036339560415e-15 -6.49518829178918e-16
6.43422499107216e-17 -8.38601578019477e-17
-1.14330862470598e-15 1.22724845243041e-14
-4.71651360332869e-15 -7.96119816166921e-16
-8.80283110567232e-16 -1.65616514070615e-15
3.03652951463166e-15 -4.74461106835576e-15
-7.62645206071422e-16 6.32560205245556e-15
-7.56163400569832e-15 -3.84232892060745e-15
-9.4148352419563e-15 -1.91752010920192e-14
1.437549560495e-14 -2.21027179599109e-15
7.63075981759986e-15 1.17564020575558e-14
3.41968332430235e-15 2.67391130227578e-16
8.92106903637488e-15 7.29450666911991e-15
-3.70548753270865e-15 -5.00728829189688e-15
7.18505750805564e-16 2.85914769151377e-15
1.27531362115049e-14 -4.16506686976893e-15
-3.72658263490298e-15 -8.92169369729487e-15
9.12135136732636e-15 1.02564783660229e-15
5.7605493939497e-15 7.38287262944075e-15
9.96511939007283e-15 -1.39877471106797e-15
7.17904594733414e-15 4.08470224701235e-15
-2.94154760083467e-16 3.89531567373046e-16
6.2676084999655e-15 -2.0737277444735e-15
1.77218918630661e-15 -9.0342923074116e-16
8.45317466851006e-15 8.31690148582374e-15
2.74382519748382e-15 4.22973237182511e-15
-3.83831556406591e-15 -1.0055183297132e-14
7.20171221587148e-15 3.048251681413e-15
8.50693275041722e-15 -3.73837789070426e-15
6.08985057377475e-15 1.52482244465618e-15
6.63546219202313e-15 -3.88439855544562e-15
8.66668041514219e-15 -7.13015455256245e-16
6.21711086581544e-15 -1.15467546831277e-16
4.44771971237429e-15 -1.6831135351471e-15
-2.66499421859166e-16 2.99857784266608e-16
1.30766770453749e-14 4.64252804658865e-15
9.37140598007619e-15 -2.259244834802e-15
4.18163961611816e-14 -5.06170930958866e-16
2.20652178757999e-16 6.27126743778168e-14
-3.74133874363442e-14 3.8179051857684e-15
3.62984032149775e-15 -1.90516178395949e-15
-5.56337626706308e-15 2.57025803518892e-15
1.69961582026416e-15 1.14896757036244e-14
-5.54566471863022e-15 -2.63390366550871e-15
-6.44390319632146e-17 -3.1511064247367e-15
1.12557065691989e-14 2.76235388596436e-15
1.32677312871337e-15 -4.64091682966353e-15
3.99036829610346e-14 1.5549484913395e-15
-1.47088704014647e-15 7.18509579101528e-14
-4.43863253962992e-14 2.96676998101159e-15
4.14301212418709e-16 -7.59671616429026e-15
-1.88329194199343e-14 4.51492580518033e-15
6.0898462505102e-15 2.18095331895203e-15
-1.1481572521441e-14 3.0045536801342e-15
6.85339244396248e-16 -6.98811854936612e-15
5.84855802543216e-16 2.27074755334505e-15
3.60852129575737e-15 -6.0416169922415e-15
-2.94814076584904e-15 4.7436264938346e-15
5.40093360074958e-16 -3.48944870652861e-15
4.30698235228159e-15 3.82229735190574e-15
-1.34844182142407e-15 3.55093984439343e-15
-3.80862243763712e-15 5.87320426567668e-15
3.18662573942652e-15 -8.84681715078748e-16
-3.88212350789012e-15 4.25300960930553e-16
2.48396769618125e-15 -6.42392315790872e-15
-2.53607341752409e-15 3.8012538884893e-15
-2.86395122744198e-17 -1.37073505751718e-14
1.68924406232092e-15 5.05795618886795e-15
3.4934683608907e-15 -2.44928335362285e-15
4.98087724125578e-15 3.73008484133799e-15
3.72937444707671e-15 6.8247996791229e-16
4.17672246858687e-15 -1.91835421484009e-15
-4.48871393653303e-15 1.53478026821551e-14
-3.19492360564599e-15 2.6684824969938e-16
1.82300186760333e-15 -5.85438541498879e-15
-3.07417092452973e-15 1.48598587778423e-15
1.4570349979219e-15 -9.03834731213286e-15
1.01425457223012e-14 7.35812987931004e-15
2.51933290891796e-15 9.62303772248665e-15
-1.30544418205435e-15 1.69596429574552e-15
-1.37976144425254e-15 2.54920065969735e-15
2.87480573468397e-15 -8.56058867290997e-16
9.38120979512228e-15 3.00736073410644e-14
-2.26525127303877e-15 -4.76781988869033e-15
-5.39868893096413e-15 -1.87652610909508e-15
2.90736566058392e-15 3.38121868931283e-15
-1.04041442415578e-14 -6.38020200034444e-16
6.66433401905493e-15 1.80022293923401e-15
-1.43897770834272e-14 -1.28413704151945e-14
-2.06153296254802e-15 2.91975148813299e-15
3.33702605766462e-15 -2.49732177737798e-15
-2.24901709427994e-15 -7.32385524939217e-17
9.75852643469997e-16 -7.65813640683942e-16
-5.27107170348866e-15 -8.95323361889042e-18
-2.38902586403946e-15 -3.93125169203501e-15
7.02567802469562e-15 -1.4123062833973e-15
-1.33899179874945e-15 -5.54711308361413e-15
6.19329390901251e-15 4.64445039729177e-16
-1.75392762625918e-14 2.66530704109875e-14
5.94642379658145e-15 -3.65886463213704e-16
-5.33184458814415e-15 8.14716809441171e-15
-3.78486806020425e-15 3.38946475816385e-15
4.57845743580923e-16 9.63859300345169e-16
2.30262328933085e-15 -4.64937058938667e-16
-1.29534716043469e-14 3.82906829764388e-15
3.03267311777696e-15 2.68530822901372e-15
9.04939829070259e-15 -1.1277657608997e-15
7.35643989218933e-15 -8.49812563863782e-15
-5.26399722349433e-15 -2.58683722134378e-15
5.57517060294713e-15 1.05310929604988e-14
1.80738074534282e-14 1.2408566929684e-14
2.59026889447248e-14 -1.60619539577661e-14
9.28335969398983e-16 7.0301762837437e-14
-2.31400546349187e-14 -2.43786982504808e-14
-1.62420437044297e-14 1.26781488849e-14
5.10689982627591e-16 1.89204669331786e-14
1.79970653908686e-14 -4.44275649657617e-15
6.25979545735087e-15 -1.66089095314994e-14
-9.58307207145313e-15 8.85913611122279e-15
-4.53827063608987e-15 1.39861730983121e-14
3.10653079022046e-14 -4.86548255905182e-15
2.45237779597288e-14 -2.15515334092074e-14
3.10198525613095e-15 6.31978764001494e-14
-2.71284498886247e-14 -1.59446564856693e-14
-1.66111087943e-14 5.12121828260473e-15
1.98445600684648e-15 7.19073681457886e-15
6.73205506569149e-15 7.08819570673082e-16
6.6768914823921e-16 -8.78648410478359e-15
-1.1632400458749e-14 6.57360786417592e-15
-9.53687086230086e-15 -7.68176937384673e-16
-3.42649608370065e-15 2.31106830235218e-14
-7.67000840666839e-15 7.01867087548256e-16
2.20522758891282e-15 1.87299426716092e-15
-5.63364636926268e-15 -2.30905171000092e-15
2.60975822452847e-15 -2.86630920321555e-15
1.37016965105755e-15 -5.81798633604024e-15
-2.40577991697773e-14 -6.10701502396104e-15
-2.29581358686228e-15 6.08315101157507e-17
-4.51678981406379e-15 9.94213828100472e-15
-1.05937192331194e-15 -8.42245279488599e-16
-3.99039632531777e-15 3.53965404884498e-15
-9.0142299357756e-15 2.16658083887187e-15
-2.98009606090572e-15 -3.65347912435359e-15
-9.80165045612324e-15 -3.23099308406713e-15
-8.20067704816825e-15 -3.65283436242387e-15
-1.10939544218245e-14 1.96885284186453e-15
4.40580950572909e-15 -6.35815693666243e-15
1.45932754309405e-15 2.52743602022606e-15
-5.47676944432635e-16 7.1027907697694e-15
2.45098031787674e-15 4.68511844110197e-15
-1.98892160963956e-15 5.16771920321544e-15
-7.35917193304805e-15 1.73312135392637e-16
3.49886152474311e-16 -5.41335413000225e-14
-3.47439954475333e-15 5.29997765015821e-15
-1.23976578318533e-15 -3.71643640668604e-15
-5.77215815542629e-15 8.1357423134106e-15
-1.77362618383851e-15 -2.44011946956659e-15
4.54451890121918e-15 3.14219475438154e-15
4.36863387561333e-15 -1.93581914725312e-15
-8.43953249365858e-16 1.2665754106074e-15
8.40097761530467e-15 9.65090569984079e-15
-4.24705277964964e-16 4.22598558405913e-15
1.4555332848712e-14 -9.29575611462892e-15
-6.93804775148849e-16 4.02855633501005e-15
3.7621308392979e-15 2.1009142472449e-15
6.03232985605323e-15 2.32281314963205e-15
6.11508619990741e-15 1.34139076830843e-15
2.65973247815017e-15 1.88166641096744e-15
6.57921912299724e-15 1.07569178227587e-14
-3.67132849358645e-15 9.25074525920051e-16
5.88826931685401e-15 3.54055969883404e-15
1.53457704984268e-15 3.83993305694848e-15
9.36805076409892e-15 -2.79311097768625e-15
-1.31549295984889e-15 1.49831125923998e-15
6.0191496945854e-16 -3.99608569499877e-15
5.17095125846292e-15 -4.43896808372993e-16
-5.58710716127397e-15 -1.98621939948206e-15
3.89144303791333e-15 -7.89610239542976e-16
-1.24280875309733e-14 2.55894883229918e-16
5.98584718333106e-15 3.02508735385713e-15
-1.25223588861699e-16 -7.86727190392765e-16
-6.28778870507584e-15 3.35912413271083e-15
1.93906387762802e-15 -2.7689821648057e-15
-7.67733710817724e-15 -2.18796148599328e-15
7.54275412033854e-15 -8.51684420604159e-15
-1.2843867543932e-14 2.17027567890845e-15
-1.21190918538724e-14 -2.50542126784247e-14
1.29931977043998e-14 3.27515744911567e-15
1.77459267376778e-15 -4.20319052646535e-16
8.37091057711305e-15 5.60978770100281e-16
-2.53704170069698e-15 2.11325298166295e-15
-5.86696599904746e-15 2.40236067036744e-15
4.02648118362867e-15 -5.50845513065173e-15
3.86968790424285e-15 3.90888051435059e-15
-1.47819020190423e-14 6.37918446651959e-15
-7.37595028836549e-15 2.22644355420945e-15
-2.73353545967834e-15 -1.60487338195603e-14
1.35639788225905e-14 5.33879317935344e-15
1.01674744683916e-14 1.38603126245992e-15
4.40818327716524e-15 -2.09003088097631e-15
2.79187542698127e-16 4.61846460759378e-15
1.98055368483119e-15 6.49175554157946e-15
4.6922244122264e-15 -8.97154565074378e-15
9.47537629513801e-15 2.42969642640063e-15
2.98860987665508e-15 -1.54686505151238e-15
7.50893721298646e-15 -2.45601683416561e-15
7.41251341688258e-15 5.85360522421096e-16
7.56766628477736e-15 1.44415649609888e-15
5.92013196825624e-15 1.23997748069129e-14
3.10663425609385e-15 5.35448246487329e-16
-1.28183233368749e-15 1.36404650800616e-15
2.46245418733293e-15 2.28618729859479e-15
1.44167378220977e-15 2.3908548519213e-16
3.78910029274326e-15 -5.13493539259054e-16
2.44842806697443e-16 -2.98898132215298e-15
1.25801253621396e-14 -3.82093519123989e-16
-1.27675647831893e-14 1.15463194561016e-14
1.28167255262604e-14 -3.68567192133049e-16
1.83377013696006e-16 1.12714310588741e-15
1.56959401525833e-14 9.78559598249204e-16
-5.54935181994171e-16 4.81596226542534e-15
4.41527093978383e-15 3.20403426012916e-15
4.01674343154693e-15 3.17800719108953e-15
1.00840449911515e-14 7.97322281932441e-19
-5.52621947282316e-15 -5.30619365091433e-15
3.7843851133556e-14 4.35827396108043e-16
-1.27675647831893e-14 1.15463194561016e-14
-2.99113648749534e-14 1.00967616932867e-15
-4.62547976797019e-16 5.09885729986426e-16
-1.21919314228874e-15 1.53276475988968e-15
-8.0282487944366e-16 4.13627339604823e-15
-5.57615662816896e-15 3.63296009525192e-15
-4.42885967531879e-15 -9.38626358895e-15
6.66861839136163e-15 3.30932674082551e-15
7.08838446495162e-16 1.84854016314368e-15
3.19521546480482e-14 1.43327775281414e-15
1.12579197269801e-14 4.68476662494952e-14
-3.73498203020892e-14 3.38820890101398e-16
2.54806131641032e-15 3.21128929289306e-15
-1.72600665798377e-14 2.61263186807296e-15
7.48588900549018e-15 5.01660549733645e-15
-1.05484160652202e-14 3.95705638162053e-15
5.49418057390367e-15 -7.94806140125387e-15
-4.99605956638563e-15 3.62170304841421e-15
4.34911555583279e-15 3.83945571329433e-16
-2.08503294223187e-15 2.79291032346926e-15
6.80447716001409e-15 1.14192501033211e-15
-2.35929423223235e-15 1.88885240715196e-15
2.15576188556083e-14 -5.23366720152826e-15
-7.12792342220731e-15 3.86281283642348e-15
4.78444192733717e-15 1.00725704266943e-15
-6.22200277470349e-15 5.78212684095907e-15
4.67766138263035e-16 -5.704895452417e-15
-5.63714570237037e-15 1.28120948111767e-15
6.26099197255504e-15 -9.11919243689351e-15
3.03766280725041e-15 2.39871504755583e-15
1.30755667000067e-15 -3.93157252625742e-15
3.71248388453883e-15 2.33716515070183e-15
-6.13745719813969e-15 8.65584129826355e-15
1.12166089202656e-14 7.38377424432486e-15
1.79007975792717e-15 1.75288326946616e-15
-1.00327638735053e-14 7.82299507673506e-15
6.63254869984537e-15 2.35042480571846e-16
-5.17616249115592e-15 3.72063631763295e-15
5.07309630987867e-15 -7.42771450362169e-15
7.75571818795326e-15 7.6118125763628e-15
3.79534970775601e-15 9.35239072373867e-15
-6.91537905282543e-15 3.85872406674238e-15
-8.45433518441427e-15 -3.37671297938017e-15
4.85487699606966e-15 7.74613947331824e-15
-2.95016792597592e-15 -4.18049726142092e-15
-9.22957924561962e-15 1.11412159460596e-14
-4.24266437634867e-15 -1.01411828567268e-14
1.30522525909772e-15 6.46674992313989e-15
-3.13558519539374e-15 -6.84819783409603e-15
6.58507026475815e-15 5.76577389970487e-15
-1.14174804206068e-16 3.5350828204987e-15
-7.30367799470324e-15 8.21922413470915e-15
1.20800614313646e-14 1.67987789358797e-16
-3.57016049694339e-15 3.74818378972624e-15
-2.17379852322003e-14 -7.44166383719138e-16
-7.87554363341013e-16 7.76535653476739e-15
3.15534019970439e-15 -1.32047367773322e-14
4.95201974733855e-15 6.38665994802753e-15
4.52588320547548e-16 -1.03698652941975e-14
4.30533757661656e-15 6.60771353241605e-15
-1.88109311280767e-15 -1.97103727601523e-15
1.02354989809728e-14 7.51686629574452e-15
3.86140579703878e-15 -1.95177800116836e-16
4.58245952011076e-15 3.53063811876195e-15
7.30009578070064e-15 -1.22392426686147e-14
4.75356836410697e-15 9.03487839336708e-15
-1.24782791755517e-16 -6.55434573551685e-15
7.00721889156443e-15 2.06870615533991e-15
-8.67664968062514e-15 -1.01172445370772e-14
1.99037163714143e-14 8.15276475132106e-15
-2.24648033967438e-15 -1.24079254873649e-15
2.47686684122779e-14 -2.37223743309719e-15
-1.27112708408423e-14 -2.33312818576099e-15
6.23180668845122e-14 2.08520758678478e-14
-1.02063460544563e-14 2.77629802667812e-14
-4.90011009572399e-14 2.52782662321226e-14
1.80027595466479e-14 -3.36003924839943e-15
-1.08641340480971e-14 -5.52574725357269e-15
-1.15764410804317e-14 -2.98924533367604e-15
9.40584043075298e-15 1.02393293150781e-14
-5.57733464113e-15 3.09813379015157e-15
7.91025906227336e-15 -2.50875151254003e-15
-2.57632103280328e-14 -5.27529049986361e-15
5.04061766067146e-14 2.3817149086208e-14
6.43938214093538e-15 2.57066083713596e-14
-5.74305616808701e-14 2.01816981432319e-14
1.31492618289371e-14 2.28356111636491e-15
-1.88058495233598e-14 2.8691456260477e-15
-2.13717096350577e-15 -6.77540229326445e-16
-9.58355170528943e-15 6.52994480351339e-15
2.82187791571418e-15 9.44381354453738e-15
-1.45784479537071e-14 2.92919131744509e-15
1.27777810441233e-16 1.26932608561538e-15
-9.68786072554706e-15 3.93181722266192e-15
-4.3022288086766e-15 -4.54077382131855e-15
-6.26373390819061e-15 1.37867792601396e-15
-1.00442288673469e-14 -1.72504671752858e-14
-5.78952088283409e-15 1.44066159676117e-15
-2.745614469365e-15 2.10149602822099e-15
5.19691682971405e-17 2.653804324214e-15
8.16774616711977e-16 4.29412710971318e-15
-1.59059855939832e-15 -1.46310288612835e-15
-2.78669197059068e-16 9.30419143484383e-15
-4.17954296902497e-15 9.19257694509494e-16
2.06388037948165e-15 1.39069851245725e-16
-8.61635102110825e-15 9.09081844514004e-16
-2.20389089541962e-15 -4.67763274989271e-15
-9.18547848659614e-15 1.15189163124942e-15
-4.23249560944773e-15 -8.7759249603485e-15
2.53814324610005e-15 5.43477464307923e-16
-3.2616943216463e-15 -2.44500032523428e-16
-2.75056015275336e-15 -2.17604009285183e-16
6.79288275412007e-15 1.20477539005244e-14
-1.6732376613658e-14 -6.78943533413009e-15
1.59118976380995e-15 -1.20456787360002e-14
1.08539579225555e-14 -6.03776307834759e-15
-1.71833560677391e-15 -2.30560517343507e-15
-1.28915414400296e-15 1.29417981788914e-15
-2.17460447712155e-15 -3.60205868037157e-14
7.30496331378103e-15 -2.37602534220971e-15
-3.32221624627074e-16 2.65690997108062e-15
-4.18781352901773e-15 3.86629171121659e-15
-4.71050683697404e-15 -1.67781719274954e-15
-1.65939122284012e-14 -8.21749083656975e-15
-4.17345962251399e-15 -3.88050123195796e-15
1.93563480758368e-14 -3.33866509655365e-15
4.21534361066141e-15 -3.3604391285723e-16
9.09290432900121e-15 -1.63904295218439e-16
1.71148069909083e-14 1.88516617217418e-14
7.7463908522767e-15 -1.59962960624696e-15
1.71933309992531e-15 9.18289737620833e-15
-2.14488279988035e-15 1.18181938031923e-15
1.00992804908539e-14 7.45537175238752e-15
1.36044108276549e-16 -3.20393904194972e-15
2.35440237461999e-15 -4.88810304566504e-15
-7.58814936568946e-16 -3.46905050391383e-16
-4.99099873060535e-15 -5.07532635261207e-15
4.05708627089552e-16 -1.39071831171341e-15
-7.12424068098771e-15 9.14825387391453e-16
2.1200362732326e-16 4.6524446125399e-17
-2.58225763079152e-15 7.98880535475598e-15
2.14047323252526e-15 -2.68912085699445e-15
1.59838404558e-15 2.37741929504778e-14
-6.38735384629245e-15 -3.73132155024951e-15
-7.09478125349593e-15 1.50147725349931e-14
-5.36728366227568e-15 -3.86629251328447e-16
7.78245955014007e-15 -4.67514028967592e-15
-1.32791878067235e-14 -7.74267332856313e-16
1.94121630822318e-15 -1.85619018195281e-14
8.96890946645371e-15 -2.68638096617151e-15
-1.36072355637282e-14 1.31382836387743e-14
2.77472437317606e-15 -2.72070314492913e-15
7.05638635199147e-15 -1.17777877812155e-15
-6.32552252557194e-15 -2.17445124200807e-15
-3.67077199497591e-15 3.420070352094e-15
4.94933197156954e-15 1.07953807943512e-15
-3.59976298733776e-15 -6.65221372053582e-17
-5.4374312313812e-15 -2.46454330068809e-15
5.81620280601886e-15 -1.57440130587674e-14
1.73354038499772e-14 6.47182648025718e-16
1.17881465871046e-14 -6.99162476693539e-15
1.44306672659528e-15 3.92831234668317e-15
-6.06568341253031e-16 6.3905668263533e-15
-2.7642362018146e-15 -2.21724708729639e-15
-4.16361523188765e-16 -8.06954857621591e-15
9.17841499972792e-15 -1.62377325355463e-15
6.13220591219347e-15 1.05605455098604e-15
7.36242776279192e-15 2.63697526818445e-15
-9.10530292291696e-16 5.83388292339708e-15
6.2981654720617e-15 1.06083158213899e-15
3.19196057394974e-15 7.34136474217447e-15
-3.44118074293174e-16 2.38536035596143e-15
3.99066733710957e-15 -8.10882202751693e-16
3.57735254310281e-15 -3.79670910831783e-16
2.83910149820362e-15 -1.60156736811379e-15
4.64701663426619e-15 6.73819170102352e-16
3.23840932627921e-15 -1.40021136472691e-14
7.63298274360989e-15 3.13037690089968e-15
1.74717644384222e-15 -1.18649401848677e-15
1.22475985159807e-14 1.14006726728226e-15
3.5336022351123e-15 1.89681919154285e-15
7.93298589713663e-15 -1.42728576801931e-15
-4.11643016970994e-15 -3.58769553980455e-15
7.40669014136404e-15 -1.37515372124842e-16
6.48904331982218e-15 5.55693199646412e-15
1.16848745068382e-14 1.12391656497434e-15
4.21014498109285e-15 -7.83026483918915e-15
3.00014693984636e-14 1.54321274538608e-15
7.29844875768443e-15 4.3512275674928e-14
-2.47101709476179e-14 -1.03877079610338e-17
5.26033809930703e-15 -4.11007061906776e-15
-5.8364879193021e-15 2.49692552021648e-15
1.02983554890511e-14 1.61507505822002e-14
-2.66150588821039e-15 1.07856883648894e-15
-6.65468163410379e-17 -1.72388732825946e-15
1.19668181773317e-14 9.43819949384674e-16
-1.02986222194733e-15 2.84254326664462e-15
2.75125420466476e-14 -2.87045521234978e-16
2.69517719226328e-15 4.48325007937961e-14
-3.00547675278094e-14 -1.80541428978244e-15
-7.9528325246591e-15 -5.02315099887441e-15
-1.53647597190291e-14 2.3114139301543e-15
-1.00510537026268e-16 1.29717639694942e-15
-1.25724175507186e-14 1.5731248165716e-15
9.20410198430509e-15 6.0974009264491e-15
1.72613128357396e-15 1.77240614550289e-15
2.70699415672591e-15 -2.89084353085283e-15
3.61757370767327e-16 2.66932876879098e-15
-3.5786003879886e-15 -4.71576077495003e-16
2.10901239919164e-15 4.72015973640606e-15
-2.56509604752607e-15 2.51128191964893e-15
-3.71900151815991e-15 4.46274037721727e-15
2.18447814464783e-15 -4.42356864818992e-15
-3.16411468523966e-15 7.87642761906449e-16
-1.10939354044194e-14 -5.19651596560449e-15
-2.10976803762734e-15 8.88216921003319e-16
-1.25691187048027e-15 -1.6008692817429e-14
3.78628108854796e-15 5.84504365487314e-16
2.16849135710455e-15 -3.74367206270884e-15
4.38151922104879e-15 2.82501668824978e-15
1.14632671481613e-14 1.87855970728355e-15
8.20079648911355e-15 5.35399632300533e-16
1.39914159893801e-14 2.16549634711688e-14
-9.88867428710068e-15 -5.39399094419012e-15
4.70424500591088e-15 -2.05248469640495e-15
-1.08662198595087e-15 9.48541129608379e-15
2.16090455236804e-15 -2.67064343277259e-15
8.83493016541923e-15 -1.55730490430846e-15
1.74594613360462e-15 7.19328299635255e-15
-5.10864456515292e-15 2.69730977905865e-15
-4.49385504734365e-15 -1.15049809170037e-14
5.06866022543324e-15 -5.60841363344679e-15
-2.85027726523566e-15 9.28006075338725e-15
-4.59247582183746e-15 -3.96723883075862e-15
-3.90181795886211e-15 6.77609869786875e-16
4.28827596706457e-15 5.22610859696281e-15
-1.84717536368403e-16 1.03828247613294e-14
6.74900332382826e-15 -1.07507469935486e-15
-5.12032684168185e-15 1.97439413836795e-14
-6.31936316983449e-15 9.83129318072858e-16
8.48615098251043e-16 1.29822858689596e-14
-3.06160782482422e-15 6.32803765765001e-15
7.97676323980296e-15 -1.11549919490306e-15
3.5226534634968e-15 1.18881789261728e-15
2.42548781276045e-15 -6.76836987862212e-15
8.88583438954252e-15 -4.91660665090638e-15
-2.3333741636188e-14 -2.63171822009141e-14
3.25974250732556e-15 5.0301263677426e-16
-3.1325988142e-15 3.50234057229943e-15
4.50015683933679e-15 7.56324832526995e-15
3.88014459003364e-15 6.01669506117473e-15
1.36135259441013e-15 1.89205459670353e-15
6.1058758885463e-15 -1.11092029300759e-15
-1.57824717817296e-15 -4.27637322525715e-15
-7.61968992349972e-15 9.82780350831371e-16
-4.20792066537692e-15 4.85535269191812e-15
1.68606253061166e-14 1.38771847413906e-14
1.19180969167296e-14 1.47544239424785e-14
2.32002667620502e-14 1.25561512675186e-14
3.21768745385582e-14 -1.30136637258847e-15
2.13316202916339e-14 -1.7148451352125e-14
1.50526541005597e-14 -2.70847654148958e-14
7.47787124840337e-15 1.01253035613644e-13
-1.90366074782356e-14 -2.80976108579397e-14
-2.68464997069166e-14 -1.76012973656119e-14
-3.31103527338489e-14 2.73214058465263e-15
-1.9024171097808e-14 1.50816450620993e-14
4.4192067560322e-15 2.37503056840465e-14
1.28075682633696e-14 2.37713631510183e-14
2.36609936208048e-14 1.73917479903991e-15
3.24486226975788e-14 -1.92066579682427e-14
1.55326375671659e-14 -3.01688204903518e-14
7.91829286331333e-16 1.20088203385449e-13
-1.7305618247829e-14 -2.8086827030736e-14
-3.323020179284e-14 -1.88096392407082e-14
-2.24871233240277e-14 -1.12973897649387e-15
-2.01157674790063e-14 1.10638726581632e-14
-6.15240142404198e-15 1.30553367954809e-14
1.7280843783306e-15 6.25462148575663e-15
1.46152343843108e-15 5.55503016638797e-15
-5.12706119559698e-15 9.21271505220905e-15
-4.50496240198091e-15 -1.6470789760396e-15
2.24330172284311e-15 -7.30325103072759e-15
-9.00381760722696e-15 -3.56015389304921e-15
3.91897361512348e-15 -2.50414096986382e-15
3.61015544280773e-15 2.38006858153924e-15
4.05914902886281e-15 6.46263697578601e-15
1.40608971563586e-15 -5.68379024248988e-16
-8.77706770991288e-15 9.48520538163232e-15
3.38810035776703e-16 8.07906739162291e-17
-4.65542983411133e-15 2.45824379639556e-15
-1.0795496980359e-14 1.00900404431977e-15
4.44243206578549e-15 5.79217579106691e-15
-6.52371475874966e-15 1.62542140192382e-15
-4.22132441775687e-15 4.77803044622149e-15
-3.51356015533328e-15 1.12315416154143e-16
-5.33433144752701e-15 -1.51211972296562e-14
5.90242364388964e-15 3.43761313921179e-16
-5.07915675920443e-15 2.16281692658627e-15
-1.23034725621823e-16 -1.61039237061367e-15
-1.13476563787949e-14 7.49349018516488e-15
-1.05662446720809e-14 9.31521060331356e-15
-4.28175049698638e-15 -1.99260928525683e-14
8.4237978461944e-15 6.12130688992202e-15
8.29172754422073e-15 -4.35340946270477e-16
-7.63255858046429e-15 -5.44872981324663e-15
-4.47573291234624e-15 -7.41738730802184e-15
1.72543010892526e-15 6.68190616795095e-15
6.41180184907743e-15 3.65379135879727e-15
-3.11818266736373e-15 -5.29275968415957e-15
-5.24556888884663e-15 3.1311861618394e-15
-5.3639550540778e-15 7.47728585638902e-15
-2.49304063457461e-15 -2.21364406377839e-14
5.08345294361065e-15 4.06752243139073e-15
1.12083369122881e-14 -2.3951918950498e-15
-3.80187142374731e-16 -2.86158520986532e-15
-3.89513252937827e-15 -2.22131801421243e-15
1.87404264592965e-15 2.13625277220393e-15
2.35660044957241e-15 8.30969270822539e-15
1.36821456286923e-15 -3.14751716228959e-15
1.70654562455231e-16 -1.37457226653318e-14
-5.35240917413122e-15 3.03006299365954e-15
5.82144824035782e-15 5.31958439521257e-15
-5.55764727761443e-15 1.20864442868101e-15
1.61258696236828e-15 -9.59002573474905e-16
3.54665822053675e-15 2.48760857848844e-15
1.76310187283591e-15 -2.13168582780429e-15
7.66185600323511e-15 -2.05554510279428e-15
-3.10907363123201e-15 -6.45765973378413e-15
2.83315886274333e-15 -1.07255436870906e-16
-3.528771387147e-15 2.07843951965173e-15
-8.46818550649344e-15 2.0055699565183e-15
1.09148639717416e-15 5.72719482273129e-15
-6.52420920755845e-15 5.04476053876436e-16
8.46937002293157e-15 2.19593982255384e-15
-1.08388750495234e-14 5.95988967731267e-16
4.6460213911385e-15 -1.40246122018676e-14
1.11132287536404e-14 2.45966102051977e-15
-3.83366632298719e-15 -5.70068747995641e-16
6.11652147512206e-15 2.45036009838271e-15
3.59354753775099e-15 2.39634850749092e-16
-2.69310054619092e-15 2.39827352341441e-15
2.47538740240188e-15 -1.24065397392912e-14
-8.33349588108566e-16 8.0409431796554e-16
-5.7025695249795e-15 9.29674199850068e-15
-1.05214979649095e-14 3.5359115616497e-15
3.68420695363682e-15 -1.59738254733746e-14
1.16916625530785e-14 4.18121859016357e-15
8.7369708635616e-15 5.58061538119874e-15
4.77861823610895e-15 3.2224824307807e-15
3.45630298515563e-15 -3.28168533236607e-15
4.28013041897086e-15 -1.36664762889338e-15
4.98520943039678e-15 -1.7983738417218e-14
2.66953957804716e-15 6.21192451753268e-16
2.94726901221793e-15 2.82212215700238e-15
9.40709835121044e-15 1.91302659977713e-15
-1.5868542893682e-15 -4.48055220661417e-15
6.39443770329682e-15 8.59469117420165e-16
-2.38179268757607e-15 1.01998099442648e-14
3.75562847245674e-15 5.33632432458521e-16
-4.51334106106311e-16 7.7744630932591e-16
1.11813721603634e-15 3.46661080298569e-15
-8.02425687833215e-17 1.11296752262345e-15
5.55742336568603e-16 4.80368235853938e-15
2.43202209115219e-15 1.63049791644066e-15
7.42221220500849e-15 2.75363845173686e-15
-1.65021211658924e-15 5.42960039711441e-16
9.03816643611898e-15 -6.55076325281882e-16
-9.98394570135462e-15 -9.48292746650591e-15
1.14701127511577e-14 4.08272161849271e-15
2.311901952686e-15 3.70076139590146e-15
-3.21972923020273e-16 7.19767418236943e-15
5.03678280525245e-15 2.39537737122131e-15
6.76681275469094e-15 -4.00650492611426e-17
2.93948911240854e-14 5.32575591241419e-14
2.87590189371743e-14 2.24606286181113e-15
-2.29123305876551e-15 4.04982745328106e-14
-1.81561141346803e-14 4.31042073795957e-15
-1.19700572017048e-15 -3.03009848085623e-16
2.34245771733444e-15 3.09721144590514e-15
1.89928217369994e-15 2.31062054800953e-15
-4.71747706371421e-15 3.98488915551957e-15
6.36313126427135e-15 -3.72401323358555e-15
6.10618635470762e-15 2.26975136844267e-15
2.61145429642277e-14 -5.85309133896722e-14
2.13222831677696e-14 3.30943155462085e-15
-1.36428530099446e-15 3.82155381337304e-14
-2.78893749362193e-14 4.14973164831418e-15
7.61193109595844e-15 6.13458728894149e-15
-1.21262514690611e-14 7.44908514622069e-17
-1.00537151520152e-15 5.77735209591154e-16
-7.07360514103541e-15 4.42797277527623e-15
7.81393457977248e-16 -3.10615441028901e-15
-2.44297543697976e-15 3.93071376771497e-15
4.80966672268938e-15 -2.1715005276556e-15
-8.63785603394593e-16 1.28650800195143e-15
7.12026136006692e-15 -6.23311746185518e-15
1.95590198521973e-15 5.33207406697062e-15
8.46921594091501e-15 3.02377192622646e-15
-2.32090487298369e-15 1.55282574071742e-15
2.45081100345668e-15 2.32084204896522e-16
-4.79224982198096e-15 4.63541670329939e-15
2.19156119901919e-15 1.93690587920744e-15
4.22827481797625e-16 2.15400161768576e-15
2.15415142019789e-15 -7.78369895273719e-16
5.62414038308399e-15 4.83630070461305e-15
-9.73433734412504e-16 1.7359535567873e-15
7.46912776565921e-15 4.34836393827391e-16
-3.43812670780225e-15 -4.65487756035166e-15
1.23057523596909e-14 6.93841535816736e-15
1.3123313620279e-15 6.44105653752835e-15
-8.51351613001709e-15 9.2245222260763e-15
9.26048625437855e-15 -1.06664816022801e-15
-3.46145718309892e-15 2.10830623964472e-15
8.62609768662802e-15 -4.06973170731469e-15
8.24092397898722e-15 4.52376891556205e-15
-3.67675848845402e-15 -1.88969761938106e-15
-5.88521413949213e-15 4.45576910327285e-15
-3.42460553442734e-15 -4.66627984923507e-15
8.44607297511061e-15 8.09204567974581e-15
1.31808796260218e-15 8.93881766724355e-16
-1.22146368242676e-14 9.59977684710266e-15
8.04496946165824e-16 -1.1474081351654e-14
1.23250707344437e-17 6.84744561094315e-15
1.23396584658809e-15 -4.53401961247247e-15
7.17094941504055e-15 6.40337019142092e-15
9.20458383189197e-15 1.02997042339453e-14
-8.38883431876616e-15 3.45119866073356e-15
1.01325199154753e-14 1.84809756763544e-16
-3.78828053778994e-15 5.88848783891455e-15
-3.77611293846249e-15 -3.56458071974611e-15
-1.20818646487482e-15 9.1502085693654e-15
-1.19986763565584e-14 -1.34074795145525e-14
6.05218714533445e-15 9.44910407954993e-15
-3.79446689721008e-15 -2.48379078107632e-15
9.6848901379709e-15 7.90365686920954e-15
8.8383190478889e-16 -2.11659125399062e-15
8.98925878200811e-15 7.47405329179191e-15
1.65090377465891e-14 6.99715574874191e-15
6.66822374315149e-15 5.75069588057566e-15
-6.43220779609546e-15 -6.60081761092224e-15
9.38501107576968e-15 1.17046381843301e-14
1.16775165174591e-15 -8.51497272750611e-15
8.56952446686271e-15 2.70065580497702e-15
-9.83585860972696e-16 -1.39000343799821e-14
2.55493314887346e-14 1.06868413169869e-14
2.4715704374922e-16 -4.72904006722255e-15
3.56218012885284e-14 1.95878125322838e-15
-3.6702938318584e-14 -7.19401365476659e-15
9.91650439355469e-14 3.68607027074906e-14
-9.07252136642852e-15 4.07664810418924e-14
-8.11363752506797e-14 4.11418448696637e-14
3.46248871197157e-14 -8.24148373770609e-15
-2.13409683466919e-14 -9.49064657792514e-15
-6.60126757877642e-15 -3.50995290004803e-15
5.58126907784919e-15 1.96345974166645e-14
1.34569152274731e-14 -2.56810645578016e-15
1.43749226379542e-14 -5.62501667274807e-15
-3.42336285618756e-14 -5.24603721705134e-15
8.27641419226708e-14 4.3221856494105e-14
3.02167976933128e-15 4.09358669604729e-14
-9.86837586948921e-14 3.73261876865481e-14
2.47552841492802e-14 -1.05081915879506e-14
-3.15104199190756e-14 1.33221674146578e-15
3.57008096723442e-16 -1.90557083283982e-14
-1.95721658671449e-14 1.36026472317966e-14
8.09462268055145e-15 4.76198537358594e-15
-2.06581537095447e-14 5.175257672039e-15
-1.86349043435732e-15 -4.73648831107322e-15
-1.6693329658006e-14 7.45527882551969e-15
-5.27492054060749e-15 -3.28690420768751e-15
-1.25747328556996e-14 8.91355507137305e-15
2.82536823926095e-15 -6.64984891304285e-15
-9.90919650995034e-15 1.12144609759569e-14
5.20060702730529e-15 -1.00351190539321e-14
-3.43313746220492e-15 4.1361554401374e-15
-4.61607149808265e-15 -4.80055294774916e-15
-4.06753706668881e-15 6.34807744368148e-15
-7.85220614777338e-15 5.71910844342689e-15
-9.59963155364297e-15 3.61982183110355e-15
6.40396732089526e-15 1.4886374938915e-14
-8.54545771121536e-15 9.71711322571642e-15
5.52664188775507e-15 -3.97921639223714e-15
-9.79773879616944e-15 2.40154773547651e-15
-1.62589274917183e-15 -4.77114206536154e-15
-9.07437205885457e-16 5.32095724219637e-15
-1.11674760203208e-14 -2.81634594126976e-15
-1.04741327776334e-15 4.23631662895319e-15
-4.91352479487401e-15 -1.83463359915058e-16
-1.30993701195458e-14 -7.17772042163645e-16
-2.5226217085585e-15 -1.01373740865326e-14
1.14250879933934e-14 -2.2224378885533e-15
-1.02138069677935e-14 2.91098001469718e-15
4.32311851481942e-16 5.44424331185234e-15
4.89079250113889e-15 -1.26004318020323e-14
8.20817977940126e-15 1.67159187397338e-15
-1.86260227270701e-15 2.57441501430948e-15
-2.29606384629061e-15 8.2500465162847e-15
4.77368516953289e-16 -1.5744445920604e-15
-1.00024589193764e-14 -4.04202065172517e-15
-9.86771283478314e-16 -7.07353055241739e-15
2.0786081773169e-14 -5.93134553766503e-15
6.12144612664429e-15 -1.70021925009735e-14
1.05299196689133e-14 6.92176319412932e-16
2.12105179465256e-16 1.00280793273989e-14
1.24994975760188e-14 -1.02300871635346e-15
-2.07440007586726e-15 9.2266318774992e-15
2.30729824324935e-15 -1.14851754680201e-15
-8.11007599042368e-15 1.12330018040052e-14
-4.37361369629864e-16 -2.32753316907051e-15
-1.65726291075086e-14 5.05378838201136e-15
1.01229393384033e-16 1.19129372191503e-15
6.12144612664429e-15 -1.70021925009735e-14
3.60578547718542e-15 2.33571468535277e-15
7.89397287816497e-16 5.00474943488823e-15
5.57656082735546e-15 -3.53586661933491e-15
-6.00195898911103e-15 2.80367574447507e-15
1.64767371955402e-15 -5.03474078874121e-15
-7.4619488332532e-15 8.31968398857172e-15
-2.46705037979371e-15 -2.95345470081937e-15
-1.43754244449773e-15 3.64095104874822e-15
-6.54931713804435e-15 -1.73204971039556e-15
7.06707792672388e-17 1.3773271152866e-17
-1.52593071116583e-14 -3.8714556971514e-15
-4.05423655940675e-15 -2.20607043089626e-14
1.36323333519356e-14 -1.61563621021812e-15
2.23205392907851e-15 7.27654346869536e-15
1.84574528998112e-15 -2.80454496659915e-15
6.40525915680482e-16 2.70413370068877e-14
-4.15210159503374e-15 -4.37624366443193e-15
9.45260619059442e-15 -1.59358472801988e-15
2.63419300765833e-15 -7.40043960175644e-15
-3.38878124549155e-15 1.16596614965821e-14
-1.05416214077329e-14 -6.68207395118888e-16
3.86165855406321e-15 -4.78103868100315e-15
1.68866807651355e-14 9.28374786558773e-16
1.68630765946579e-15 7.40023483838401e-15
3.45742975520045e-15 1.67745199470885e-15
1.16550495789285e-14 2.24488997826486e-15
-3.54028326944883e-15 -8.32411504723877e-15
-9.25432823143792e-15 1.40443918276866e-15
1.03436050504566e-14 -2.74547150245281e-15
-3.79271215786099e-15 -8.76978467826961e-16
6.83426953998408e-15 -8.19084296640766e-16
-3.01635419225567e-15 9.6354195702356e-15
7.16764446223169e-15 -2.71121353665969e-15
8.82401189544495e-15 1.12751878810109e-14
-7.11449439100173e-16 -2.30926612124823e-16
1.85796824060792e-15 5.45248485283313e-16
-2.93556681034905e-15 -3.18742218190853e-15
2.93280161386786e-15 -3.81732900152106e-15
-1.38332265085111e-15 5.36042473130125e-15
1.18961173995785e-14 -9.12960652371972e-16
4.07188435100807e-15 -1.07163777844916e-16
2.68610378805779e-15 2.52965334327102e-15
2.42493836560775e-15 9.91491320878337e-16
1.33510769553053e-15 4.04111882639841e-15
4.74167374087663e-15 -1.26347643694939e-15
7.67826164293614e-15 1.40168080140285e-14
1.04190826491003e-15 2.7593739424535e-16
3.76672802978995e-15 1.10031936982715e-14
7.63591029444328e-15 1.82999856372487e-15
6.24306401627296e-15 -2.10813974967456e-15
2.13082513300676e-14 -7.16043307477832e-17
-4.52513981773419e-15 2.67719586968669e-14
-2.13558344947236e-14 3.96563469902629e-15
3.61303102517438e-15 -2.34079805950912e-14
-5.06268185320096e-15 1.44529289442725e-15
8.71801264333798e-15 8.78126679847129e-15
-6.32634991194844e-15 -3.40880616747032e-16
1.08230573622078e-16 1.03703131889959e-15
6.44234580216323e-15 3.04153169121446e-15
9.19499010689834e-15 -2.40386219743116e-16
1.90735110664338e-14 2.7497721653516e-15
1.0094823664666e-14 3.69547217563955e-14
-2.25264486480579e-14 5.83935022646792e-15
1.52670824614409e-14 1.86947332445988e-14
-1.09579898217255e-14 7.91574944788311e-15
3.84066224365295e-15 -6.28291572480641e-15
-1.00902316254962e-14 2.60170752342699e-15
-1.80050012598467e-16 -8.43480887436333e-15
8.79125539229854e-16 5.9330372669439e-15
-1.11242392043009e-14 -9.88009821526019e-16
1.38687281581996e-15 8.97359673892817e-15
-1.18602020808441e-15 3.31419323428012e-15
3.37285607733586e-15 4.22522463627391e-15
4.27661877507436e-15 5.58820950837803e-15
-4.74875262674933e-15 5.8336668758008e-15
4.76890409999343e-16 1.16034657043808e-15
-2.88262362512216e-15 6.26502373646883e-15
-3.45063047057784e-15 -4.91072886951642e-15
1.84425910914811e-15 7.88802544934889e-15
5.12643151466482e-15 -1.40988121444999e-14
4.7390198770154e-15 4.72724239208762e-15
4.50534008560794e-16 -7.8899893110056e-16
6.40790728743593e-15 3.51828796714832e-15
-1.20067247857981e-16 -4.50275746627986e-15
2.97701515965016e-15 4.8346930702912e-15
-2.35622042830221e-15 3.84832711171084e-14
5.90473420544508e-15 5.30750480031745e-15
1.09655153378837e-14 -9.72033521887305e-15
2.59030264863318e-15 1.54512213799419e-15
1.4764165802339e-15 -1.25379645917001e-14
1.02968456563191e-14 1.26740115504215e-15
4.85984001915539e-17 1.12251032420275e-14
-3.00336605182947e-15 1.86766226438352e-15
4.93102353615297e-15 -3.86839154761003e-15
3.12740438648246e-15 3.30414028239731e-15
-4.52793960415053e-15 1.69592962328323e-15
2.12248479095344e-15 -1.70175580732606e-15
-6.03420816657001e-15 -4.44192309416645e-15
7.51746946810986e-15 7.53231454975148e-16
-2.59769217041643e-15 5.56664180990839e-15
1.0246631583834e-14 3.82604117240627e-15
6.5180437419846e-15 1.42516817927942e-14
2.36202138158682e-15 4.63599727352141e-15
-5.27147961024802e-15 4.27889166086138e-15
5.5873971140001e-17 -1.44201033947102e-15
-9.65823848561866e-15 -2.93956135170587e-15
-4.62839417146207e-15 2.6596966757657e-15
4.80510028289995e-16 1.46388121566246e-15
1.2419074936609e-14 2.11961413878815e-15
2.24844516367966e-16 7.06858630338264e-15
1.48085433081217e-14 4.18505860573463e-15
1.48866379677991e-14 9.94868554317171e-15
1.21029583292894e-14 -5.53254505743571e-15
-5.57458977217904e-15 8.87314572182059e-15
1.21232716106979e-15 4.65773530332292e-15
1.01551506828207e-14 9.96124166034144e-15
7.38091085687905e-15 -1.45382006276579e-15
4.43659199887949e-15 6.34113630603343e-14
1.35112050205005e-14 7.92706148461787e-15
2.42659251632512e-14 -3.38705049193138e-15
1.5209860590308e-14 -2.22915992902167e-14
-1.20758165401634e-14 -1.87251038799306e-15
8.7233269705275e-15 2.95225478917406e-14
6.27813148532403e-14 2.30516375937018e-14
8.0011768438015e-14 -4.73655961869635e-14
5.33258274294633e-15 1.83455908142097e-13
-7.1148950066154e-14 -6.83059217452911e-14
-1.33070314581118e-13 2.68320659832772e-14
4.3356352801146e-15 4.87517021104165e-14
4.14012953967952e-14 -9.46068883896294e-15
4.96799034639582e-15 -4.94978060386589e-14
-4.68392736534675e-14 1.31781275497931e-15
-1.10821081664486e-14 4.79261004201123e-14
6.26762301822334e-14 2.31740209251073e-14
6.87961819300257e-14 -6.47336686494091e-14
4.8022904366055e-15 1.9097370590775e-13
-7.88211748127641e-14 -5.01539037116138e-14
-6.37409520232261e-14 2.16601149167937e-14
-4.62399145895747e-15 3.20869459807458e-14
1.67008363290981e-14 7.17136054334547e-15
-8.24114900355452e-15 -2.29304914719974e-14
-2.51981289042387e-14 5.56751471816645e-15
-2.03823234878706e-14 6.28971194940605e-15
-7.58790946853107e-16 6.47215492872571e-15
-1.6967242463767e-14 -6.29717318312156e-16
-7.51953960561627e-15 4.97552811833067e-15
-9.2904823823547e-15 3.30710296235416e-15
3.45780476688138e-16 4.04727429843206e-15
-4.88247091241964e-15 -6.52541885318626e-15
-1.05185412941173e-14 -9.62965248316891e-15
-7.79199230987137e-15 4.05975441600259e-15
-2.00862408295324e-15 1.96264593285841e-15
-4.75987520950644e-15 2.0809141321995e-15
-8.66106869795022e-15 6.15855797180818e-15
-9.33266181648854e-15 5.74364898811316e-15
1.73716922307145e-15 1.5550004874333e-15
-1.39130569305787e-14 -3.01858527116116e-15
-1.77002454173684e-15 1.07774896593671e-14
-1.35818552838614e-14 2.11693799109785e-15
-2.43281040755907e-15 9.34482127665569e-15
-4.23234521544322e-15 -6.26724186554559e-16
-7.10001640230048e-15 -5.3848837084475e-15
-5.52025445987366e-15 5.00630093021025e-15
-1.10603959336148e-15 3.85034171990829e-15
-1.03984343388922e-14 6.19504777366084e-15
7.30835861368241e-16 -2.15850970681368e-14
-4.59805412649175e-15 9.58674009863473e-15
8.61794392406699e-16 4.35925434738454e-15
-3.62451896613255e-15 4.1951234605538e-15
6.24520529562198e-15 -8.83650264196251e-15
2.67622762343082e-16 -4.86662939383875e-16
4.22486920269007e-15 -1.26067261983166e-15
-9.03443540655494e-15 3.35644378223947e-15
-3.35523978029511e-15 6.08762836464915e-16
-7.99702868673884e-15 1.26718795860748e-14
2.25841823713406e-15 -1.69818434122254e-14
1.65780168981203e-15 1.19677654297665e-14
2.49475316169802e-15 7.38256405312212e-16
6.24048742883886e-15 4.45111235407438e-15
2.0735717501616e-15 -6.06794110405388e-15
-5.07553873477079e-16 2.17847569907525e-15
2.38332157294291e-15 -1.27564468570546e-14
-5.24502452501299e-15 4.48781480377363e-15
-1.17613025579102e-15 -3.45958620685181e-15
-6.57268749807532e-15 8.80341001083041e-15
-5.44364634206822e-15 -4.75450507398851e-15
-2.05071354037977e-15 5.98067727837629e-15
-2.92840111797378e-15 -8.60233309672343e-15
-1.35862412197254e-16 2.9985138920564e-15
3.49678899130497e-15 -3.65933674484445e-16
4.9076707418814e-15 6.55990203520716e-15
-1.36422171486964e-16 1.77948992876853e-14
2.86501859336848e-15 6.8884625353181e-15
-1.30169717524852e-15 3.26638256835906e-15
-3.65865824773487e-15 7.97948271040442e-15
4.89070906974728e-15 -2.61180216511399e-15
-9.50762694878968e-15 6.8218862824129e-16
-7.08864196058963e-15 -2.26396513937086e-15
-1.20659880365414e-14 5.83272725062687e-15
-9.7303030753487e-15 -2.29382338096878e-14
1.4299970090317e-14 4.7566499385095e-15
-3.45745925286012e-15 -3.95462943885411e-15
9.37191036475262e-15 4.1499939864192e-15
-5.89964743325461e-15 4.93549321367482e-16
-4.20254293121594e-15 5.02002774542392e-15
-5.04984073580198e-15 -3.3847663479513e-15
3.47368770607975e-15 8.65935567197154e-15
2.67755785212548e-15 5.74983043365626e-15
-6.68258956338305e-15 2.14086941988674e-15
-5.80834225404172e-15 -1.65772001603894e-14
2.1014313899156e-14 2.61166018667048e-15
-7.87148667913339e-15 2.68514997331822e-15
6.5045220849756e-15 -6.82246380036924e-16
1.9616704874852e-14 -1.78360165715792e-15
7.62836500654062e-15 4.81715212263892e-15
-5.11782798472144e-15 -1.10642048700346e-14
1.12303325335433e-14 1.83271289249547e-15
-2.08864737328684e-15 5.67850263162002e-15
1.04567114344885e-14 -6.50386920521284e-16
1.33390261832444e-16 7.63038471407095e-15
1.02140168333404e-14 2.96043677889046e-15
6.25217076674727e-15 1.5701718010139e-14
6.71751326072751e-15 -8.97674045268738e-16
-3.19856796418046e-14 1.91963254685207e-14
4.70756653522743e-15 2.73847963380626e-15
-3.07443776883282e-16 3.75790149189398e-15
2.38986422860703e-15 -2.55159985410531e-15
-5.6699653238844e-15 -3.05927381690051e-15
8.35365512084173e-15 -9.37597697464914e-16
2.45122245375665e-15 5.2457221802253e-15
1.21676857257839e-14 -1.2627199297076e-15
-4.2531743366663e-16 1.17020896387957e-14
1.34701379625173e-14 -1.4411694058883e-15
-3.69344544706838e-15 9.11688879686954e-15
-1.21048021219714e-15 1.94772323655361e-15
7.17109848183848e-15 7.39838267026225e-15
6.11912634744126e-15 -3.13705197146166e-15
-2.69461394784659e-15 5.11723407867209e-15
2.51140027352141e-14 1.18405894420742e-15
-4.02255510811892e-15 3.61079167649615e-14
-1.74890445760517e-14 -6.74390722689583e-16
5.15226666595501e-15 1.06864747546571e-14
2.25644985819456e-15 -2.22157234511845e-16
4.96714344488001e-15 1.36496542041002e-14
-9.10865885915973e-15 -4.85607404923212e-16
-1.87579040758218e-14 -2.05428473550648e-15
1.4598900142096e-16 -4.50636014584245e-16
9.22783045848826e-15 1.01995797789529e-14
1.36254810757646e-14 7.75861937720447e-16
7.09297295116536e-15 3.65627143261912e-14
-2.50479701458521e-14 -1.42455739947414e-16
9.3371869415226e-16 7.17119751146703e-15
-1.48330711238704e-14 8.17270751887958e-16
9.85953771842497e-15 1.77263341460099e-15
-8.8888320269234e-15 2.39528027836725e-15
2.14364628664829e-14 -4.22486516778111e-14
-6.01815245975655e-15 4.33728999308113e-15
1.02097770416108e-14 3.87537844505566e-15
-5.5685649860269e-15 2.62868093004796e-15
9.33944698626422e-15 4.41126236283614e-15
-6.20666093901725e-15 3.72686481072451e-15
5.60397399069101e-15 1.39590656976068e-14
-7.9255712508587e-15 3.68779763300421e-15
1.15133414168056e-14 -2.20810144180337e-15
-8.69530239986411e-15 7.82105643097296e-15
1.22101544913501e-14 2.03099269808823e-16
-1.08932427689812e-14 3.11182720562348e-15
9.67409865109809e-15 -7.35599534980005e-15
5.69730269174981e-16 9.03751632571017e-15
5.48379342971419e-15 2.05846710916055e-15
-2.06085154592413e-17 5.7292798743681e-15
1.4008535991894e-14 -7.70893591272453e-15
9.90422985066557e-15 1.59029910990164e-14
1.41034886329711e-14 5.01492664749797e-15
-1.69123052108256e-14 1.34413014116308e-14
1.29922566164231e-14 -3.67125420580045e-15
-8.42924839123378e-15 1.20587444792561e-14
8.0950594136653e-17 -3.22993269586816e-15
6.53255681136264e-15 1.51592923874598e-14
7.3735788249478e-15 2.33087852010097e-15
-3.62152865780073e-15 1.41814660361359e-14
5.5966619774394e-15 -8.62826733573033e-15
8.8170998188097e-15 1.62482358957873e-14
-3.28458357010961e-16 -2.3008476446605e-15
-1.35034051253578e-14 2.10159742706691e-14
1.70489432453815e-14 -1.63102034172111e-14
9.17625756829115e-16 1.58748386301223e-14
1.17567183248176e-14 -1.78207781911103e-14
2.94755235808183e-15 1.98370132455172e-14
1.24121970462846e-14 -9.94732890901576e-15
-4.63270382246077e-15 1.95499404518267e-14
4.58944867394287e-15 -1.2513709370513e-14
1.21097731411616e-15 2.06816683656601e-14
-1.74957940070702e-15 -3.76257479365143e-15
6.72736635179609e-15 2.2734549757803e-14
-1.0707989508983e-14 -2.29050891612917e-14
1.46465919542673e-14 2.55094810539537e-14
3.40825293713317e-15 -1.59010185176231e-14
1.85946818053411e-14 1.80182172392574e-14
-2.46463996309521e-15 -7.83867253455535e-15
2.2967747529166e-14 2.79925299298446e-14
-3.45963451594953e-15 -1.26531568619084e-14
2.60930439370871e-14 1.67710537453634e-14
-1.59077858424977e-14 -2.45019689106613e-14
3.34130037726321e-14 3.32162149989164e-14
-3.67181385867948e-15 -1.94431720922411e-14
4.30000061628396e-14 1.56690001713873e-14
-3.39717527012814e-14 -2.62040390709603e-14
7.25111169478197e-14 3.68373867892409e-14
-2.75537855703973e-14 -1.54439902971407e-14
1.13445419361114e-13 -1.88390723351771e-16
-8.69035164116979e-14 -7.67632603167932e-15
2.9751159428984e-13 1.09681535516643e-13
-1.65155798460583e-14 1.2954667814633e-13
-2.50503845794299e-13 1.27124642675565e-13
8.2339181351554e-14 -1.60090970615753e-14
-5.52514640283666e-14 -1.78047937882134e-14
-2.79404213258986e-14 -3.19623237504643e-14
8.66048414856421e-15 6.33664825604291e-14
3.70060993408907e-14 3.349274849683e-15
5.14949541809784e-14 -1.84336807560218e-14
-1.06908154894718e-13 -1.3343200770561e-14
2.48205015363768e-13 1.25948179236553e-13
1.5091920337814e-14 1.31587704250762e-13
-2.95057650677076e-13 1.08443142239321e-13
9.00824820013085e-14 -2.00050895219455e-14
-1.04585598006571e-13 -7.15312374450747e-16
7.06586970213929e-15 -1.29684269504906e-14
-6.45251155783908e-14 3.51717673467161e-14
2.2491111058456e-14 -1.18541477884108e-14
-5.54992784943765e-14 1.44317428663587e-14
1.43980326938645e-15 -1.6032174475369e-14
-4.05801263468904e-14 2.90686963144585e-14
3.21682889642689e-15 -1.57340589142801e-14
-2.96784593496078e-14 1.57503888763358e-14
-8.36543983589291e-15 -2.08092692915552e-14
-2.40559619326662e-14 2.47504999916124e-14
4.52232960771613e-15 -6.43372364093558e-15
-1.82376659091852e-14 1.67305963758361e-14
-6.88352487834468e-15 -7.22639116591621e-15
-1.9015163506177e-14 2.03586771831964e-14
-2.99729552221359e-15 -1.06578823264266e-14
-1.790111795919e-14 1.43010766662763e-14
-1.26440652060853e-14 -4.64954365671512e-16
-1.77785892406823e-14 1.95611291378543e-14
-2.67243624208395e-15 -1.1173051759432e-14
-2.04597307613132e-14 1.25472406252018e-14
-1.43260836785238e-14 -1.55053107701517e-14
-1.95977112885928e-15 1.40311998710269e-14
-1.17568168102534e-14 -3.708587609696e-15
-8.60686200104292e-15 1.19654349174786e-14
-6.4008219894907e-15 2.96643713744324e-15
-1.57400727771877e-14 6.87922177708289e-15
-9.93301120094813e-15 -5.34342824030294e-15
6.69551322095022e-15 5.71995842201543e-15
-1.52945000031802e-14 2.72501587531877e-15
-1.81486997069114e-15 1.31254659921405e-14
-1.1076414478555e-14 -5.80790624880032e-15
6.66049861799684e-15 5.39605656629958e-15
-1.39012397694273e-14 6.13319638476193e-15
-8.03911762063144e-16 1.08637168924966e-14
-6.02793557426471e-15 2.42770098884774e-15
-1.34516638195629e-14 2.07131636582967e-15
-1.2510837210949e-14 -3.0205585592171e-15
1.80268967208999e-14 5.18034340805212e-15
-1.90862364699008e-14 7.93678434400265e-15
6.20372451533196e-15 5.39738405386829e-15
-1.2026943581976e-14 8.03582738391972e-16
5.57477940223959e-15 2.95314938251979e-15
-1.40227375576576e-14 7.43627906570736e-15
-3.64338480889305e-15 7.13413790336648e-15
-8.91902720910868e-15 1.13388520606199e-14
-3.13758740340735e-15 2.2918773281995e-15
4.02829299152791e-15 2.60701211231154e-14
-2.3473807340895e-15 4.25611277782771e-15
-5.2309932478946e-15 -3.48758558420526e-15
1.68117258398286e-15 4.24115509059318e-15
-8.8802179829558e-15 2.9155151395508e-15
-2.33720201622906e-15 6.13606149586094e-15
-1.0658826739232e-14 1.74170235493467e-14
-7.26302093786037e-16 1.9422719981162e-15
-5.96728688245851e-15 8.44102455188154e-15
-8.31169336253769e-15 1.92274971247898e-15
1.31741908479673e-14 -5.03142245929226e-15
-1.08891614237778e-14 4.91282645321606e-15
-1.03548516442099e-15 7.19897018841713e-15
-1.96794871234474e-14 7.78791129218667e-16
-3.76658781077336e-15 -8.49823458095968e-15
1.44380262453008e-14 5.75120569099806e-15
-5.5511221664618e-15 9.95951430290796e-15
2.96560180457179e-15 5.95635378912052e-16
-1.06501529325364e-15 2.3534697534617e-14
-9.41077633078359e-15 -5.88061714531626e-16
-7.608271131551e-15 7.07807033637477e-15
-1.79722597416641e-15 9.21866817357136e-16
-9.94818791729628e-15 9.88558999283269e-15
-1.56002498365827e-14 4.20425132276472e-15
-5.70817594296488e-15 -1.18124000344587e-14
1.69955377927218e-14 -3.69182534845364e-16
-1.01177666944632e-14 1.40019871704829e-14
-1.10863125445931e-15 7.16974760155728e-15
7.43473645222997e-15 4.75706086392685e-15
-5.4554628578282e-15 -1.13741554450568e-15
-2.28296676107207e-15 9.77162626353963e-15
7.58635282826247e-15 1.71794319648506e-15
-1.29014120662955e-14 1.52558775450408e-14
1.9024571079977e-15 4.36150944835581e-15
1.46963868115823e-15 1.19750745962755e-14
2.38576212314689e-15 5.52183859650183e-15
-1.03544850257704e-15 1.13970294472839e-14
-7.78762834393983e-15 6.70635574959056e-15
-2.31165675211196e-15 1.40507944909219e-14
-1.06076286357151e-15 5.72669484897662e-15
1.15021155885148e-14 5.88711524266418e-15
-4.04247865487135e-15 7.62746304805611e-15
-4.47860013505125e-16 1.50786738705189e-15
1.04146396508766e-15 8.48910720671579e-15
-2.77234313445968e-15 1.06256482033652e-14
2.61093319454908e-15 9.14264098634126e-15
2.66131153707223e-15 1.21798713985939e-14
4.15047892476194e-15 6.87043379306279e-15
6.39211988424756e-15 1.48199420519044e-14
-2.7037058697572e-15 7.31487597221618e-15
-1.09412457106242e-14 1.40380759473356e-14
-2.07345635690329e-15 8.99742144752113e-15
-6.0783561001491e-15 6.22832241210238e-15
1.47384178085926e-14 1.25194236985024e-14
8.37486105364754e-15 3.58536292479243e-14
-1.58277267867401e-14 1.05015402231043e-14
-2.1358266531797e-15 1.40589060399851e-14
-6.19441702547187e-15 6.63655519161014e-15
-1.05576604460517e-14 1.59405502564464e-14
-1.03594290747802e-14 7.79969583235121e-15
9.32231667928623e-16 8.5964951452289e-15
1.17562771011859e-15 1.21719685396594e-14
1.06268361315872e-15 1.20332719752353e-14
1.03241855121297e-14 1.2743349371813e-14
-2.28746954451483e-14 2.95681553509615e-14
-2.22677552719486e-14 1.30736561700237e-14
-1.28502381453116e-14 1.25616454424237e-15
-1.70424046290962e-14 1.41390155626627e-14
1.22357821654933e-15 1.06427198903535e-14
-1.30038832570341e-14 1.10289468328038e-14
-2.60270501523449e-15 9.65931517804752e-15
8.86841621645541e-16 1.26560721347893e-14
9.54975493407073e-15 9.06350539426722e-15
4.95942649767162e-16 1.66629741657148e-14
8.74582360752274e-15 2.49135325262597e-14
-8.45167616129151e-16 1.61884682186018e-14
-1.21152180322052e-16 1.34034414710661e-14
-6.09560524491971e-15 1.82758938965342e-14
7.62274684462222e-16 1.74412402610682e-14
-5.37272684421289e-15 1.57532188134518e-14
1.19262595176161e-15 1.2891692779327e-14
-6.58024093251202e-15 2.02132013063236e-14
5.18790112156762e-15 4.17538155282103e-15
-2.2744668770886e-15 1.51471960238353e-14
-4.69148154051278e-15 1.47546157654614e-14
1.98497702640062e-16 2.17971649061963e-14
-1.74804880543782e-15 1.99236711997153e-14
6.53682505769703e-15 1.65532981755429e-14
1.31810134612005e-15 2.87998979620931e-14
-7.46919767516489e-15 1.25630688344425e-14
-5.9806073196574e-15 1.17861830257838e-14
-4.30396179125972e-16 2.538818873774e-14
-9.77373739487649e-16 2.42683195522899e-14
3.14276060214033e-15 1.82632007064465e-14
2.32945343497092e-16 2.84475826667711e-14
-1.01038453072866e-14 2.52611650510224e-14
8.02609246179204e-15 3.05235102396157e-15
1.06073369310063e-15 2.03326179506115e-14
-1.33026055902967e-14 4.53060731305393e-14
-1.02319694875258e-14 1.89093755086058e-14
-8.69810377532676e-15 1.88073462211001e-14
8.81488738339622e-16 3.06240025106339e-14
-3.12894518643046e-15 2.14977298489866e-14
3.71112680665658e-15 2.53093955507219e-14
-4.69688504049356e-15 4.99200509608498e-14
-7.85061684766835e-15 2.79434662043675e-14
3.9027898399113e-15 4.08956098924233e-14
-7.34479666340328e-15 3.22462243552277e-14
-6.53160211537126e-15 3.61011210793894e-14
-8.87958608391511e-15 3.74468035956814e-14
2.19703210152898e-15 3.46761209784296e-14
-1.21691491281576e-15 3.57520275378478e-14
3.52637348419311e-15 4.15424303704424e-14
1.15226617937844e-15 4.18231541507969e-14
-1.82948381319167e-14 5.70517854501525e-14
8.23821970067284e-16 5.00626497874659e-14
-6.89100927769171e-15 6.46899677820704e-14
-8.54076251516635e-15 5.55337914757224e-14
4.45387617670065e-15 5.3564141371531e-14
-8.97411908117254e-15 6.37342632726057e-14
-4.13212690462737e-15 6.10037598259762e-14
-5.52257276505322e-15 8.21634435249412e-14
-6.32450624514413e-15 9.56749031254823e-14
-4.12381914729315e-16 1.08224550564889e-13
7.29616206487043e-16 8.32831475262127e-14
1.22002740625313e-15 1.66006170308678e-13
-9.40900635316195e-15 2.35440008963506e-13
-4.29663728693109e-15 4.35833673754114e-13
-1.21913590334088e-12 2048
-2.13200541538899e-15 -3.55833944132995e-13
3.46002325420559e-15 -2.01156199888212e-13
-4.26674777697185e-15 -7.39858581862629e-14
-4.90859004617924e-15 -6.48737843308762e-14
