1.44529230728719e-14 0
-2.63754031590961e-14 1.35014455235552e-13
-5.71343862330653e-15 1.49579947379568e-13
8.07188165177545e-14 3.72061703847773e-13
-4.43231987798901e-15 7.08789507923881e-13
-2.60347299274599e-12 -4096
-5.95809689176531e-15 -8.72380318590296e-13
4.05627478589627e-15 -4.64081373721597e-13
1.9138136455388e-15 -3.32238934045905e-13
3.45397580797094e-14 -1.75793740733327e-13
3.73916888486703e-15 -2.13489611610401e-13
5.26323972081274e-15 -1.81188187336156e-13
-4.56728228820079e-15 -1.6256201361231e-13
1.09455912199245e-14 -1.04565143010406e-13
-9.67273498983299e-15 -1.28333759824169e-13
1.34166386718541e-14 -1.23434158685652e-13
-1.19666954075669e-14 -1.12548127879337e-13
-3.34585950411299e-14 -1.18179077882542e-13
-4.32358250908666e-16 -9.92735987149216e-14
-1.02430242011018e-14 -9.4360306327101e-14
1.85541619651337e-15 -8.06577204751156e-14
1.46292469342228e-14 -7.15319126627876e-14
1.26675634153195e-15 -7.34496824683789e-14
-9.72964180128308e-16 -5.90850461574713e-14
-2.27384074935365e-15 -6.93674240490995e-14
1.84863648429286e-15 -6.67994641507526e-14
-4.96272412316103e-15 -6.04948851508654e-14
-8.87631667782944e-14 -1.5165951565788e-13
-3.28672891526768e-15 -5.47460168440328e-14
-2.63106305094159e-14 -2.8259590407991e-14
-1.66494981137922e-15 -5.12876784838254e-14
-2.84825984259953e-15 -6.59603253412125e-14
-3.9803474915388e-15 -5.38906725415224e-14
2.4648116027164e-15 -5.96144479555094e-14
9.78131028724696e-16 -4.8603837310688e-14
1.20735257287824e-14 -2.77167481396269e-14
-5.10625893301515e-15 -4.99778861860829e-14
2.0206069261065e-14 4.29018961919701e-14
-2.82612949472949e-15 -3.92034197340681e-14
-4.52064287687539e-15 -4.21209175177191e-14
-8.64900495272011e-15 -4.23947731639777e-14
-8.49033132809641e-16 -3.02737537115532e-14
1.05171838416662e-15 -3.73974723217487e-14
-6.3953148219807e-15 -4.02139420667054e-14
2.02502025045091e-15 -3.37226753651815e-14
2.15973763359829e-15 -2.55204707070138e-14
5.78414346520548e-15 -3.75293396053561e-14
-6.3805845819365e-15 -3.37874939959702e-14
-2.43085441978405e-15 -3.33509047833069e-14
-1.314725885009e-14 -3.28116371427841e-14
-6.98636657243541e-15 -3.27176001959589e-14
-1.07280809434316e-14 -2.00215108473132e-14
-9.72947353574791e-15 -3.69000045001827e-14
-3.63326254016221e-15 -3.16409929461038e-14
-4.77021733765406e-15 -2.86722299644314e-14
-1.91463357974736e-15 -2.37511939208364e-14
6.96777719012984e-16 -2.92787090341278e-14
1.651081133007e-15 -3.87220813915685e-14
-1.25800718102609e-16 -2.97428975471933e-14
6.19737339726564e-14 -5.41494333412496e-14
4.80032538787486e-15 -3.17938228868897e-14
-1.64025401446985e-14 -1.38024248358147e-14
2.42441748515936e-15 -2.50516786004904e-14
-1.22600747650763e-14 -2.0960988611401e-14
-2.07091117625341e-14 -2.26925974862146e-14
5.30273115982825e-15 -3.2726424494662e-14
-2.22946030118237e-14 -2.79762429022496e-14
-4.36450298395591e-15 -1.02807372825226e-15
-3.5184332490379e-14 -2.34916355384572e-14
2.07357136212881e-14 -3.41405817990181e-14
3.14016122172312e-14 -2.46417765978374e-14
2.51125413736914e-15 -2.35515822028356e-14
1.06988978762386e-14 -2.19461159146382e-14
1.95426892170749e-15 -9.03112222240369e-15
-1.38734001721499e-14 -1.87095976814972e-14
-9.94429848150684e-15 -5.08432496053438e-14
-6.33309231884612e-15 -1.70507959416318e-14
2.15359352211849e-15 -1.74493121494491e-14
-2.56462294721198e-14 -2.28021792346604e-14
1.25856051707942e-14 -7.17756082843733e-14
4.02613738682979e-14 -2.84466760345378e-14
-1.60495127271109e-14 -1.97358151097736e-14
2.55754645194218e-15 -1.96353384928815e-14
-7.84033421369561e-15 -1.47201762761943e-14
6.8433067616493e-16 -1.56469604677047e-14
8.5235919198863e-15 -3.40308938783891e-14
4.28114055606886e-15 -1.60019484892556e-14
1.58501968136002e-15 -9.60961696435036e-15
1.25026880802995e-14 -2.42088663792643e-14
-3.27283745793486e-15 -1.7259190301312e-14
9.56701160082378e-15 -2.27354440244737e-14
5.39142632986124e-14 -1.94405915266691e-14
-5.23831497391543e-16 -2.14653175079565e-14
-2.58216284931861e-15 -9.71394307334759e-15
3.27159383452664e-16 -1.98982217858356e-14
5.27254974276375e-15 -1.97748580567663e-14
-7.62485841452909e-15 -1.82708618460526e-14
1.49111921184453e-15 -1.08803261259918e-14
-7.27237681800252e-16 -1.85562044422627e-14
1.23576090023236e-15 -2.58291412951465e-15
2.8886464654088e-15 -1.46882985916555e-14
-5.63961923937278e-14 6.28446851180852e-15
2.71127804315234e-15 -1.7799910520793e-14
-2.42369570552781e-15 -6.01274823579947e-15
1.49400541297389e-16 -1.13234592107308e-14
7.33154933576023e-15 -2.0148795093646e-15
-6.52414696961831e-15 -1.98602312165121e-14
9.10266743166319e-15 -1.39826702500291e-14
-1.41914850388369e-15 -1.24451113792397e-14
5.01498465452593e-15 -1.41530081738966e-14
-6.61908329767027e-15 -1.48985037098533e-14
2.09495222836167e-15 -1.76056530386754e-14
-2.68895002576396e-15 -1.53275973453251e-14
1.57629629690394e-15 -1.53629335696322e-14
2.97230709421858e-15 -1.55167919421816e-14
-1.2357063410503e-14 -1.47494778426191e-14
3.44187949795484e-15 -1.43756526950817e-14
-1.18293590068352e-14 -7.97680376599574e-15
1.22441568522e-15 -1.6081848696027e-14
1.10868933357681e-14 -2.3135897976571e-14
-7.03507943219236e-15 -1.17618136053348e-14
4.88750553093505e-15 -1.85242376728095e-14
-4.149174857536e-15 -1.17160012922249e-14
-2.66259133048324e-14 1.20725908336462e-14
-1.00383357722173e-15 -1.00162924221396e-14
-1.32764254129372e-14 -1.92919403313458e-14
2.05157798089759e-15 -1.13206591414503e-14
-8.27236307679558e-15 -1.89454797652524e-14
-1.84681008428668e-15 -1.13498662827598e-14
-6.63458662125391e-16 -5.40244867241734e-15
5.84688757185033e-16 -1.10795688451301e-14
6.43896803337675e-15 -1.37874638093072e-14
-4.91446834808545e-15 -1.04413730740877e-14
8.457518675435e-14 -4.25058160647188e-15
-4.14502592574909e-15 -5.76882455209485e-15
4.48308315682579e-15 -2.19218926752477e-14
4.90662788790689e-16 -1.17097432559809e-14
-5.54694668706774e-15 -2.0601103940233e-14
9.78947415913156e-15 -2.79446458324312e-15
8.0874170715705e-15 7.16435353648966e-16
1.25008634381836e-14 -1.23683024316564e-14
-6.87688084983646e-15 -9.3647614586213e-15
3.03468796086493e-14 -1.73913432916427e-15
-1.77890480225295e-15 -2.69957856636652e-15
-2.60242400844214e-14 8.98713127071487e-16
1.05250343070783e-14 -1.95881596706003e-14
-1.52786998542634e-15 -1.14157545932648e-14
-1.95300967211807e-15 -2.36879398508592e-14
1.78148464550885e-14 2.54060633730315e-16
7.25187155107417e-15 2.39512423219886e-15
-6.15499332309155e-16 -1.16363123332806e-14
-9.85618922214217e-15 -1.04471996562237e-14
1.82018942255256e-14 3.10696657203714e-15
-2.63412242965824e-15 3.08092548409521e-16
-2.84631772795863e-14 3.88019403711341e-15
-3.04616108670992e-14 1.29868843750004e-14
-9.35489339974032e-15 -6.53004727380858e-15
5.96072686864779e-15 -5.90293893056371e-15
4.41875029082163e-15 -5.50439750327553e-15
-7.6141398971333e-15 -1.28138908804982e-15
-1.74716668265072e-14 -5.29763010561318e-15
3.26582389685702e-15 -8.40666648966815e-15
-1.26039905658042e-14 -8.31178258290829e-15
5.79526195768091e-15 -7.43327300542696e-15
-1.02241668481136e-14 -7.08929785689342e-15
1.88593484862218e-14 -8.35728154868093e-14
-9.06161881696203e-15 -7.19797658476109e-15
1.70330313646487e-15 -2.20107434525723e-14
-1.47883329694151e-15 -1.02754598586337e-14
3.8093032390291e-15 -1.07972924952951e-14
1.15639976265779e-15 -6.62113357596e-15
-6.25423452180464e-15 3.10569968752303e-15
4.39530994674916e-16 -6.52369655680166e-15
-9.36877797982275e-15 -4.3963003784006e-15
5.438526756975e-16 -8.51097585931883e-15
-2.00758595400568e-15 -1.28582613916085e-15
-8.60533652757478e-15 -9.76813884377007e-15
-7.00367173034809e-15 -3.96829810241761e-15
-2.76601451021537e-15 -8.4143670361679e-15
-8.09813589615392e-15 -2.32693638309515e-15
3.51305026065158e-15 -5.86390874207012e-15
6.88926408891229e-15 -1.34234363608778e-14
5.86782324861889e-15 -6.24446483751895e-15
-1.89444238417944e-15 -1.25641827126576e-14
-2.58929979403555e-16 -7.93354352119338e-15
-1.13621154608446e-14 -1.62974233900271e-14
-3.87969375715206e-15 -1.01327486385647e-14
-4.88923173365912e-15 -5.10024285223033e-15
-5.80068702508672e-16 -8.66261314726332e-15
-9.78706570964219e-16 7.30526036514569e-15
-1.24970184833962e-15 -1.10479456985737e-14
-6.84871219670634e-15 -8.56289164442224e-15
-3.15798931938599e-15 -1.11202168024534e-14
-1.5312463733628e-15 -1.11707859313417e-14
-7.47922836259637e-16 -9.27551175884265e-15
9.84951348178677e-15 -1.31676823972613e-14
3.01065547533408e-15 -8.63614245956257e-15
-2.74770133181979e-14 2.94055209857473e-15
-9.42023719333534e-16 -9.15795432019721e-15
-8.21206835637878e-15 -2.87653005545624e-15
-9.74095389956766e-15 -1.10825452077158e-14
-9.51632766939102e-15 -1.10639123131791e-14
-5.3220418956923e-15 -1.23089846133613e-14
-3.18466764417221e-15 1.02179228025201e-15
-5.4492925655499e-16 -8.05516247022006e-15
-1.02668618879467e-14 4.39419284136285e-15
-3.05006722568367e-16 -1.07258386330521e-14
-4.10211446852931e-15 -9.97367121006722e-15
-1.31295763624385e-16 -5.56556074587374e-15
6.22337302367816e-16 -1.25201925404252e-15
-5.40836363766633e-15 -1.18441103883652e-14
-2.87001901853637e-15 2.38507366415608e-15
-1.23873660128351e-14 -1.31319843738096e-14
-1.11754656934865e-14 -1.21444926043381e-14
-1.12018296557438e-14 -8.88414471737571e-15
-2.7416807212321e-15 -6.74356146334158e-15
-1.72603007750212e-14 -1.47778314959882e-14
9.11857962272013e-16 -1.31092665135091e-14
-1.40691298779034e-15 -7.39713235792792e-15
-3.58365275901303e-15 3.28906598533394e-14
-3.01915304636461e-15 -9.79455948445115e-15
9.57907037057226e-15 9.68696243440714e-16
-3.09302334859443e-14 -1.86140296093008e-14
-6.9581382432267e-15 -1.72561617949936e-14
1.66230972373876e-14 -1.479611903065e-14
-1.23796162147086e-14 -7.8448668234369e-15
-2.14124623399117e-15 -5.80398313427666e-15
-5.76166028375907e-15 -1.86088327464629e-14
1.94981100593102e-14 -1.40432504474366e-14
-1.04195815317619e-14 -3.76717108080942e-14
-6.94243797661249e-15 -6.86652490201091e-15
8.79601184484434e-15 4.00759890892588e-15
-2.26766858727971e-14 -1.64192781140591e-14
-6.16748777912914e-16 -2.16051344225195e-14
2.3686246911786e-14 -1.85305552780063e-14
-1.55122303167316e-14 -1.83621527418794e-14
8.56509851280255e-15 -5.33668161184898e-15
-8.22516316700579e-16 -1.10974288956859e-14
1.08900838112387e-14 -1.32421058524225e-14
-7.14434279749718e-15 9.23262562275021e-15
-3.96731120007663e-15 -4.49516405317602e-15
-2.87260446065961e-15 -6.4276348135012e-15
-3.16753748462459e-15 -1.25847582673482e-14
2.73402020527251e-15 6.27935784306141e-15
-1.58318603179269e-15 -6.93728685727752e-15
-3.88328468719475e-15 -6.56841443453472e-15
-3.36093634833526e-15 -6.08152569483969e-15
1.35241639154259e-15 -6.43459423230876e-15
1.95122586552527e-15 -7.91127586751391e-15
1.32735823285873e-15 -1.32043277497911e-14
5.02781605772842e-15 -1.06564680018023e-14
-1.97980895022163e-14 6.58946599068456e-14
-2.67463013418588e-15 -6.60388989543163e-15
3.23472556425485e-15 2.7468918548462e-15
-4.35440949753278e-15 -6.14973093635145e-15
-6.42211340373724e-15 3.06059464497479e-15
-5.99281790139028e-15 -6.24804944325899e-15
-1.29062096810755e-15 -2.37186441733541e-15
-2.47736869198921e-15 -7.66527144329521e-15
3.97680471206993e-15 -1.2500011284325e-14
-6.13494394644296e-16 -8.175878383738e-15
-3.15609711261511e-14 5.30732116422687e-14
-1.02768825548182e-15 -5.76075812638065e-15
3.79330329424963e-15 -7.65810618913744e-15
-1.30168242035306e-15 -3.54425104841748e-15
4.11618199696715e-15 -1.0954029392042e-14
-4.95315813598624e-15 -8.0680073080536e-15
-2.12696190139057e-15 4.20623916984333e-15
-1.42667340518656e-15 -4.21618319263055e-15
-9.68060847572468e-15 -8.01983085305976e-16
-3.17035750244059e-15 -3.68739513293933e-15
7.68686525408584e-15 -1.14811945319002e-14
-1.25650098720716e-15 -4.07642942670594e-15
-1.5969484636163e-15 -1.07213953558444e-14
5.49601427850037e-15 -3.17950610928074e-15
7.17909287911032e-16 -3.66713440342041e-15
9.60400416382204e-16 -6.73750894000303e-15
7.85838328972397e-15 -8.08319263381887e-15
-2.58097521687766e-15 -5.08482211285844e-15
-4.41096506652728e-15 8.40906847851707e-15
-7.63182718332988e-15 -1.98909288737931e-15
-5.83379246760519e-15 -1.86161622574856e-15
-5.47998197432755e-15 -4.43877345518469e-15
2.82001068030424e-15 -5.63251622234639e-14
1.63857875132657e-16 -3.64781255123757e-15
9.23025060357684e-15 -1.28550916963456e-14
7.08216689903364e-15 -8.30035010958969e-15
-3.98710841026315e-15 -7.8123203676434e-15
4.48604025897889e-15 1.60647396703006e-16
1.78008954372192e-15 -1.05423106275024e-14
6.47094857148233e-15 -6.68604987572972e-15
-2.67374905876684e-15 7.41429985894985e-15
-1.04866524487799e-16 -1.00323832023076e-14
2.8407825501745e-14 2.16343831247109e-15
-2.06924004489996e-16 2.57088657397049e-16
-5.24200378848823e-15 -1.15652658620482e-14
3.50361375598633e-14 -6.66833835267766e-15
-2.75383583074177e-15 3.95925729226363e-14
-2.56523117448021e-14 -1.0991382710998e-15
8.97153000243967e-15 -3.83899247168148e-15
-6.14487702040841e-15 -1.26469361430691e-14
-4.20128284865713e-15 1.0785747942843e-14
-2.09036384192494e-14 -1.00452468350571e-14
-4.71781672085922e-15 2.76162098751463e-15
1.03776393517407e-14 -3.07822681073025e-15
-4.81760200211196e-15 9.32121977208998e-17
2.44217699364662e-14 -3.52837373285465e-15
-1.77533968970445e-14 4.09051759881976e-14
-3.02827128874401e-14 -4.11088673994357e-15
-1.38009557356734e-14 1.03090156411599e-14
-2.22211049655477e-14 -2.29558218561983e-16
-1.69976462470714e-15 -1.26688858547346e-15
-1.81856837555344e-14 -8.02107883049728e-15
-3.88791950676566e-15 -1.12963666560807e-14
-2.87787957287214e-15 -6.35185239312613e-15
1.5410643597137e-14 -9.81833822551487e-15
-2.0482875553878e-15 -2.33022153113275e-15
-3.29127993180046e-15 -2.18637813565282e-15
-6.12454024747416e-15 -2.08841514898916e-15
-8.22601669685895e-15 2.38585803572821e-15
-3.73301575601619e-15 -4.11028181417092e-15
-9.94736824880221e-15 3.062196218242e-16
-9.00005650212757e-15 -3.86840234072885e-15
7.33967488643552e-15 -3.55371824128782e-15
-6.63071205580013e-15 -5.33225744079873e-15
6.33279091784932e-15 1.78945111120303e-15
-1.26130596775511e-14 -2.97597444645384e-15
-6.6020806392443e-15 -2.78005792728824e-16
-2.4718626563277e-15 -3.99914286447825e-15
-7.14817448926813e-15 -5.08134020893817e-15
-1.07512248669847e-16 -5.73659530640109e-15
3.01883372013393e-15 -3.26272827596939e-15
-8.2274062531344e-15 -8.35094049221521e-15
-7.69600524314817e-15 -3.00377627601075e-15
-7.72149163853153e-15 -4.20130290636262e-15
2.55263930166086e-15 -1.31545605324783e-15
-9.17835306775178e-15 -3.70407797954997e-15
-6.53123167525444e-15 -1.11004237467287e-14
-6.84910042047801e-15 -7.94092457979894e-15
-2.90221746532618e-14 4.25951480972269e-15
-8.69675144899328e-15 -5.47289145283437e-15
-8.91287397255288e-15 -1.44296302920494e-15
-3.07553717767553e-15 -1.59857696447059e-15
-5.97407020858545e-15 1.98576924826537e-15
-3.60815880831144e-15 -2.18745120161224e-15
-1.1253012070036e-14 1.97068396930943e-15
-1.18560377027519e-14 -6.49757996868224e-15
-3.59465019777954e-14 -3.99352382751193e-14
-1.42952866014761e-14 -7.16411818868804e-15
-1.0014511412458e-14 -2.4249088570643e-14
-1.4318283240961e-14 3.58040231080925e-15
-1.93230835789851e-15 -2.15570395123134e-15
-1.70657407389669e-15 -8.58782031198701e-15
-1.38361664019015e-14 -1.34344644930709e-14
-4.22669497933483e-15 -7.14123826820396e-15
-2.961228877034e-15 -5.09562798345232e-15
-1.5504841888452e-14 -1.15989519393983e-14
-1.93060233873166e-14 5.76249978016955e-14
-7.4263167833608e-15 1.44677792534691e-14
-3.41889133379004e-15 4.49449852405471e-15
-1.41876653777732e-14 -1.24447273417256e-14
-1.89051961441591e-14 -1.01350966899223e-14
-2.80771739482093e-14 -4.23764329371586e-15
-1.96034996300646e-14 -7.29162628554988e-15
-3.63320305046828e-14 -1.73377600785058e-14
-5.7933475965982e-14 -2.68878548428332e-15
-8.35800266961174e-15 3.89862089145882e-14
2.69013808230513e-14 1.16282248856033e-15
-9.09169907858102e-15 -6.81672282468108e-14
-1.26192982799047e-13 -4.20534895265241e-14
-1.62483583220038e-13 9.48716989972904e-14
-1.41697859574203e-14 -3.80556105924016e-13
1.37182404276964e-13 1.25960782946387e-13
1.3410058798389e-13 -4.98025399956331e-14
-2.03666919394769e-14 -1.02983304536123e-13
-8.87942304606255e-14 6.05044267819551e-16
1.18466573543926e-14 9.48742288198256e-14
8.48775428174237e-14 2.18150256117891e-14
9.38702736946853e-15 -1.03019400430637e-13
-1.89720229381015e-13 -9.13372605739227e-14
-1.44193439719517e-13 1.28850596692099e-13
1.53259558728749e-14 -3.77469717364289e-13
1.52589680145988e-13 8.92205500807228e-14
1.28273232562162e-13 -4.36772065049019e-14
1.45027659161125e-14 -6.48988754800383e-14
-3.16009846075586e-14 3.10154712399451e-15
2.59340580606016e-14 3.94842180182169e-14
5.63003690668047e-14 1.43310085676235e-14
2.59217206175754e-14 -1.97513634049321e-14
3.06270599989034e-14 3.78926246903902e-14
1.46588108943716e-14 -3.42235977774982e-15
2.23448358066248e-14 -1.13270960887811e-14
-4.24835722092546e-15 -1.14453412955162e-14
-9.53894748512184e-15 -1.12343591668171e-14
1.15747839694129e-14 6.2440509845191e-15
2.50815199345536e-14 -1.48835427145132e-14
1.94163908863185e-14 -8.01086689170842e-15
9.02272895961668e-15 -1.68267640063829e-14
1.57291258150314e-14 -4.24835993088956e-15
3.67585075585013e-15 -6.70145329878141e-15
-6.65438432741391e-16 -7.04696795591168e-15
-7.32063075889919e-15 3.97772722577522e-15
2.22657156018807e-15 4.27928372865939e-15
1.25992297384752e-14 5.08810490282052e-15
6.20113881985898e-15 -7.80483918922188e-15
2.43886284861396e-15 3.4491853188396e-16
3.0437645395606e-15 -4.82271954223081e-15
3.75447797135944e-15 -1.22632832021518e-14
7.7887276811509e-16 -6.74981935802157e-15
-3.58369950753639e-15 2.82371259724075e-16
4.93585317506472e-15 2.73206193029932e-16
2.75774138004789e-14 1.60226900713973e-14
7.55041837207583e-15 -9.70056097229125e-15
7.54268727648382e-15 -7.30614342488917e-15
3.1295011513396e-15 -3.48242261650523e-15
4.5339971601167e-15 -2.33192828824039e-15
-3.79894351576865e-15 -1.92615976543261e-15
5.81995889755707e-15 6.26267082954722e-15
2.28617559821699e-15 -9.21519076443564e-16
1.34689045279989e-14 -2.10042713807298e-15
5.60067586025569e-15 -6.37837828118829e-15
4.9363850227682e-15 -1.83205159824806e-14
7.09602652125091e-15 -3.73699389122167e-15
-1.87924269123985e-15 3.02523246263439e-15
2.95513515232437e-15 -2.1331646949433e-15
-1.22921183684572e-15 3.98155968670629e-16
-1.65089393122999e-15 -5.09796939528313e-15
-3.02033230442182e-15 1.29743308506141e-14
1.89070758972373e-15 -8.07475861101925e-15
-6.93024077011764e-15 -5.98280162007164e-15
-4.12473808516049e-15 -5.41039394616874e-15
-2.07128716954517e-15 -1.29462742495401e-14
-3.93032157107903e-15 -1.51370297806301e-15
1.31441842881049e-15 -7.19081003366362e-15
4.75192261257927e-15 -2.15236437460144e-15
-3.28898322079693e-15 5.34490230138025e-15
3.11160273005951e-15 -1.34803910688041e-14
-1.32824964318842e-14 -7.33203895967522e-16
7.73494890769042e-16 -4.83962611819485e-15
-1.06037074450957e-15 8.06306158017274e-16
-1.59903381331034e-14 -5.02234994494903e-15
5.51759709252434e-16 2.79823547085807e-15
-1.69799288361845e-14 -8.95972898362713e-15
-1.33036970212027e-14 -1.33486465224388e-15
-4.03285178365837e-14 -9.55041700731819e-15
1.20349062301309e-14 -6.66367301264202e-14
4.33477294126465e-14 -3.50831347033285e-15
1.7587139711744e-15 2.83546500693572e-15
1.50638730550936e-14 -4.67757420078472e-15
-4.46975629595241e-15 4.2645260437691e-15
-1.37342900642378e-14 4.47659122289322e-15
1.04370619068139e-14 -1.88743257300072e-14
-6.58125484095153e-15 -2.967160965327e-15
-3.60271681848898e-14 6.06387510740064e-14
-3.70820062471214e-14 -9.12830822865464e-15
-9.813651052038e-15 -5.75696706919874e-14
5.18772345513588e-14 4.0239486270227e-16
5.57052704691957e-15 8.60791370858935e-15
1.76350111334366e-14 -6.56882252830485e-15
-1.54995014624297e-14 -6.02952368259653e-15
1.11674931963268e-15 -3.27655169417685e-15
6.39234504295444e-15 -2.85245858093576e-14
9.39311530789853e-15 -1.79143700006384e-15
2.01685275694319e-16 -4.29691544665826e-15
7.64877726539682e-15 -8.64286717043494e-15
1.32370971984813e-15 -5.41594043256388e-15
1.34865526758138e-14 -3.09281348611381e-15
8.92989255298986e-15 -2.16985991538805e-15
4.48042684998805e-15 -9.93974856425446e-15
-1.08163304718074e-14 1.39805266047606e-14
-1.52279978115724e-15 -2.7087856267721e-15
3.9392661269189e-16 1.22108010666413e-15
-1.34687260155647e-15 -4.30059447155756e-15
7.8801737419798e-15 -1.01357234599474e-14
6.07215764465134e-15 -2.99807503489389e-15
-1.36570405547259e-14 5.87154974802255e-15
2.02856426294456e-15 -5.4779330196939e-15
3.80425562284396e-15 4.97151396172542e-15
6.97714392884997e-15 -5.3343554435388e-15
-9.63891025537052e-15 5.84005680485994e-15
3.76932097456318e-15 1.42187381931757e-15
1.01911942893464e-14 9.31051791340241e-15
1.97248739076995e-15 -4.54683370003693e-15
9.15210776041015e-15 1.25688441091129e-15
-1.29231611034248e-15 -1.13561375098523e-14
2.85083995702702e-14 -3.44239626220933e-14
5.43599567371996e-16 -4.07522719689138e-15
-1.73132819823865e-15 -1.20367443979985e-14
6.61246546576936e-16 -8.04625244390592e-17
1.26523738344073e-14 -7.36103138150615e-15
8.38371065328314e-15 -6.46565817064939e-15
-1.02164121942314e-14 -2.37377716700709e-14
6.88113860196217e-16 -6.16991172345793e-15
9.64623526111488e-15 -7.16704442451087e-15
-2.10603130377451e-16 -2.28500617490867e-15
-6.17330217856448e-16 -1.71831948766917e-15
-5.78623183767772e-15 2.55369288420894e-15
9.60590427394046e-15 1.12605547424491e-15
8.93057797810525e-16 -2.93792281692016e-15
-1.45375254248497e-15 -2.17019072056826e-15
1.0279039473534e-15 -3.71082063717812e-15
-2.72150311843495e-15 -1.90773622945034e-14
3.75609917379275e-15 -1.99412426700231e-16
-4.92841598794901e-15 4.51418876790257e-15
5.21463841314823e-15 1.80444847290121e-15
9.7128665318564e-15 -3.5432217118329e-15
-1.19750787232791e-15 -5.13266601881171e-15
-4.34150302191635e-14 1.46320465223684e-13
-1.31646543638964e-15 -5.58229623373514e-15
-8.13796789222144e-15 -1.55377066803343e-15
-6.5470680256537e-16 1.99370778808224e-15
-3.89530630429461e-15 -1.58838558758637e-14
5.43868472701523e-15 -2.84631496298076e-16
9.30318609552774e-15 -9.77728330305046e-15
1.63428066606444e-14 1.68876620922318e-15
9.62283160234641e-15 -9.22584024405858e-15
1.35517203930168e-14 -2.00557559094851e-15
7.71680706077504e-14 2.57373643967697e-14
3.37518934435636e-14 1.10467812082477e-14
1.92148312281693e-15 6.99107866530885e-15
-2.67725315437917e-14 1.10124792989856e-14
7.99436390720446e-15 -1.13773152658232e-15
-4.87476141155004e-15 -9.04344840235647e-15
-1.85612543296966e-15 -1.65591631239499e-14
1.60123074504389e-14 4.33983158076805e-15
-9.12878769104443e-16 1.26688528629964e-14
1.65911104719103e-15 -6.78702006687057e-15
-9.3395528167385e-15 -7.14630946410727e-15
2.08860083687564e-14 1.11565170060623e-14
6.20306799962169e-15 1.66595627774529e-15
-3.14091036978818e-14 1.05441679215963e-14
6.8807301255249e-15 -1.02555452874582e-14
-4.417750408196e-15 1.74848869949714e-15
-4.45956030839928e-15 -1.47047527719573e-14
7.91250264743334e-16 -3.49842149874896e-16
1.97136115276593e-15 4.30816660817851e-15
-1.11631995234728e-14 5.64908954661541e-15
9.86557304619586e-15 -4.05568201559223e-16
-9.60083410715508e-15 -2.51978282472031e-15
-1.58594602885371e-15 -4.44151121236275e-14
-8.74808365542903e-15 1.84640483356761e-15
1.18609374887042e-15 -1.87815765783846e-14
-3.08655178555343e-15 1.68267172256468e-15
-2.48505080393299e-15 -5.04813093756488e-15
3.89767443497385e-15 -1.60166016209531e-15
2.24486707523453e-15 -3.08139238260181e-15
1.35432724795546e-15 -2.50812787452932e-15
6.07986843273219e-15 5.0876346127381e-16
2.46511730856421e-15 -4.44228414969114e-15
-1.29264525304376e-14 1.32726013056677e-14
-3.71176402732535e-15 2.11034824881731e-15
-4.29780197471848e-15 -3.15466365225022e-15
-4.17991991206664e-15 6.44958735458575e-16
2.51723015063097e-15 -9.44504442769123e-15
5.94410252943399e-16 -4.28620991136494e-15
-1.14848639854759e-15 -3.31867902055431e-15
1.88718616171452e-15 -9.55341889491316e-16
-2.14163358544095e-15 -1.19047121455067e-14
3.04158118994711e-15 -9.74705902433399e-16
-4.44467645934624e-15 -1.07147313795693e-15
1.64997364217227e-15 -3.33473015203611e-15
-1.94101026470157e-15 -2.52135473094865e-15
-2.11413384822758e-15 -2.10793444787169e-15
-1.1635390198158e-15 2.32302725131457e-15
-1.83515877242726e-15 -1.64750286054047e-15
2.17500737129684e-15 -1.78008532928186e-14
-2.64781139486866e-15 1.36439132153619e-15
1.27773594862319e-15 3.48226955742186e-15
3.65410005015617e-15 -1.22182146872713e-15
-9.04639886178588e-15 -2.97175541056227e-15
1.68872628715204e-15 -6.25968601119092e-15
-1.30727408664524e-14 -8.10835310921422e-14
1.5529939930174e-15 -7.42570861744428e-15
-1.03204592318084e-15 6.58679270078055e-15
-2.69077540077143e-16 -6.11850205270078e-16
9.04217219090798e-16 -1.42677497368695e-15
-5.43773082868837e-15 -1.19445805679483e-15
-2.92654318261195e-15 1.30385517315143e-15
-1.03789167828925e-15 -6.92761891504236e-15
1.18009666169068e-15 -8.55448497899037e-15
-1.06266434806043e-15 -2.82358596739594e-15
-2.80640953356908e-14 9.18777391945703e-15
3.13526728183489e-15 -3.23636713780866e-15
5.42943236825285e-15 1.6910526818236e-16
3.94343517400146e-15 -6.81706225139164e-15
2.10449460898012e-15 5.37147494450373e-16
-3.68830049174871e-15 -8.87997863396218e-15
-4.9683403570305e-15 3.56189880374291e-15
-1.11452333199218e-14 -9.38898015449757e-15
-1.02383337227884e-14 -1.17485202554353e-15
-1.06013617544e-14 -3.4542119305719e-15
2.92326416954288e-15 -6.07631506405783e-15
-1.42248788354216e-14 -1.86430022023839e-15
3.40655000280304e-15 -2.26986781450254e-14
1.20928039408225e-14 -5.71312244156162e-15
-2.76096567996578e-15 -6.41914723558381e-17
-5.14750281383299e-15 -9.02600892564098e-15
3.87315527185369e-15 4.54982711658636e-15
-2.51013946179004e-14 -1.41227343333112e-14
-5.54319158278708e-15 -7.24334282689789e-15
1.46320758299423e-14 -1.39792974485927e-14
-1.5528187885538e-14 2.22155820568381e-15
-6.00860467787156e-15 -9.51213721524565e-16
-1.15868115566962e-14 -8.21351954706619e-15
1.79963740555636e-14 -7.14360052214995e-15
2.28479803075881e-15 1.14121327778248e-14
-3.28469885269485e-15 2.0591784465414e-15
1.73347470501136e-14 -9.2524693880886e-16
-1.76122833418008e-14 -1.52360448589211e-14
-1.13017209246232e-15 -1.40810173531748e-14
2.17310922182855e-14 -1.34345980592027e-14
1.93665536702575e-15 -3.2498308514745e-15
1.59049446574868e-14 -1.12786861959214e-15
-2.17576808317108e-14 1.62354844841404e-14
1.2279496615083e-14 -6.49967452403302e-15
3.36789933015448e-15 9.40032716847104e-15
5.43047464777127e-15 -7.08217645210439e-15
-1.83732046580153e-15 -1.06456346273445e-15
-3.05124206194327e-15 -7.97663057784238e-15
-5.54320914781936e-15 2.21069151342687e-16
-2.44259286921716e-15 -8.35855974229389e-16
4.19316891210105e-15 6.82371278596654e-16
3.48730084778238e-16 -7.73315104096885e-15
5.15909389234509e-15 -2.21189218802544e-15
1.8157720011496e-15 -7.54791203876285e-15
3.79575704259049e-15 -1.69523457600876e-15
5.0302110352249e-15 -5.04178527302183e-15
9.14941711911814e-15 6.63706575077953e-15
3.75416102652992e-16 -4.72643906513614e-15
1.57513910466233e-14 -1.26816794693951e-15
-2.02409207867297e-17 -3.01928062087419e-15
-9.09242122281328e-16 -2.28473737267014e-15
-7.51108579870846e-15 -3.9704487734628e-15
3.48451568957187e-15 -2.79340544819077e-16
-3.7356958615903e-15 -4.2629004681402e-15
-1.07258476377972e-14 4.10013508424505e-14
-4.15765209596422e-16 2.43814880653123e-15
-6.66385628166366e-15 -1.22978641065449e-14
3.56195269029822e-15 1.26654492742904e-15
3.25517032468084e-15 1.82285044610735e-15
1.41064436333858e-16 -1.65875900150521e-15
8.31836456057481e-15 -1.5692603471636e-15
-2.13087453726529e-15 -3.51524184395586e-15
2.81412741730895e-15 -5.05237004108431e-15
-4.73372648356032e-15 -2.77296465259867e-15
-2.26056801018344e-14 1.66477687122565e-14
-4.47822882673317e-15 -1.63382915950078e-15
3.60004619263784e-15 -8.2787828172979e-15
-1.34059396817975e-15 -8.71753752750723e-15
3.56210892484726e-15 -8.05032117102539e-15
1.25505029183201e-15 -5.81774456023423e-16
-1.28351367205199e-14 1.07950718727946e-14
1.90575808028267e-15 3.69378496726452e-16
-4.43098386978289e-15 4.43203859969588e-15
3.43384199435864e-15 -1.31260827394077e-15
6.76493644468319e-15 -7.3627093865799e-15
-6.45796547887812e-15 -2.60894462492025e-15
-3.01302826641802e-15 -1.27960403634084e-14
-9.81853842524047e-16 -1.51713355357685e-15
-1.88036567403678e-15 -2.92579530348592e-15
2.18116812681442e-15 -6.64759337097181e-16
1.15014633498261e-15 -3.7055266301161e-15
9.01408388518068e-15 -1.33544642250783e-15
-1.27795330362243e-15 1.39151810173788e-15
6.9785139526877e-15 4.1429851767241e-16
5.79965812570825e-15 -6.09588815538148e-15
-2.74120130990914e-15 1.65048525216735e-15
-1.47609233226206e-14 1.84722677737363e-14
4.23739620214138e-15 2.27980034694502e-15
4.43521688498172e-15 -9.23229017905685e-16
5.10461676754257e-15 -2.06734219786803e-15
7.08874399668558e-15 -1.95711807126867e-14
2.58495322794719e-14 -2.83595473275145e-15
-7.36096040910748e-15 3.20684499806479e-14
-2.61954991116042e-14 -3.74155642185356e-15
-6.68750993188992e-15 -4.31691056835408e-16
-7.09552150808314e-15 -3.72395146399991e-15
4.06117719282035e-15 5.20818821423337e-14
-9.64884840485348e-15 -5.12521565074365e-16
2.68320680684681e-16 -6.89553188174726e-15
9.71340025748498e-15 -6.74093701385841e-15
-1.07728958625125e-14 -1.69020333810362e-15
2.32034616897377e-14 2.9909204559567e-16
1.31629957853875e-15 2.8281390730978e-14
-2.03834867748684e-14 7.03364292685764e-16
1.86117169900621e-15 2.01316583189474e-16
-1.42627505992647e-14 3.3112779239634e-15
7.02007170458363e-15 -4.46659929705506e-15
-1.86416306915056e-14 -3.4977635044984e-15
-5.33362947785596e-15 -8.69982637338793e-15
-1.52990480076524e-15 -1.15269142812216e-15
-9.87123421992243e-15 -8.77349804398915e-16
7.74202533036095e-15 2.19409120160919e-15
4.42774533829686e-15 -4.39320493945146e-16
3.92009181074093e-15 -4.43973491241682e-15
-1.14215090466288e-14 2.5405438989028e-15
-4.42550293107511e-15 -2.52840832126931e-15
2.95958098721143e-16 -2.1615059436316e-16
-9.30184523133484e-15 -4.0469681919581e-15
-1.16926388774145e-14 -6.34058127344461e-15
-2.01040163345758e-15 3.6124165784978e-15
-1.36499574153985e-14 -8.32689528145138e-15
-3.75492893398214e-15 -2.23821124505972e-15
-8.83842184231604e-15 -1.02561819137637e-14
-7.48847816232308e-15 -4.97054541473998e-15
-4.22030421434155e-15 -5.04142921910868e-15
-1.06499447297927e-15 -1.18696156339872e-15
-3.30648117028393e-15 -4.60257366102212e-15
3.21938843650284e-15 -3.3164399980402e-15
-7.6599325591021e-14 -3.56796916850568e-14
-4.67109125626875e-15 -2.4034360072262e-15
-8.16244663375842e-15 3.02073831416159e-16
-1.17224943991447e-14 -4.32338425401928e-15
-4.32754888150638e-15 6.43997068895217e-17
-6.22525698488555e-15 -1.24471078315465e-15
2.57579855872352e-15 -1.21690803955751e-15
1.5946512602649e-15 -3.48348134942235e-16
-9.9847357357049e-15 -3.23009654715345e-15
1.54590059715207e-15 -7.47580417045894e-15
-7.00461361033637e-15 -7.6913176566763e-15
-6.98770764866865e-15 -4.90327858005062e-15
-6.18322125479376e-15 -1.28017950517574e-16
-6.24456800157149e-15 1.62111179051111e-16
1.16926097480431e-15 1.11842931081526e-14
1.23066534636818e-15 -2.70096340010177e-15
-3.95197851057794e-15 5.09459746121409e-15
-7.04860969912741e-15 -7.85338573077514e-15
1.6768616014566e-15 -8.4165927827315e-15
-9.96813972010202e-15 -5.77512401174826e-15
-6.44440383055155e-15 -4.58523097789341e-16
-4.07014912273562e-15 2.40418385770429e-15
-2.94987572269258e-14 1.11490254988618e-14
1.55841238149101e-15 -1.5467803730958e-15
-1.02671149655223e-15 -4.53503480259212e-15
-8.52742129022408e-16 -5.19006251717304e-15
-2.5443205016514e-15 -1.25299075065096e-15
-2.21622215148353e-14 5.09959387269499e-15
-4.27015088033514e-15 8.35123676939723e-15
-9.57278268347728e-15 5.06585935223138e-15
8.74606526155617e-15 -2.57809212695376e-15
4.36000573438912e-15 -9.37765113385732e-15
2.18365211469025e-14 -5.0868743409969e-14
-9.94130788040677e-15 -2.92318197231641e-14
-4.10019619492672e-14 -1.95845284853665e-14
-4.93231165702976e-14 1.3435723907884e-15
-5.67426441332156e-14 3.74537584477996e-14
-3.75415194891729e-14 5.49315718463758e-14
-8.70554495577637e-16 -2.26653618201681e-13
2.55688440619466e-14 5.74927867362424e-14
6.2656596164307e-14 3.31850237563384e-14
4.5522282379e-14 -4.81251413733231e-15
2.62028155560391e-14 -4.91515916755795e-14
1.09788561575802e-14 -4.44377678331014e-14
-2.56643532464433e-14 -2.83617247946027e-14
-6.33246441567902e-14 -6.99618542325013e-15
-5.50315078018751e-14 3.98391476204434e-14
-3.92251154025252e-14 5.69105160893773e-14
1.21023694841023e-16 -2.14937738477631e-13
2.57292579289938e-14 5.65997037385203e-14
4.61048499175466e-14 2.77014903031231e-14
5.77328048651228e-14 2.03811557965429e-15
4.26882360541662e-14 -2.464817849314e-14
2.68930550349448e-14 -2.84871226145978e-14
3.63385772077753e-14 3.54775083436163e-14
-1.02092138883764e-14 -8.80975301644088e-15
-1.42949189647724e-14 9.47346275580299e-15
-1.34972480151987e-15 9.82309684050016e-15
1.14656133571257e-14 4.97738461463262e-15
2.46082637774456e-15 -1.60623787601832e-15
9.6300195013282e-15 -1.47680177662447e-14
6.06708910312831e-15 -1.06081116805164e-14
-4.81783855498637e-15 -7.67180098400055e-15
3.10817957266351e-15 3.068988709868e-15
-7.77835284271616e-15 -2.58412458870672e-14
1.1688071348214e-14 8.41692979515044e-15
1.01413756924636e-14 6.80998462412619e-15
1.37264368604658e-14 -3.06388144273788e-15
9.40600326816678e-15 2.62655115272392e-15
1.87421366607287e-15 -1.02473824775784e-14
-6.10138563074939e-15 -1.35091814418933e-14
-4.12521393866132e-15 -1.56587496860008e-15
-1.23524454613465e-14 1.06495040899676e-15
-1.54948077875145e-15 2.82901394156176e-15
3.5800852279977e-15 -8.66761152326037e-15
3.37363916497832e-15 -4.62438238547771e-15
-4.49352436085797e-15 -6.58220857722219e-15
6.46183831795178e-15 -1.67043732246083e-15
-8.44940964820458e-15 -1.93882329520737e-15
4.30091057747509e-15 2.47670311086839e-15
-9.41834823946452e-15 1.34766009233306e-14
2.09456513659565e-15 3.17601488786945e-15
4.2605825653128e-15 -9.95361552014821e-17
2.25077464596833e-15 -4.44125360264072e-15
-3.45260426310387e-15 -9.70734967577607e-15
-1.18535429648058e-15 -1.01632905086215e-14
2.0442441054397e-14 3.13647497526262e-15
-5.87316579635951e-15 2.44577900859904e-15
4.68881521916933e-15 1.76995195347864e-15
3.62023105603951e-15 -1.23150342210095e-15
-4.79239167458219e-15 6.95869813942858e-15
5.07104641724985e-15 2.32776326090783e-16
1.59628567235253e-15 6.42877453435179e-15
-1.83430230274795e-15 -4.28159590526433e-15
-7.35996968536657e-15 9.86270717469288e-15
-4.41191279915151e-15 -5.99325947402781e-17
-1.68854625642069e-14 3.13423679065475e-14
-3.16040447954843e-15 -1.13339473909581e-15
7.14381126949718e-15 2.64009070453261e-15
-1.10078339710616e-15 -9.80174124936222e-15
-1.86667168964465e-16 -7.22956710696044e-15
-9.54643353861138e-16 -9.00631892658518e-15
-1.78541995635123e-14 5.51172554258804e-15
-3.01703897241041e-15 -7.8385439265209e-15
-1.27519895177623e-14 -2.65013202197353e-15
-9.19104672567437e-16 -2.59744981408546e-15
8.02549667773448e-15 -1.95566251631975e-15
-1.984911651357e-14 -5.36859766338099e-15
-5.46067090667308e-15 -4.15861252239798e-15
-2.54055304434734e-14 -5.5999903818237e-15
1.12835085878788e-15 1.73961894490171e-15
-5.5386406705006e-14 -5.24088567596666e-16
1.4625455068831e-14 -8.31621316935659e-14
5.70091052812335e-14 -4.11019764289738e-15
-4.17508720676947e-15 -7.61273317654558e-16
2.05162136068704e-14 -2.1163750299492e-15
-6.79770112518624e-15 3.3348750209904e-15
-1.15781090714933e-14 -2.23951179047855e-15
-2.47395567849762e-14 -2.48628753182129e-14
-1.44320361451762e-14 -5.52001115969026e-15
-2.44434083086894e-15 9.42601379185554e-15
-4.94863386291106e-14 -2.02880324866402e-15
9.2168973402744e-15 -8.95909401183509e-14
6.41175974631863e-14 -4.88203850687755e-15
2.59454572468026e-15 1.20904820830917e-14
2.03674262393228e-14 -4.19460414286498e-15
5.95847977342115e-15 6.54301082867741e-15
1.16784811514452e-14 -4.09943747717509e-15
3.66050789459713e-15 2.32238335450683e-14
1.01355043723283e-14 -2.4019571818432e-15
7.83704279232551e-15 3.31115461178532e-15
1.4910999784056e-14 -7.82227831768077e-15
-3.25145433767544e-15 3.95395223530883e-15
1.35345595347358e-14 -6.54339275951093e-15
7.85987876435502e-15 7.74707734982189e-15
9.48752564122416e-15 -5.10531666921187e-15
8.08053188254155e-15 4.58098465335667e-15
4.53181370083525e-15 -3.28757593988231e-15
9.635093986187e-15 1.91517481969189e-15
-2.35146953509082e-15 -8.95228174447876e-15
1.07081923218345e-14 -1.13519192274648e-14
3.08380488539345e-15 -4.63971107492819e-15
3.78805588834308e-15 -7.4181445959948e-15
4.27243802202278e-15 -3.61300760179104e-15
-6.95639556290041e-15 8.12338286221109e-15
3.75104906749382e-16 -3.09207907709142e-15
-2.51657604271971e-15 9.18498203033205e-15
2.91218123204132e-15 -5.72634978248726e-15
3.75975046690925e-16 -7.99304698577228e-15
-3.95020097356836e-15 -6.23744160762275e-15
9.47403715222417e-15 -4.26288850093271e-15
1.38799621450313e-15 -4.50073152469295e-15
6.54281343004248e-15 3.7986866925616e-15
5.46647605567469e-16 1.71147331880216e-15
4.41124025360853e-15 2.77923835059357e-15
-9.05358092672366e-17 -7.15834687013917e-15
3.06697782865026e-15 -1.57148612897958e-14
5.55711631149313e-15 -4.63113756716858e-17
4.58675290035536e-15 -1.83017313223208e-15
-1.94966287130251e-16 8.76545932850824e-16
-3.89332782281381e-14 -9.42353751548075e-15
-8.4851096475141e-16 1.48974580462635e-15
7.71149650410317e-15 1.49746908136894e-15
-3.37064220763534e-15 -4.16575120840645e-15
8.04948129872579e-15 -2.155534644861e-15
6.66003496358182e-16 8.07601162840262e-16
3.53293753580067e-15 -6.79688861125076e-15
-3.13943986521672e-15 6.43210915812458e-16
9.34718614019603e-15 -2.25905989525842e-14
7.0575418302397e-15 1.51745416560597e-15
3.62286325545516e-15 -1.30142281655316e-14
-3.69017566332342e-16 3.08987728446704e-15
-7.83953651950296e-15 7.00441995747383e-16
-2.49848648289627e-15 9.72109238771576e-16
-4.3632367408702e-15 -1.73804855016542e-16
4.27396291058614e-16 1.75113844074948e-15
-1.56672995570409e-15 -1.46352205467698e-14
4.27245106326338e-15 3.273485807325e-15
2.15779803069994e-14 -1.21907404778982e-14
3.4452388478535e-15 -2.95158979888166e-15
1.48805941441795e-15 -1.36070314871334e-14
1.46009051261771e-14 4.62293982085703e-15
1.10067225625668e-14 -1.24633733303552e-14
1.7650274952591e-14 -6.76735560739569e-16
6.90698881521539e-16 -2.26255290365232e-16
3.53996199668296e-14 8.21135836650933e-15
-9.30742761855545e-15 7.54805912040374e-15
-3.21907016326622e-14 1.79840655977905e-14
4.98027903436473e-15 -4.82696192174897e-15
-3.95221333584925e-15 -4.90747548456141e-15
9.21857305763871e-16 -2.39081287824876e-15
1.72067767263389e-14 7.18604705195914e-15
6.67955798891192e-14 -1.64446420509087e-14
2.76064371805854e-15 -1.2507450732927e-15
-1.01535099455457e-14 -4.792590532098e-16
2.04909005045087e-14 1.26816593957842e-14
1.47943437107549e-15 1.92180057426363e-14
-3.53234421366002e-14 1.40912407124169e-14
1.63872632631186e-14 -1.17512440078758e-14
-5.8855354462372e-15 5.2238043688727e-15
-1.45816070552537e-15 -4.10158814766152e-15
8.63206080162931e-15 2.41680027976283e-15
2.88046338570631e-15 7.85226629292662e-15
-1.14562107417528e-14 -7.91780683243048e-16
-6.61266681022714e-15 6.15806085826015e-16
-1.11136160992976e-14 3.66076135450143e-15
4.63523063760551e-15 -7.06308695041872e-15
-5.60275607591344e-15 3.32674306621739e-15
7.21190694850542e-15 -3.13889209035303e-14
-4.7993686217357e-15 7.12990730778693e-15
1.63189373755594e-15 -1.23784267020077e-14
3.86977089112537e-15 -2.12021965657497e-15
-2.15835093585258e-15 -1.49685155880753e-15
2.28371497792795e-15 2.2216115388082e-15
-1.45736423148096e-14 -1.14599251619764e-14
2.19316267444844e-15 1.33858614703726e-15
-9.01256757290937e-15 7.48248401440333e-15
1.79139990351409e-15 -2.62018585735577e-16
-8.65132157729586e-15 -4.10847318181645e-15
-5.02406047735283e-15 -2.57016219019043e-15
-2.33372185118806e-15 -6.36087978949357e-15
-2.07947654713415e-15 -5.64135098667483e-16
-6.20482296910972e-16 -6.40216991520455e-15
2.37458168692757e-15 -2.74572968253473e-15
-4.40573614619238e-14 1.65752515069008e-14
3.60151855199394e-15 -1.38685408036798e-15
-1.05944138744056e-15 4.33146677349355e-15
1.6060821965609e-15 8.74347573023104e-16
-5.687647552954e-15 7.57607017497704e-15
-3.48574441102149e-15 -5.69765372311296e-15
-1.86509238966968e-14 3.10186514873342e-17
-5.58761876200202e-16 -2.27109321621859e-16
-4.99222134157527e-15 -9.18975251820068e-15
7.92532669627975e-16 -3.35716438816336e-15
-2.08986220410379e-15 -4.42143396428072e-15
1.41559180431754e-15 -2.53963459444503e-15
-6.62205103937211e-15 -2.81937654408935e-15
2.80784380763105e-15 -2.33761629406862e-15
-4.96016182158534e-16 3.3387367647395e-15
2.14379234832284e-15 -1.7476100037916e-15
-9.47830635807626e-15 1.96210956248557e-15
3.67151584793307e-15 -2.06028929933152e-15
1.80691770630359e-15 3.28760060647956e-15
-6.9175482330168e-15 -1.07667176210494e-15
-2.828820176187e-15 3.04951935778353e-16
-1.19023374413894e-15 -3.27681366651571e-15
3.06289059112994e-14 3.55468638835914e-15
-2.59988242437612e-16 -2.65965520761748e-15
5.47652318877764e-15 -5.23044335890773e-15
5.17491771243357e-15 -7.03111265746637e-15
-4.48371148394666e-15 4.14463196750585e-15
-1.08546390454884e-15 -5.21745957599417e-15
8.21079272474462e-15 9.08140646056303e-15
-1.97798943433059e-15 -4.43750430534344e-15
4.50728527229257e-15 1.25900450104475e-14
-9.37141803184776e-15 -8.58577446647322e-15
1.88369647317022e-14 -7.82090194424163e-14
-8.48602924254469e-15 -2.94792525025071e-15
1.4844896884496e-14 -1.27997312201503e-14
-1.19379486196566e-14 -9.38814356894322e-15
3.07301096961612e-15 -2.40781845847018e-14
9.52584413500085e-15 -1.80419885620956e-15
4.14144087016897e-15 4.58125432636164e-15
-1.85747398563133e-15 -7.85702653964117e-15
-8.84644881151009e-15 8.53332632731086e-15
-2.71621299974163e-14 -1.48530768451309e-14
-5.99532757613776e-15 -7.77173552522483e-16
1.13174088275316e-14 -9.13627576593288e-15
-1.5065871541238e-14 6.90091938456314e-15
-1.01501055502984e-14 -1.41747078013796e-15
8.62335923367796e-16 -1.87774403212477e-14
1.9612320739047e-14 -9.37055925420726e-15
8.87587768456272e-16 -3.19657259105255e-15
-3.665271456544e-15 -4.37077663469681e-15
1.41899309462047e-14 1.65710360733448e-15
-1.84697584727737e-14 -8.86844928942943e-15
-1.10800104230092e-15 -6.87730217307081e-15
2.07110164206801e-14 -1.18770996885111e-14
-8.98181031304822e-15 -4.33684405839688e-15
1.01662743858509e-14 2.03388583222439e-15
9.48368704608016e-15 2.30686734374762e-15
9.67695469417416e-15 -2.58610077787686e-15
4.01049494962147e-15 1.26104485439029e-14
4.76777944805135e-16 4.06942168660472e-16
-5.09719269756082e-15 1.50445745009363e-15
-1.0160526557033e-15 -6.22665917021549e-15
-5.1031555409145e-15 -5.85942653090318e-15
-2.62268237301146e-15 -4.41150187795601e-15
1.46758706088583e-14 -1.07058884199523e-14
-2.00221911310073e-15 -2.94310682911483e-15
7.44530409798906e-15 -4.14106551975378e-15
2.10308867181936e-15 -4.78414389387554e-15
6.63695793038498e-15 -2.26221667617463e-16
3.84968940188504e-15 -1.56428502188705e-15
1.18251589825747e-16 5.39446529137086e-15
1.58032957581662e-15 -3.61940229090919e-15
9.48866405708063e-15 -6.6492287581816e-15
4.23632317567598e-16 -1.56305381841193e-15
-2.67054991903136e-15 -9.3812152658878e-15
-5.83492814535156e-15 -1.27369489316402e-15
7.73510128654412e-15 4.95419362836118e-16
-9.40941820543817e-16 -1.52316642437586e-16
-1.74842810087953e-14 -2.20543272475826e-15
1.03491193919309e-15 -4.92820974129688e-16
-1.0100770759054e-14 -1.25851695783217e-14
1.30123034681543e-16 -7.69978137276075e-16
2.97457479032812e-15 1.8565745268728e-15
1.65714601122148e-15 2.78610288140013e-15
8.8135072283348e-15 -1.5833956030066e-15
-4.03840427689685e-15 -2.11452815029485e-15
1.8688722178999e-14 -1.0813572259849e-13
-2.36295792314497e-15 1.0761439335887e-15
3.49794341997811e-15 2.18746206942838e-15
-3.52883124805892e-15 2.14933764910579e-16
-2.64526790204328e-15 -4.96900975478624e-15
-3.77964656188572e-17 1.57271138553539e-15
2.51583413823752e-15 -9.10154721878309e-15
7.9167170043339e-15 -9.85601818269647e-16
7.41839924025107e-15 -4.7703205915824e-15
5.66007986609031e-15 -1.97849572535502e-15
1.8688722178999e-14 -1.0813572259849e-13
5.36878298507785e-15 1.63866847272457e-15
-7.16328304699941e-15 -1.95845704886313e-15
-2.52059312974857e-15 7.87589711326202e-16
-2.5714924802218e-15 -4.14478623143452e-15
1.29038161431604e-15 -1.66708305254805e-15
-1.9304947962435e-14 -3.1104319748576e-15
-7.98533336040731e-16 2.05961104510389e-15
1.55383851450014e-15 -1.02279762639092e-14
8.30377025946953e-15 -1.67398169678898e-15
5.03385544654191e-15 6.38576650186251e-15
5.86323183669408e-15 7.8827805894426e-15
5.90485159628638e-15 -1.75745602492284e-15
7.1031287317132e-15 -4.00341628511555e-15
7.46605352198288e-16 2.06852082178627e-14
-4.20256490448306e-15 -8.87117369218918e-15
5.30562229371988e-15 -7.83574813537451e-15
2.1024313128636e-15 5.53371853599333e-15
9.65269045670821e-15 -5.33291998032117e-15
2.72591976147771e-14 -5.12281225875527e-15
-1.35435722416378e-14 2.96889023817809e-14
-2.07723030728189e-14 1.48512799264995e-17
-1.77633724513644e-14 4.93716009962452e-16
4.02478412891943e-16 -9.53340930454501e-15
7.31524082307132e-15 8.01669952958001e-15
-1.9143856809136e-14 -4.63940473339604e-15
-2.3427560058397e-15 -3.54916675287942e-15
1.32061334794206e-14 1.82126644679109e-16
1.15227748719102e-15 -5.14580184028114e-15
2.40661010847434e-14 -6.56407302185289e-15
-1.57116892852497e-14 2.385900057672e-14
-2.48063100585398e-14 -2.72957609194889e-15
-1.75389910591797e-14 2.83911119210408e-15
-1.50363189262208e-14 1.60114262626687e-15
-6.0896553093989e-16 1.26921402278487e-15
-1.55368462184907e-14 -3.02774523958805e-15
-4.71055086387084e-15 2.72578081861076e-17
2.01091880500272e-15 -7.881677497737e-15
-2.98612440757528e-14 6.84897655187424e-16
-3.56973096047122e-16 7.0759586709041e-16
-9.12257706720031e-15 -2.40586632104358e-15
3.91907514543803e-15 7.11037183335935e-16
4.35816762533185e-15 -6.63356624363615e-15
-2.01958021610612e-16 -4.4989259118621e-16
6.54360022326181e-15 6.61383380482639e-15
-2.146364941546e-15 -6.44525099762667e-15
2.80688843318043e-15 -4.45170103647376e-15
-1.01154151871592e-14 -5.46680645407183e-16
-3.76194064634986e-15 -2.65434080706687e-14
-6.73050197113376e-15 3.48041845624566e-15
7.67172547601244e-15 4.28733853810161e-15
-1.16395627837438e-16 -3.21340640639594e-15
6.26225152098475e-15 1.12944598306945e-15
3.28412783237224e-16 -1.3827741673975e-15
2.52822990782649e-15 9.77690493385994e-15
-3.73607180837828e-15 -3.06438661465584e-15
-7.64191319549281e-15 4.88875030600146e-15
-2.4504185662368e-15 3.24021230616799e-15
-1.99836353268702e-15 2.43011876611635e-15
-6.41783684292867e-15 -1.05746495583471e-15
-7.82328724662375e-15 -7.70055624943889e-15
-7.7506066574368e-16 -7.59898940955885e-15
-1.50141167070479e-15 -2.78291813178508e-15
-4.0075866278509e-15 -4.1994511050207e-15
-5.87966836511189e-15 3.86246911544913e-14
-2.9285213493763e-15 3.29443688325203e-15
-1.23221000788157e-15 -3.24670183984958e-15
8.58731868272134e-16 -2.80774770917098e-15
6.78031581574137e-16 -1.69105285728996e-15
-3.61063522497168e-15 -4.68060900400859e-15
-3.27512449917102e-15 -1.23917849401749e-14
-1.01373347732192e-14 -2.4891594543036e-15
-1.09042095089289e-14 7.4382167108567e-15
-8.61057513757393e-15 1.05035103702267e-15
-1.03280272591368e-14 4.98866883658857e-15
-2.59998344401899e-15 -3.07643843526711e-15
-8.10454755836267e-15 -1.22015188742004e-15
-8.24721216160174e-17 -1.36452890493057e-15
5.34068392108399e-16 -1.39029817513921e-14
-8.43219360483214e-15 -4.63630897053267e-15
-1.1024837972775e-14 -1.42331969630649e-15
-3.15058200897114e-15 8.00450224554688e-15
1.43372975830484e-15 7.23496865578427e-15
-1.06465081130378e-14 -9.33556228511251e-16
-4.22769800289661e-15 -9.41367594726345e-15
-1.19252838048064e-14 -1.41610703694541e-15
-2.64168714873375e-14 -1.70768617366423e-14
-1.67998165117983e-14 -2.89772417420946e-15
-3.08745174017736e-14 -1.72111586499029e-14
2.09521976787945e-15 1.27438863583465e-14
8.63622980938283e-15 1.85515747406945e-15
9.62571187621517e-16 -1.84816288925994e-14
-3.50888278393034e-14 -9.74632692278959e-15
-6.06608061759251e-14 3.12316000283685e-14
-3.07710826360556e-15 -1.27276701946778e-13
4.27145287182389e-14 4.1160129987181e-14
6.70512602585391e-14 -3.12623086740221e-14
-1.15403019162005e-14 -3.22137456387439e-14
-2.97410108031129e-14 -1.67020584084256e-14
1.54143800700392e-14 3.08302992464713e-14
2.73858094650454e-14 1.22408365464631e-14
2.1604797476567e-15 -3.618520071775e-14
-2.90697129725963e-14 -2.16093891822039e-14
-4.80036170011499e-14 4.57483177704817e-14
1.52360864690393e-14 -1.255247058758e-13
4.76043012474918e-14 3.10477446655814e-14
3.60108859042178e-14 -2.51875560365601e-14
8.54430535347964e-15 -2.37962321083364e-14
-7.41368247724928e-15 5.22909720032982e-15
1.50793360489748e-14 1.72189797791083e-14
1.24754723295749e-14 1.70019798146742e-14
6.61258478692032e-15 -3.82977693159274e-15
-1.69574610131935e-15 -4.76533803041442e-16
1.55877487945316e-15 2.89217641368671e-16
-1.05817994191724e-16 -9.84171089900111e-15
-4.66622640956269e-15 -6.21665740562072e-15
-6.28969725256592e-15 -8.80487424629436e-15
7.38908521233064e-15 7.37638052855998e-16
-1.20286661456372e-14 2.43610188927827e-15
6.53941360466258e-15 -2.11640227051395e-16
1.17941251606431e-15 8.46606007928585e-15
7.53976174637679e-15 4.98383767602909e-16
-3.99965214899758e-16 5.20152257906408e-15
2.63492215155744e-15 -2.76015016626389e-15
1.36756867354489e-16 4.16205249343702e-15
-1.91026960476765e-15 2.31784670151277e-15
4.80602889635733e-15 6.4441193224087e-15
2.72969572486668e-15 -3.41244762920586e-15
1.96470140964276e-14 3.90696197697267e-15
-2.64842990027295e-15 9.73586122089861e-16
-6.39074448134506e-15 -8.23179063553112e-16
3.92809931178273e-15 -7.49076837092483e-15
-3.90874398502663e-15 6.4727668251629e-16
5.43714535640925e-15 6.79155139306262e-16
7.41817951442652e-15 -2.24171199525058e-14
3.16809837230215e-15 -5.2374346000892e-15
-5.86981189295758e-15 -4.33596799950624e-15
1.24962826790676e-16 -1.89504631556888e-15
2.53037408546691e-15 6.74449974357325e-15
-2.3137345754982e-15 -5.8463508252807e-15
1.74781473377997e-15 5.20570166169071e-15
-6.36147122125495e-16 -3.38006479082555e-15
-2.37343034449002e-15 -5.04187356999175e-15
-5.19166953843081e-15 -6.77365403950944e-15
-5.30994917888687e-15 1.20662369990004e-14
3.42669846611394e-15 -2.29796587957811e-15
2.29552106038366e-15 8.26307971925349e-17
-5.03429932081267e-15 -6.21478868444691e-15
-2.26953219422004e-15 3.00384376182696e-15
-7.046656219344e-15 -6.10608982269549e-15
1.13308373601819e-14 1.6975324449259e-14
-6.62036217715487e-15 -1.84927476829059e-15
-1.19859288768429e-14 -8.44271621419622e-16
-5.79457953115882e-15 -1.49011436489556e-15
2.74479519205481e-15 -1.20520933301809e-14
-4.77080536438636e-15 -7.4769214365861e-15
-9.32847751483624e-15 -1.04557107887453e-15
2.98403191428252e-16 -3.8134515699985e-15
6.51657995414749e-15 6.17090368609074e-15
-9.88823971051548e-15 -4.9615385024889e-15
-5.60958656572268e-15 -2.14380113791797e-14
-6.4236464528679e-15 -3.87031584240217e-15
-3.98303909671678e-15 9.41075014603493e-16
-2.71261486847002e-14 -4.11779122174545e-15
-3.53547253859514e-17 4.71811446769e-15
-3.81331281688802e-14 -6.58627625594911e-15
1.3947728874374e-14 3.57713381627233e-15
-8.38696152442442e-14 -3.72478000222854e-15
-8.65537435139669e-16 -1.26613726126663e-13
8.23519877829533e-14 -7.69010902156848e-15
5.57045867585582e-15 9.31073724195729e-15
2.52673992900525e-14 -4.30621565909056e-15
2.17165656571163e-15 7.95390512641463e-15
-1.60515974531012e-14 2.54740194452098e-15
-3.57506267789642e-15 -2.49246394117807e-14
-1.26740016188566e-14 -3.8609921213264e-15
1.69285473249076e-15 3.66841378381289e-15
-7.47302455982605e-14 -1.00928892114674e-14
-2.13886622827057e-15 -1.21535720042748e-13
8.91719487742039e-14 -2.3202552361486e-15
6.64298666828216e-15 8.1226321791451e-15
2.67368224771805e-14 -1.15004126195387e-14
5.58596702830813e-15 -1.97603144951315e-14
1.03940280405141e-14 8.13858751965643e-16
1.2975966145478e-15 -9.08790946661128e-15
1.6316611464249e-14 -4.5027961456352e-16
1.29166496050565e-14 7.57441486507136e-15
1.42485983567965e-14 -8.39306867319727e-15
1.15108620612066e-14 4.54776841751062e-16
1.54483096984692e-14 -4.33845307259538e-15
1.13537666055047e-15 1.32942510758884e-14
9.12044261470804e-15 -7.85089321298353e-15
-2.68908923234969e-15 -5.48262923472435e-16
5.7239124262913e-15 -4.3948614454758e-15
1.00655237936394e-14 5.66675387180559e-15
-7.84302790813809e-16 -6.30679692154563e-15
1.35809818802592e-14 -2.74624587558993e-15
8.71106399695135e-15 -2.0938377810655e-15
-1.41871031196091e-14 -1.58334382554052e-15
5.76813039814349e-15 -2.03441173662566e-15
5.77873210095999e-16 6.77923774205587e-15
5.76446197576694e-15 -1.42110137766436e-15
-7.6988696796713e-16 -3.19457713101233e-15
-5.49268176683038e-16 -9.99422767135595e-16
4.85630689574911e-15 -1.73294887972881e-15
1.30595520512764e-15 -2.08340876578032e-15
3.78395393649153e-15 -2.81135431355424e-15
-6.97574474133712e-16 -2.65115010055278e-15
-2.81065744587708e-15 -2.13349993506952e-15
3.16169091919732e-16 1.63769819491442e-15
7.08768466627327e-15 -3.13132043705668e-15
-9.0106662110947e-17 -6.13167295840065e-16
4.74893693441293e-15 2.79093954215292e-16
6.96643437444546e-15 -4.539756534802e-15
1.37747602805763e-14 -3.66347899181747e-16
9.21193837185355e-16 -2.36239874925185e-15
1.30315171180097e-15 -6.22803248656916e-15
-3.3004962433504e-16 1.09759313476447e-15
5.91321200245214e-15 -4.16087410471009e-15
-2.29119152022197e-15 -1.12474302155715e-15
2.70114043389372e-15 4.42521133906326e-15
3.72209467090619e-15 -2.64640334355056e-15
1.29210036914498e-14 3.28404588342523e-15
3.09980149883913e-15 -5.35024596479978e-16
-7.47525575607736e-15 -9.95977418393063e-16
8.0098352861545e-15 -6.67790878994544e-17
4.90874153685479e-15 -3.44923006949962e-15
6.83757338965932e-15 -1.83345971485545e-15
6.85219536326102e-15 -1.11235869077612e-16
-2.75972504908477e-15 1.96471565336855e-15
9.06709708249059e-15 -4.23153619462616e-16
-1.64865729179444e-15 -3.08936170154593e-15
5.85239074341854e-15 -1.72054453290481e-14
-2.09203334553031e-15 4.16896980041631e-15
-2.91273072637231e-15 -8.12843063704254e-15
1.84131071072624e-15 4.51586035938667e-15
2.75412762717042e-15 -3.85434720428619e-16
2.09141130233094e-14 5.22492315291975e-15
-1.4622821435418e-15 1.04786848737578e-14
1.94644239449059e-14 -4.868656633418e-15
-1.93238750791362e-14 -4.99099339366768e-15
4.23044862291881e-14 1.41113258235166e-14
-6.3778342917773e-15 7.82355286747238e-15
-3.44912300814427e-14 1.41169249011804e-14
1.60557932410441e-14 -2.32920768209851e-15
-9.04214989913495e-15 -1.85649307189615e-15
-3.07242444351825e-15 2.83277475803124e-14
1.56348951257426e-14 8.64965498705378e-15
8.20652384141269e-15 -2.75558409513427e-16
1.8413091230626e-15 -5.35245886488081e-15
-1.46602091329079e-14 -9.60253497554181e-15
3.01179406549887e-14 1.74698887841235e-14
2.99728092881757e-16 1.304113054459e-14
-4.28269856819238e-14 1.42628364536982e-14
1.93574050259846e-14 -2.14190976334647e-14
-8.35147845722894e-15 3.56057068135724e-15
1.53985989296125e-14 2.12028838227173e-14
-2.41592325818893e-15 3.21082060413872e-15
-3.62029215853342e-15 1.49716173385344e-14
-1.08006034964424e-14 7.22439737161538e-15
3.46562396027941e-15 2.05459226435504e-15
-1.16680432188163e-14 9.82026067827897e-16
6.9775842632605e-15 1.59728355473094e-14
-5.81127004687437e-15 5.64178834789811e-15
2.849672478591e-17 -9.0722319585822e-15
-2.50346314838932e-15 2.5872820474946e-15
-5.71688805132508e-15 -7.07428126521646e-15
3.29745704443223e-16 -9.03285593466182e-16
-3.29513357944764e-15 -4.38186363330137e-15
2.39105157884341e-15 6.20503845047714e-16
-1.27552187933874e-15 5.23791173461195e-15
6.62974098430001e-17 -8.02854620994906e-18
-1.06841103051427e-15 -1.34314250964562e-15
-8.0006349587796e-16 5.48233107229335e-15
-7.28800675346438e-15 -6.66432204220473e-15
-4.45883775846494e-15 -1.26514800551423e-15
-4.66979027093786e-15 -4.03226174158056e-15
-3.04419090374839e-16 -3.41151947061137e-16
1.02417664629264e-14 -3.25619087488364e-14
-1.75260029052006e-15 2.2848411232014e-15
8.10321873817474e-15 -9.30226883713874e-15
6.67703188336636e-15 -3.33990321832534e-16
-7.70380838294359e-16 -8.49838841663284e-15
-4.56246129630904e-15 7.85498991304516e-16
-1.69672407561345e-15 8.83875059127142e-15
-2.5431404636997e-15 2.16390691107011e-15
-1.00359807947942e-14 4.28690106415974e-15
2.58607445118128e-16 -1.65104666055574e-15
-1.03269676843892e-14 -3.05987221617723e-14
-2.9332937355855e-16 7.88938574731203e-16
2.10687886796228e-15 -1.43290394931061e-14
2.46274613877549e-15 -6.21539826256548e-16
-6.31913584394635e-15 4.58685408142494e-15
5.67593267348353e-15 -2.40730754268405e-16
-8.6259352342624e-15 -1.05719568705291e-14
2.75932989123775e-15 -5.46118602427365e-15
2.2935060252814e-15 6.528626528444e-15
3.86625949208456e-16 -1.72791628733907e-15
-3.76137263509556e-15 9.21605022578918e-15
-3.47467696397023e-15 1.22468446533855e-17
-9.37276679221828e-15 4.30884414796786e-15
3.96193454993613e-17 -2.79507568749177e-15
-2.60704264537434e-15 -9.03268460217381e-15
1.94829342595467e-15 -4.05036079675196e-15
1.86549393542231e-14 5.2537504012003e-15
4.70595808118384e-15 -1.40507381170751e-15
-4.5652505866966e-15 5.76516746212665e-15
2.71560253361745e-15 -5.93694301672186e-16
1.59322142354111e-15 -2.26820297815008e-15
-7.65587859313601e-15 -3.74782013785152e-15
3.58060699646143e-14 5.8940088662775e-14
-7.54092066434909e-15 -7.05716261055115e-15
1.02084164215733e-14 -3.3557356548696e-15
-1.0530598063953e-14 -5.02719957462228e-15
-4.91302402894123e-15 -1.02597530869966e-15
-1.43475766354532e-14 -5.24205717213365e-15
-1.90354472780397e-15 -2.0475689723791e-14
9.70523299397867e-15 -7.44621597597277e-15
-1.44354398504463e-14 1.2074374322862e-15
-2.00947910698848e-15 -5.7081954600899e-15
-1.43441262380346e-14 6.01690708676276e-15
-2.38722899834459e-14 -6.78468330927709e-15
-9.59570056496777e-16 -1.5309263626381e-14
1.36405752670291e-14 -9.79515526900812e-15
-9.18486538585175e-15 4.07175638027857e-15
-7.75760256113416e-15 -3.95993575322457e-15
5.43234103492e-15 2.21045665764379e-15
2.11168267367473e-14 -7.33603274135822e-15
1.33172030972367e-14 -3.02012430989826e-17
-1.13296670398258e-15 -4.51452439600662e-16
7.85405947625956e-15 -6.49114253136794e-15
-1.95540544876963e-14 -1.43175498696813e-14
-6.34787359398623e-15 -1.12241134344248e-15
1.84144845321004e-14 -9.63777736357794e-15
-1.21419771328171e-14 9.1826301419253e-15
1.36992554917673e-14 -7.28386617437764e-16
1.03348682431061e-14 -5.62602366801024e-15
1.1893846355049e-14 -7.18989007052788e-15
-2.22503999785951e-15 1.21315825397926e-14
3.54644599516316e-15 3.20430630531513e-16
8.16659256673897e-15 3.96433454751251e-15
8.96578763229696e-16 -4.48019687325912e-15
3.89527221049584e-15 3.00082398221443e-14
-2.9416625812834e-16 9.09944223762241e-16
2.86358550102399e-15 -2.50652230040637e-15
1.12055687383582e-15 -2.91053574884418e-15
-2.17175328519071e-15 1.52807687616228e-15
2.43119407326055e-15 -2.6756545795772e-15
-1.00629337728572e-15 -1.31854300985696e-15
2.32432649466327e-15 -3.1798417645421e-15
-2.39648957564846e-15 -3.71063764574988e-15
1.65829312573363e-15 -8.36386477125976e-16
3.14579311967251e-14 -2.70505176220036e-14
-2.91508019045015e-15 -2.8298280290655e-15
-4.25796565348362e-15 3.54671313863524e-15
-8.08106326055345e-15 5.24850980430443e-16
-7.8123128920931e-16 -4.34904878133483e-15
-2.8672864936493e-15 -2.53799975908179e-15
-3.24037067190959e-15 -1.53976589616612e-14
-2.17894892422964e-15 -4.26259496005504e-15
7.276714248853e-15 -2.27698031573138e-15
2.1869564419217e-15 -3.73449737439014e-15
4.91594869677232e-15 3.43776109660091e-15
-2.79195926811256e-15 -9.04154819164119e-16
2.77028569297028e-15 -4.03968515533722e-15
-5.38455603641129e-15 -3.94271822839569e-15
6.33928291756349e-16 -7.7730033787215e-15
-2.24454296129204e-15 -2.45983933764281e-15
4.87708416618253e-15 1.44405153504735e-14
-4.26465311216734e-16 3.17327719663877e-15
1.53797021916641e-14 1.71418245504269e-15
1.56822690652233e-15 -2.35388923054173e-15
6.04805062190368e-15 -1.65794455133659e-15
1.44531596699471e-15 -6.55384580825085e-16
2.06827072118683e-14 1.09018821641961e-14
5.38026826009978e-15 -1.4965671347777e-15
-9.12312851702498e-16 1.29797252154843e-14
-3.61379641081013e-16 2.28205959271771e-15
-1.47818915065819e-15 -9.5581023360814e-16
-4.92672706632916e-15 3.56438956023237e-15
-3.38460357931037e-15 -7.01226729830136e-15
-3.00681604489204e-15 -2.61327345281921e-15
-5.7492235816354e-17 -1.21423615784242e-14
-3.70737972390784e-16 4.31715991601447e-16
-2.83552535261874e-14 -1.09752034083848e-14
4.57078034476469e-15 6.27758928619533e-15
-1.82548074413103e-15 8.91544619438569e-16
1.13768048744588e-14 1.90231802313281e-15
9.76829202246106e-15 -8.8150615377848e-15
7.07599566928527e-16 -5.56123661647011e-15
-3.45529242832457e-15 2.36225156606698e-14
-3.46184387082495e-15 -8.33053693693782e-15
-6.31839944255944e-15 8.01926127578261e-16
-4.40273818243096e-15 3.49810714493189e-15
-1.39785122123576e-16 -5.82756671443486e-15
2.17623145711744e-14 3.67906390320787e-15
3.05147968227244e-15 3.0188579402588e-14
-1.45523561696971e-14 1.75085868096919e-15
-1.34883940731405e-15 -9.09668316427549e-15
-5.98869370364148e-15 -9.16904744642694e-15
1.38789284141096e-14 3.99595100634652e-14
-1.26613119265845e-14 -4.3136041818838e-15
-1.13673824784014e-14 -1.85347067741391e-14
7.29779531076097e-15 -5.17138858272678e-15
-1.15184285147657e-14 2.58218865831062e-15
2.05192995492066e-14 3.69942417738471e-15
9.00436336169227e-15 7.08819592873214e-14
-1.42279389595837e-14 -1.05431601400878e-15
-4.29890805055195e-16 3.56539139761065e-16
-1.1903797195078e-14 2.15805882155952e-15
-1.01975731193385e-14 -6.38864255122911e-15
-1.50168053456565e-14 -2.36878446264373e-15
3.51348486999136e-15 -3.19968741590665e-15
-2.36082176656906e-15 -2.35208729095673e-15
-1.43507401371057e-14 -4.1439502857813e-15
3.23911796580592e-15 4.94300778835234e-15
-1.71820311070688e-14 -9.71556655315033e-15
-7.17218850163195e-16 2.29862190474069e-15
-8.48888738180478e-15 7.48987689588676e-15
2.02866527363631e-15 4.32109250401373e-15
-4.33146806341794e-15 3.24518711115412e-16
-4.58619455407099e-15 -3.18404003831615e-15
4.63394602721206e-15 4.11734456079778e-16
-3.21219478779267e-15 3.03723867280491e-16
-1.36948594907129e-14 -1.20375960679798e-15
-9.85750326330081e-16 -2.63129196246512e-15
-4.97742138328996e-15 -8.6188460339108e-16
-2.37912213552984e-15 -6.43497702424972e-15
-6.31081144500921e-15 -3.79070703846706e-15
1.20402842042975e-15 -1.36956460453076e-15
7.49874194210919e-15 -6.73121509831223e-15
-3.54326521249129e-15 -2.52206251648009e-15
-9.10795967729477e-15 1.42416241060498e-14
1.79718685692625e-17 -9.97714725594809e-16
-1.1715649949794e-15 2.40389472820577e-15
-6.88477423068132e-15 -8.32488072440586e-16
-6.9810028727627e-15 -7.3603643937633e-15
3.83815559992317e-15 -1.4551027402422e-15
4.09718927802339e-14 -1.5297857803366e-14
-2.85183823590053e-15 -2.03563862187666e-15
7.98360739291247e-16 -1.92567428500335e-15
-1.24185124543812e-16 -2.86895673092813e-15
-4.75459963812048e-16 -2.55682336546631e-15
-5.97744826651781e-15 1.29239687194796e-15
-2.14311301776057e-15 5.29096179479243e-15
-6.76500150318985e-15 -2.67570121059854e-15
-1.54696895023156e-14 -1.80547078019923e-14
-1.27538438526104e-14 -5.34220506313839e-16
-9.2356159930278e-15 4.42876697815955e-14
-6.44349961686762e-15 4.17147259557327e-15
-1.86383986874247e-15 1.55748743071059e-15
-3.08539219101851e-15 -1.16911326414632e-15
6.22639239899383e-15 -5.25414821178989e-15
3.82156247439282e-15 1.2441507216469e-15
-3.5586912816535e-15 -1.61275201987114e-14
3.18959222710784e-15 -6.73756451390362e-15
-8.66653488487006e-16 1.67512881524376e-14
-2.2642888331491e-15 -6.4006396988414e-15
-7.65408602698109e-15 -1.97186516611976e-15
-1.81919816099013e-14 -1.2760263204603e-15
-5.09026926608661e-15 3.12945918740527e-15
-8.18605071456869e-15 -3.21880845625071e-15
-5.27854252819747e-15 -1.5428279031159e-14
-1.30381213253144e-14 -1.7612886183118e-15
-2.55043115100495e-14 -1.0129189526785e-14
-3.64973004518306e-15 1.93973585625859e-15
-1.3554963789241e-14 5.42615512266707e-15
-1.59025097992773e-15 9.67868685638956e-15
-1.37187890792965e-15 1.37947510384459e-14
-1.30549506966568e-14 5.17765151755131e-15
2.46331694789568e-14 -1.52481801315609e-13
-8.22338196091731e-15 1.08124192907273e-14
-1.83668925715054e-14 1.17677930262396e-14
-1.10572913125757e-14 7.91763130549733e-15
-9.69560202654333e-15 -9.1038375367368e-15
1.12255565278192e-14 9.11926252858123e-15
1.08749747849913e-14 2.3799924901287e-14
-2.11249986751696e-15 6.92173605548721e-15
1.92721237574883e-14 9.30910195575005e-15
-9.34833880483879e-16 2.95082957019028e-15
-6.69440912629567e-15 -1.35431759426822e-13
-2.56010072356365e-15 3.72496429663653e-15
-3.31403326083782e-15 -3.11410079362579e-15
7.77467432427878e-15 5.25248210270486e-15
1.30653839601311e-14 4.77908249076917e-15
1.27105690439957e-14 4.1594165376583e-15
1.51094195100824e-15 -3.06438159417417e-15
4.05856214562085e-15 1.53576431032739e-16
-8.52651988742418e-15 -7.52776754602935e-16
1.51275413650068e-15 9.79765568535506e-16
7.1640156726001e-15 -9.64138859268893e-15
-8.65670121467293e-15 -4.19914945763434e-15
-1.56127273683346e-15 -6.68676004366782e-15
1.036415184621e-15 -4.79421501551186e-15
-4.65014306371082e-15 -6.22968127084851e-15
-4.03428986913139e-16 -3.28423094224362e-18
8.93370856435552e-15 6.39146661809218e-15
-2.38773770572733e-15 -9.65845957618365e-17
-3.4550128177034e-15 -6.21699049905694e-15
-2.52058059377638e-15 3.62255005499864e-15
1.8271471003334e-15 1.61580622737021e-15
-3.38681588269608e-15 1.72517454276821e-15
5.95576447797462e-15 -5.54381426327683e-15
-1.26209763371364e-15 4.61575769931941e-15
-1.47699205846195e-14 -8.77143989300513e-15
2.99249865218094e-15 7.75332681310103e-17
-2.73783947744126e-15 -1.08267233615184e-14
3.61876356528349e-15 -1.42696505689287e-15
-3.88135318223794e-15 -5.76679596869987e-15
2.54906488681722e-15 -1.58282912872163e-15
9.08702346423881e-15 4.23966806655907e-15
-2.14327946636924e-17 -3.43287770496788e-15
1.26538865304889e-13 1.15039286563637e-13
-2.90058678273955e-15 -4.82240273492135e-16
-1.11065878973064e-14 7.7835612421756e-15
-7.85955939014261e-15 -3.76775776200852e-16
-4.87823882413437e-15 3.32655787845569e-15
-2.50882316402117e-15 -4.16667736489928e-15
-1.68912637704567e-15 -3.01336327020246e-15
3.57682303219596e-16 -1.38848395369212e-15
-1.34703568903476e-14 9.23398088565241e-15
9.01878425592749e-16 -5.87562337974719e-15
-4.36300447317069e-15 2.68688344149839e-15
-2.58988776202501e-15 -5.49949232670757e-15
-2.45206576151657e-15 4.08604414897683e-16
-7.28123903746014e-15 -7.2539302136497e-15
6.24964569441462e-15 7.55588176186716e-15
-1.0525651415051e-14 -7.81758420962886e-15
-2.72617014468913e-14 -1.26114222712493e-14
-1.21153402623838e-14 -4.02078242059964e-15
-5.41653710640862e-15 7.40714232593705e-15
-9.75539838826534e-15 -8.60309860579798e-15
-7.41960911153549e-15 -6.70903401656164e-15
-7.36729456861062e-15 -5.27956109132282e-15
1.12639543606121e-14 -1.77980580500357e-14
-9.13573332339273e-15 -1.03595024647848e-14
-1.1750639673016e-14 9.00768206638978e-15
-1.57173796450302e-14 -3.85312967189657e-15
-5.77528469239694e-15 1.19730288733041e-14
-4.58128289813783e-14 -3.05652434757661e-15
3.39876457896014e-15 6.08364775235468e-15
-6.20111420237602e-14 -1.04728819630957e-14
-1.09761886326075e-14 4.6366322130663e-15
-1.51988100247015e-13 -1.04034201280763e-14
6.30828608387401e-15 -2.25240626693301e-13
1.35562455311628e-13 -1.22862347635338e-14
-1.44514922352757e-14 6.80543200430299e-15
3.60951198038598e-14 -5.38929528504807e-15
-6.70193331764193e-15 1.7276200477048e-14
-1.01305954541625e-14 -4.66264508055121e-15
9.15686695396544e-15 -1.11295311121699e-14
-2.79674784567498e-14 -2.74258339561687e-15
1.0648505413858e-15 1.36906471069871e-14
-1.27606419943567e-13 -7.62786170573411e-15
9.00039505602543e-15 -2.31597538153947e-13
1.65369012903696e-13 -1.16515215623252e-14
4.15962556662995e-15 1.64420707463246e-14
4.76656878811175e-14 -1.40239150070069e-14
-5.2192761954611e-15 9.53171598124347e-15
3.12804063227737e-14 -4.95591213126195e-15
4.77721476895151e-15 -3.40157959194185e-15
2.58075457147152e-14 -5.74071259815139e-15
1.5237448649653e-15 1.00181923919718e-14
3.1528675347683e-14 -1.21738290705137e-14
1.65352013313996e-15 4.47364061179035e-15
2.06795875207002e-14 -1.30902056293707e-14
-2.74055918338685e-14 5.36841579929114e-14
1.46938439396095e-14 -1.04790962122917e-14
3.65116201437613e-15 1.18464622008282e-14
9.61350872755194e-15 -7.30333130623757e-15
6.01539405965594e-15 1.11727714532927e-14
7.8871898878903e-15 -1.22293941945364e-14
1.20008951934079e-14 1.18297165642532e-15
9.41117956794541e-15 -9.30437050595901e-15
-5.97891259780251e-15 7.21445209338581e-15
6.34642910582702e-15 -4.29380866400805e-15
-5.1243106090697e-15 2.84423900184903e-14
7.81979488498925e-15 -7.77308023298702e-15
1.39145232995185e-14 2.52880933842548e-15
5.69010977428011e-15 -9.79179752696253e-15
5.94353892057856e-15 1.2540679472956e-14
6.9064456649363e-17 -9.95536659943211e-15
-1.86334353870083e-15 -6.80889656953804e-16
-4.32347688291888e-15 -7.02066922344451e-15
2.4208218972588e-14 -8.50587296098968e-16
-2.27408070737766e-15 -4.7488321914096e-15
4.99300463584509e-15 -5.02192768069725e-15
-1.33066653952584e-15 -6.47355289468663e-15
-4.44720467054486e-15 -1.34062758826202e-15
2.42181429468263e-15 -3.10537876143635e-15
-7.15227401207293e-15 -9.77804412077842e-15
-1.38609202636298e-15 -4.06210665148248e-15
1.31643954803905e-14 -1.56493110956361e-15
-4.28586687127256e-17 -1.29064126234768e-15
1.20284801541522e-14 6.11206652761741e-15
-5.18686889637675e-15 -2.90533219476448e-15
1.39114651683166e-14 -2.69030829316834e-15
-3.13410938851833e-15 1.81068764507398e-15
1.70841594998051e-14 -7.08633599867591e-15
-1.33627224385434e-15 4.42264287695459e-15
-2.63936680273976e-15 -8.71835392915766e-15
2.26992671825093e-15 3.20331438491151e-16
1.36781829002386e-15 -3.89266541285292e-15
2.20964468919237e-15 4.84790503877255e-15
1.44862741531059e-14 1.66480720982719e-15
-5.58056055022864e-16 1.06251946987055e-15
9.38314878057197e-15 -8.94447011621502e-15
-2.1408689557209e-15 2.07376865341042e-15
8.20785592475686e-15 -3.92141532662669e-14
-1.87215149988755e-15 7.9756036601673e-15
1.37622590804849e-14 -1.16502551618901e-14
5.79465215635968e-15 4.19418780219221e-15
6.35878417753048e-15 -1.38738843526428e-14
1.18110652183302e-14 7.36032506240881e-15
1.98343324657389e-14 7.91351771649569e-15
1.75132950357588e-14 1.75040779660308e-15
-9.15867793140907e-15 -7.46733160114096e-16
4.05106804672962e-14 1.86018266965019e-14
2.47704360773881e-15 1.12632112127654e-14
-3.97801303638013e-14 1.97849256894906e-14
9.95728659566998e-15 -5.78338099263578e-15
-1.41361732063411e-14 -1.72198695709878e-15
1.55853239237819e-16 -2.44779175461384e-14
1.5397809130224e-14 1.25921835334511e-14
1.63924280959983e-14 -1.22919162919882e-15
3.41969921982533e-15 2.53460455272493e-15
-1.02639256964725e-14 -1.30951936176992e-14
3.88558832774699e-14 2.36730366993897e-14
-3.40157958302711e-15 1.66229522701951e-14
-4.55473252571535e-14 2.13282006847641e-14
2.36097067161468e-14 4.09079577507606e-14
-1.11342405467833e-14 6.97493417945529e-15
1.03115056431844e-14 -1.11736968295117e-14
3.89640595108704e-15 1.252597328424e-14
4.66422166769255e-16 5.53342875547173e-15
-1.13525772950642e-14 7.13030438283372e-15
5.5488935063301e-15 -6.96885020138466e-16
-6.67152400105679e-15 3.77653975204514e-15
1.01944333347387e-14 4.75747420539581e-15
-3.58106775148381e-15 6.53714654343524e-15
2.81278997437436e-14 -4.55504913253676e-14
-5.38731646861667e-15 5.07579187532905e-15
-1.04397437312245e-14 -2.18883132273279e-15
4.18181694976675e-15 1.03468587514645e-15
-3.74711609547135e-15 -7.58912501396898e-15
6.25702104389719e-15 5.8397804768352e-15
1.8260845713442e-14 1.04209560032111e-14
2.07237982069878e-15 4.31927206421804e-15
-1.84639582213622e-15 -3.95254941033189e-15
2.19790746056483e-15 2.43090986316565e-15
-3.65125765146702e-15 -4.49062706366261e-15
-1.70451348606115e-15 8.7326571817416e-16
-3.9991025346983e-15 -1.04169614994688e-14
3.05631324312318e-15 1.66563893156157e-15
-6.69128695750785e-15 -8.788611124828e-15
9.45587045061538e-15 -7.76499449265267e-16
-1.00798900369432e-14 3.63978398466262e-15
7.83602374273423e-15 -4.07032851924381e-16
-8.24770515742291e-15 -1.57083210316447e-15
2.05304200866152e-15 7.81876427602078e-16
-2.72590459958321e-15 6.06561122454653e-15
-1.12792497580427e-15 -1.93452030667257e-15
-3.88353897424628e-14 -4.76851607686882e-16
2.27236446460544e-15 1.0243487219671e-15
-2.13249144425354e-15 -1.33521044729845e-14
3.19678809485212e-15 -1.65254148302965e-15
-3.91567800196147e-15 -4.83595292135137e-15
2.73056518546743e-15 -4.35588369543958e-15
-7.07968583919826e-15 8.72085008558504e-15
8.55256417064453e-15 -5.56330865906964e-15
8.983536933729e-16 5.02173307924728e-15
4.63533756129498e-15 -5.80539633913455e-15
3.61117547036369e-14 5.50995162078891e-15
2.01908759189411e-15 -5.89028023901257e-15
-1.85518677060113e-15 -1.47364686009802e-15
-4.54644308956217e-15 -6.3833602662146e-15
-7.18936688155265e-15 -8.84906210876592e-16
-1.51865615182002e-15 -7.01845719810693e-15
-1.38321846933323e-14 1.68127584592165e-14
-8.58718022892337e-16 -5.06025713543278e-15
-6.96406167462337e-15 -1.38158544428666e-15
5.41128297499008e-15 -5.82482394676794e-15
-6.17156794800014e-15 1.10256703368363e-14
5.8725031538529e-17 -4.87840864176312e-15
-7.5639857932601e-15 7.01447141007427e-15
-6.34343027100494e-15 -9.23167559397803e-15
-2.77722153835268e-15 1.81356089524178e-14
-1.04371103371541e-14 -1.08529265330053e-14
2.58855855853941e-15 -1.0811071683519e-14
-8.79196220425442e-15 -1.53745995314666e-15
-1.59688976701691e-15 -2.28111185031893e-15
-1.89172024183437e-14 -1.17873103888608e-14
6.21540171470305e-15 -3.20559853562662e-14
7.3484096113495e-15 -4.68578955787466e-15
4.55242532399126e-15 3.03701208616887e-14
-4.19933539858189e-15 -6.68207454693868e-15
1.22711811539132e-14 1.25446546731342e-14
-2.76614172407265e-14 -1.42782943646211e-14
-9.44192825176039e-15 8.36900355895018e-16
4.27186740932267e-15 -1.08366464478485e-14
5.26161730776259e-15 5.34607312979086e-15
-1.11013142694523e-14 -2.31586895229036e-15
1.53552745785654e-14 -1.70898462349555e-14
1.63725385291475e-14 -5.28017614187287e-15
8.26035662950797e-15 3.24272934243516e-14
-5.46512958752611e-15 -2.88248778411379e-15
4.18273798754215e-15 3.32753956512881e-15
-2.02065125522125e-14 -7.68749783112851e-15
5.55413294225039e-15 -7.79725624982458e-15
1.55049914653284e-14 -1.10290034371893e-14
2.08417267340778e-15 -1.51891911984105e-15
3.53589492516988e-15 9.40611677700386e-16
-7.43197934954373e-15 -2.33804945571435e-15
7.90020201442335e-15 -5.97304722283699e-15
-6.09240898568064e-16 9.63813232397676e-15
-7.18317977613822e-15 -8.09028899809164e-16
1.42822714252819e-15 5.59359828798172e-15
-7.49173170398916e-15 -3.19669611363915e-15
-2.88533386603981e-15 8.81394742972154e-15
-6.53561078839091e-15 6.29472429498899e-16
-6.472478735671e-15 2.58323643903947e-15
-6.45558439527326e-15 1.22110294646556e-15
6.60708470272076e-15 -6.4977041079189e-15
6.39999191442522e-16 3.03992982589923e-16
4.49249835381156e-15 -1.16919103508892e-14
2.83464663594655e-15 -1.27319674796139e-15
-5.60486202277189e-15 -2.47356315128136e-15
-1.73327047733019e-15 1.55629288947531e-15
1.05244026915555e-14 -3.1857095162864e-15
-1.29743729190904e-15 1.70949814401663e-15
-9.08781858241428e-15 -5.35699343159279e-16
-5.44770709308322e-15 1.33975110625596e-15
4.68450377553234e-15 -2.54350118070249e-15
-3.43270391289403e-15 3.54728230962222e-16
-2.58550221993897e-15 -1.40471619144192e-14
-3.06687189071969e-15 3.55387434826338e-15
-6.36820754154677e-15 -7.57176462075727e-15
2.49445907316343e-15 3.90826980279817e-15
-5.52809871830115e-16 -5.32818360928547e-15
2.40443373527241e-16 7.77307613589326e-15
1.51313876138808e-15 -1.93822725276116e-15
-2.85972475741173e-15 3.93781981228499e-15
-8.26471599608917e-15 7.52722336944037e-15
-1.70540148858961e-15 5.35412761531247e-15
-9.74576195257615e-16 -7.1460327433085e-15
2.22457728159526e-15 5.2884821167922e-15
-2.87064506988224e-15 -1.18639609197188e-14
-1.52202740397193e-15 3.33634287000458e-15
-5.73902736019318e-15 -1.32362199592787e-15
5.35434802298359e-15 3.18350253835383e-15
4.88292370113218e-15 -4.98084164142621e-15
7.00736783625e-15 -4.53143077031067e-16
-1.57565563057408e-14 -2.69420899587718e-14
5.66325936063002e-15 7.48460244095853e-15
2.87203050672949e-15 2.88950699046766e-19
-6.7174731326964e-15 4.77915024074776e-15
4.54585283203946e-15 -1.95807049450452e-15
2.24827668557973e-16 -6.42885442736065e-16
4.29130062344248e-15 3.13600593206023e-14
2.63423460352684e-15 3.48457398254229e-15
-8.80799086945952e-15 1.16183442541772e-15
1.05700265020529e-14 -2.04499318511313e-15
-7.69262335333115e-15 -2.1774632714835e-16
7.66285816204828e-15 -2.45053183617308e-16
2.81642604903576e-15 1.87026648603202e-16
1.0426987082984e-14 -8.85064353934604e-15
7.00657256843551e-15 1.7832371732515e-14
-1.70791307879596e-15 -8.00313562138544e-15
-4.80498134041429e-14 1.91610558259896e-14
5.34038549637281e-15 6.63555020428168e-15
-5.29818510357537e-15 -4.25913810267592e-15
2.33745072087174e-14 -8.07435554620704e-15
-1.2776169323346e-14 3.46406995145983e-14
-1.23967771131154e-14 2.50641872578956e-15
1.32723560322745e-14 1.3422587054939e-14
7.81087820237174e-15 -7.41304569142043e-15
-1.60485360585965e-14 1.96857592600803e-14
-1.93441591701095e-14 -1.07784690444743e-14
-1.02590487536757e-14 2.71997243079637e-16
9.97183817758803e-15 -3.12959918933139e-15
-5.94459403296588e-15 -2.14237208956482e-15
1.58173241369927e-14 -7.87947006597025e-16
-1.67655929367123e-14 2.67298278502738e-14
-1.84675720713764e-14 -3.49169641847298e-15
-1.82473921347184e-14 5.37735549048904e-15
-1.24062338275775e-14 -3.86922005771273e-15
-6.83909105515066e-15 2.12861469264635e-15
-1.36167188947383e-14 -7.52839178775622e-15
-1.01087696363378e-14 1.8837226684962e-15
-1.11748374565565e-15 -1.18699920124729e-14
2.03534487787668e-14 7.66529862865685e-15
3.49220120605596e-16 -7.34670701677613e-15
5.14692934818176e-15 -1.267121243505e-14
-4.27364890423632e-15 -5.50493577891818e-15
-2.43027611851918e-15 5.6013839143869e-15
-9.59826113676844e-15 -5.61645841543851e-15
-2.22155061654779e-16 7.96129785706803e-15
-8.3295461940037e-15 -5.61532968713194e-15
6.9891206891967e-15 9.03557096815429e-15
-8.21465984961173e-15 -7.40455709020446e-15
4.6724437586831e-14 -9.51886059126048e-16
-1.07809951062069e-14 -1.92926490505733e-15
4.9488556683838e-17 8.05181965636982e-15
-6.45484655119589e-15 -7.90131700597964e-15
-4.52481088375649e-15 -2.35407963776701e-15
-3.87395812051763e-15 -4.62266795754216e-15
-2.59875034229104e-15 8.05562967129856e-15
-1.03204492739885e-14 -4.15798651860788e-15
-4.12849062084464e-15 1.75676209577867e-14
-1.50028724755374e-14 1.6576723427324e-16
6.15213996885191e-15 1.25101807900054e-14
-1.43906516954985e-14 -5.30870665233347e-15
5.96178774913888e-15 -2.28532334045729e-15
-1.18142977604029e-14 -4.79038344405902e-15
5.41169737789114e-15 -3.24375948996778e-15
-1.05990865989159e-14 5.49149885696382e-16
-2.73933449837692e-15 -1.8093556006427e-15
-9.9816069008705e-15 -1.90640470711576e-15
-3.14574928026896e-15 2.16567093715153e-15
-1.05774920625947e-14 7.69430350091776e-16
-1.33071366429477e-15 -5.62358835329363e-15
-1.69148610460785e-14 -3.1195426870797e-15
1.77557004392212e-14 -5.80318957525523e-14
-1.5804101832385e-14 1.39554400323766e-15
-9.07110811768808e-15 -8.72399823298603e-15
-1.75194687964805e-14 2.86916284318833e-15
-2.47570243481264e-15 -8.52237294634679e-15
-1.25321718487964e-14 -2.72497166282028e-16
-5.78865019162411e-15 -4.6783706506507e-15
-8.50520387240035e-15 2.64868020073012e-16
-1.07132895677996e-14 -3.69444666774506e-15
-1.52016968145316e-14 4.19847110597271e-15
-3.87182679775705e-14 2.05022201650078e-14
-6.99681077838611e-15 1.19837179404625e-14
-1.37607579783359e-15 -7.25622101902901e-15
-2.14576980991388e-14 6.84134010169511e-15
-6.61153586630744e-15 -1.19669650776458e-14
-1.9293936532185e-14 7.09167854699731e-15
4.8805462947751e-15 -2.66655535194628e-14
-1.74408221002384e-14 8.01081823431381e-15
-9.99494248763952e-15 -2.87912608832379e-14
-6.72750107893803e-16 1.49953092796682e-14
3.40718208452714e-16 -9.56467638859522e-15
-7.2801961284111e-15 -2.96062189735813e-15
-2.48832590013537e-14 -1.56556053274551e-14
-4.37415693977801e-14 2.87532290468886e-14
-5.5325073002893e-15 -7.71256926524393e-14
2.11506263107174e-14 3.42557817219007e-14
1.94990929195584e-14 -2.33749877570577e-14
-1.91286227343239e-14 -1.04181803503973e-14
-2.68778292331572e-14 -2.09229869225844e-14
1.20794022249013e-14 2.79576566102429e-14
7.93731617398209e-15 1.227402726942e-14
-3.87531414095333e-15 -1.09487059253411e-14
-3.12326015393979e-14 -3.40263534196882e-15
-2.95562090387055e-14 3.26196207639936e-14
-1.15641218323888e-14 -9.23667060132297e-14
2.54861260832281e-14 2.83674759801196e-14
1.37522746559518e-14 -2.1042070485719e-14
8.6362839665588e-15 -8.05235568022501e-15
-2.48842052305788e-14 6.69034424635795e-15
8.88670022109601e-15 1.55733069855555e-14
-5.7799439194978e-15 1.38929596642435e-14
3.44746839673486e-15 2.93791208293302e-15
-2.31786123715911e-14 -2.08617113206431e-14
-1.37648519416099e-15 5.88345278548245e-15
-2.03357297405151e-14 -9.03288991234077e-15
-8.5421879805309e-15 -2.35039116076001e-15
-2.72107445704419e-14 -2.40589458700151e-15
6.51268455012193e-15 4.44681974312591e-16
-1.53603369616002e-14 4.7557825991612e-15
9.76076964101201e-15 -1.10373985705777e-15
-2.19679332026342e-14 -7.64518802596015e-16
1.02773882296893e-14 -5.15812781503643e-15
-3.2857739231043e-14 1.75134566393604e-15
2.11839475925219e-15 -5.34760477726814e-15
-2.32785671755892e-14 8.61618423548468e-15
2.75566345702568e-15 -4.879610656659e-15
-2.32172152691897e-14 -1.1110781391821e-15
2.95773651246478e-16 -7.37581163977421e-15
-1.68957701795207e-14 1.51891401920843e-15
-1.94777311903078e-15 -4.50715590719589e-15
-2.57558032771292e-14 7.38515489240972e-15
4.82893935905633e-16 -1.42375084622368e-14
-2.46443160745631e-14 1.15093776162859e-14
3.2543415645292e-15 -1.38342332657992e-14
-8.14192171795962e-14 1.99375896417349e-14
-8.9033512694201e-16 -1.93547609260065e-14
-3.75411524113379e-14 2.7567904246495e-14
-8.3388354474563e-15 -1.78241647536046e-14
-2.31236341627802e-14 1.9169625026659e-14
-1.72612211169801e-14 -2.22268242478816e-14
-2.34479409570758e-14 1.7988227900955e-14
-1.61066551672386e-14 -2.35380525097642e-14
-2.95171556005305e-14 2.89362138004867e-14
-1.9015124011059e-14 -2.50921417132561e-14
-5.12538688519831e-14 2.04557628571533e-14
-2.39626035526724e-14 -2.5544596517457e-14
-2.48479005868494e-14 2.0468413398754e-14
-2.42272200683141e-14 -2.57692649818239e-14
-2.55307611526588e-14 3.21624312489288e-14
-3.63533609690789e-14 -3.1752497893148e-14
-2.53954025250901e-14 4.74695820859701e-14
-4.45776995745265e-14 -3.13512381625765e-14
-1.68987322806429e-14 2.44640335095379e-14
-5.60811438391143e-14 -3.1823680470287e-14
-2.98799977020315e-14 2.94366013113176e-14
-6.70403129598122e-14 -3.27987439169358e-14
-2.06018889614587e-14 3.67199717467038e-14
-7.2431317718342e-14 -3.48261345249065e-14
-2.32664412932385e-14 3.04106015572607e-14
-9.73277511986412e-14 -4.49409923887173e-14
-2.94386332536403e-15 4.56414259135676e-14
-1.2392997964704e-13 -3.6566301335083e-14
-6.40958615888018e-15 4.91438422141135e-14
-1.96871944125545e-13 -3.56505028229839e-14
1.64376740566927e-15 3.63552553353063e-14
-2.9262250833487e-13 -4.37377151214334e-14
1.74541283645704e-15 8.09343064534809e-14
-7.91440997864451e-13 -4.18917292016903e-14
6.52331382811123e-15 -1.11480791856678e-12
6.70258277116392e-13 -4.19990094300447e-14
-1.12764970947021e-14 4.66627033694502e-14
1.53201170091413e-13 -4.41622481531927e-14
5.76033180999906e-15 4.65440829537842e-14
-1.06706930827267e-14 -3.84024905972868e-14
-3.84368167304988e-15 2.95440763381764e-14
-1.38365610036701e-13 -4.20547534113983e-14
-1.6661721668343e-14 2.77363944100653e-14
-6.60714143804078e-13 -4.59728965214883e-14
8.5264756379925e-15 -1.11947244176743e-12
7.99578076179407e-13 -3.87637253775641e-14
2.00596399961739e-14 3.76840205653268e-14
2.91344782247784e-13 -4.51278805875563e-14
-2.87127901555601e-17 4.23053239125947e-14
1.76999251369942e-13 -3.99296510372651e-14
1.53532607979264e-14 2.52330861435043e-15
1.35681073753064e-13 -3.4263546123412e-14
2.70205925034016e-14 4.15460635155602e-14
1.06640691612802e-13 -4.33425938897984e-14
1.21119515102879e-14 3.25618231239285e-14
9.41781862633028e-14 -3.30448658856417e-14
2.86859680225239e-14 3.94067657243913e-14
7.32931907236174e-14 -3.54051952177316e-14
2.68203160785553e-14 2.77542675852435e-14
5.51044022885966e-14 -2.91515329833912e-14
2.66497028170924e-14 4.19281668577804e-14
4.24494097337086e-14 -3.37979163697388e-14
3.46270552269871e-14 2.26914658948805e-14
4.51738644096181e-14 -2.64522705085538e-14
6.1501555032863e-15 2.92556545003873e-14
3.49368789784941e-14 -2.49143478497096e-14
3.25688694020782e-14 2.05727762316728e-14
3.41161690845601e-14 -2.61326036543833e-14
2.65733233498247e-14 2.22260885076525e-14
2.38010584470812e-14 -2.31451673147339e-14
3.08777924419531e-14 2.19490376505548e-14
1.98873026176506e-14 -2.19802687427503e-14
3.53854259444745e-14 3.05299039260249e-14
1.49797797944289e-14 -2.40096055320473e-14
8.6918840017609e-14 1.79805888515855e-15
9.05082936935451e-15 -1.66031248616215e-14
4.28951965916737e-14 8.9908160127608e-15
9.35332226280007e-15 -1.35241735265727e-14
3.26310879277702e-14 1.07677272347344e-14
1.34396922652464e-14 -1.03079701676569e-14
2.07130876569739e-14 1.40414935526618e-14
1.19596467610912e-14 -1.14110757563507e-14
4.20703690179769e-14 6.012763338636e-15
9.21279646292211e-15 -7.29962479864583e-15
2.97563097020178e-14 1.52342927190767e-14
2.8637827516424e-15 -4.34445841387972e-15
2.98010058518613e-14 1.63811945176377e-15
4.05804827582431e-15 -4.51302424326775e-15
4.51601380297317e-14 -1.09264295260149e-14
5.81418972311578e-15 -1.73897430221204e-15
2.68576217963098e-14 4.76047573024147e-15
8.44273763710674e-15 4.21571754275774e-15
3.23776064682139e-14 -3.84225708044846e-15
8.49001687731494e-15 2.73166608150996e-15
3.74555880082019e-14 -3.89529429778807e-15
2.90509048679813e-15 2.09273479465597e-15
3.46124029799428e-14 1.23565170906137e-14
7.65706661930202e-15 3.96966841980464e-15
1.66304825326532e-14 4.51884554605682e-15
6.72621358559659e-15 6.80910620529565e-15
2.96490172940129e-14 -1.96936343921138e-14
9.97831773864105e-15 5.19834958071443e-15
1.82309333675372e-14 -2.18527315277471e-14
2.35127530080024e-14 1.1414729858198e-14
1.9426278918706e-14 -1.63553195685098e-14
2.88854092023365e-14 4.08654637075283e-15
-1.15144464422042e-14 4.53577805491634e-15
6.0498963834703e-14 2.61409424707877e-14
1.59145341893277e-14 1.00666658729983e-14
-3.60783894734026e-14 3.12260650695387e-14
3.6490270783295e-14 -4.1048664881924e-15
-2.3952225734062e-15 -2.66240422887994e-15
1.78947659428341e-15 -3.64330605356784e-14
2.26947006608903e-14 1.7302061172183e-14
1.86377729250064e-14 5.30353637327668e-15
1.49838287277736e-14 5.35360363846022e-15
1.17074057532401e-15 -2.13449279942456e-14
5.37276004925224e-14 3.2349609724466e-14
2.18267207934594e-14 1.94205321683323e-14
-4.48833684651683e-14 2.7170871564495e-14
3.08524264768194e-14 -1.97550885868815e-14
-2.61880406638981e-15 1.25324082708324e-14
2.30346394333704e-14 -3.19982259400357e-15
1.15590723460339e-14 1.10396436508599e-14
1.13101522307402e-14 6.53165405031898e-17
-3.56850117129727e-15 1.2824570121038e-14
6.85310668478613e-15 6.7230944187831e-16
-1.99709496577378e-16 6.7253612402916e-15
-1.48769885299771e-14 2.1316282072803e-14
3.81176378668339e-15 1.14186880787863e-14
1.30465492242737e-14 -1.70117344706614e-14
8.64034293980343e-15 1.04082150190982e-14
6.77984948099505e-15 -1.17690806498443e-14
1.20870855122913e-14 7.23433899590953e-15
-1.22023707246477e-17 -1.21491448949398e-14
1.77228635565701e-14 4.8657002921787e-15
6.01824843665961e-15 -2.13137480469489e-14
1.26991212932181e-14 3.58241491749732e-15
-1.48769885299771e-14 2.1316282072803e-14
9.28996371666702e-15 8.56893435482605e-15
3.42420352064794e-15 -8.18572310429715e-15
8.49105634509277e-15 3.52909590036218e-15
1.10222572531474e-15 -1.69976815787817e-15
1.45396833350378e-14 1.99823679710799e-15
1.73834239387494e-14 -1.75358729429495e-15
1.56235923197735e-14 1.15659390030435e-15
1.28859974412456e-16 3.34457795776449e-15
1.73595354170914e-14 7.05575876450964e-16
1.28315426492591e-14 6.22207389340811e-15
1.30551962621761e-14 -6.20095299464124e-16
-5.09776271728796e-15 2.03598687438193e-15
1.29999470184102e-14 -1.38048060040462e-15
5.11286499162417e-15 -2.59637128302792e-16
1.08345341871981e-14 -1.81839879608636e-15
4.36743224414385e-15 -8.32455226864481e-15
1.24069742204164e-14 2.84924998412857e-15
6.68632460098267e-15 2.69279557069874e-15
1.74867862686919e-14 -4.0067821187352e-15
-2.13753683389582e-15 4.00052391423614e-15
1.9716427230832e-14 -5.0884442978652e-15
5.34767303195808e-15 -3.02419639050278e-14
1.44711093017653e-14 -2.72421033863225e-15
-1.60094488535465e-14 1.00553557524091e-14
1.38176243652949e-14 -6.20966827245626e-15
-6.16675008111867e-16 7.04594399794425e-15
4.69396150535651e-15 -5.08731338985457e-15
1.10229970388327e-14 2.28274505421952e-15
1.17136789424253e-14 -9.50643878980217e-15
-8.80483759619718e-15 3.36652058667563e-15
7.6916461059694e-15 -5.72447051647988e-15
1.41334545897462e-14 1.92563305141941e-14
1.31636014146522e-14 -3.47020992522747e-15
1.07824842829321e-14 2.1227977014705e-15
1.04730180532908e-14 -2.82780825850669e-15
5.04521199723366e-15 5.73826054370595e-15
6.14291137679818e-15 -8.99173350157315e-15
4.40627564755821e-16 3.17215134575586e-14
-5.42276163204956e-15 -7.19852299484373e-15
1.16759489758973e-14 1.44720134515524e-16
-9.14593053021274e-15 -6.65554138753606e-15
5.52971234567598e-15 1.74691457761658e-15
-9.96367556151044e-15 -8.47702843471208e-15
7.40762466115577e-15 -1.89478594284675e-14
2.48432877780032e-14 -1.02937600265921e-14
1.04535859190165e-14 -4.91932128976735e-15
3.96806329041629e-15 -1.07104688384942e-14
1.24837184606378e-14 -3.61115381133861e-15
-1.40494819313817e-14 -1.59187806427555e-14
1.15078113531202e-14 -6.33291631505485e-15
1.95529626852419e-14 -1.45436165265629e-14
3.09520653725973e-15 2.07960626984194e-15
-7.07176782130666e-15 -8.32389942884554e-16
-2.23893912497079e-15 1.04127240413025e-14
3.01260014849056e-14 -7.12704407778622e-15
2.09907190889071e-14 8.85800180134882e-15
3.17696269713985e-15 -2.96731972909424e-15
2.30225744530001e-14 8.36079616037326e-15
-9.60832125384946e-15 -1.24865495791798e-14
6.09199991501351e-15 -5.54797732608026e-15
1.55264947441131e-14 -8.85867456976491e-15
6.42323906371473e-15 -6.41565294716485e-15
1.42689716605139e-14 -1.72279401357474e-15
-1.08494864886464e-14 -3.73082052852132e-14
9.82372029070244e-15 -3.61190519205172e-15
1.24129162757867e-14 8.37111202420512e-15
6.28657769619954e-15 -8.32526949267406e-16
1.81489393419805e-14 3.97178689571008e-15
1.77437240728308e-15 -1.42353641771845e-15
4.51069921101522e-15 7.97341790991056e-15
3.13155935274622e-15 1.9091705814667e-15
1.34304437480702e-14 -7.24812393720911e-15
4.09228207299599e-15 1.82753190858773e-16
8.84118762143391e-15 -8.63161547317024e-15
6.96762290922832e-15 -4.00140966812644e-16
1.21148089742455e-14 -1.65239412128505e-15
7.53126217550992e-15 3.09980816312151e-15
1.89825464374379e-14 5.15541354821973e-15
6.57109113763899e-15 9.99273161820824e-16
1.30668542724778e-14 1.04317823964367e-14
3.49024684477783e-15 2.92316457868391e-15
6.49732215210304e-15 -6.24961200652554e-15
1.79485655659811e-15 -1.90154244828284e-15
9.07406439203237e-15 -5.15517617718201e-15
3.67557293146919e-15 -1.67687115149918e-15
1.94087342598494e-14 3.30256986813931e-14
7.94684840674882e-15 2.3833527960334e-15
8.3157254025988e-15 -9.27020312631072e-15
7.13295518803892e-15 1.19087945811515e-15
1.25317815637202e-14 -2.91834217612721e-15
5.46786377397196e-15 2.4251574512594e-15
1.19512810507832e-14 6.20467123809187e-15
1.0346912062132e-15 2.22074141498907e-15
2.16668161425398e-14 6.87382327193643e-15
4.43700045078871e-15 4.28146882230924e-15
-1.73480141346789e-15 -1.32123519048888e-14
2.17707957510749e-15 3.29318881903639e-15
8.51925016328053e-15 -1.70320828421357e-15
9.49358494902162e-15 1.90753620895126e-15
4.91057069718548e-15 -5.22325117177004e-15
1.44286344468458e-14 1.6283932652492e-15
1.68811916829934e-15 -8.55564772899368e-15
1.43870587531208e-14 1.94731405886203e-15
1.04104173291209e-14 2.22791979902888e-15
1.33569151127049e-14 3.0060728580839e-15
1.31677910542347e-14 -5.47232852310942e-15
4.58949719546107e-15 -4.10323630111168e-16
6.21625926995922e-15 1.85824729045526e-15
6.2979443607581e-15 -3.65734582018208e-15
3.77040493379851e-16 -2.57351674494952e-15
9.94203587380144e-15 1.15569729349472e-16
3.75126130771204e-15 -1.20263924885825e-14
1.67581122431963e-14 1.56470735641554e-15
4.5550602198855e-15 -9.03909388071647e-15
1.61722794219698e-14 1.38041378185199e-17
1.59056213357539e-15 1.09772970998045e-15
3.83906599443687e-15 2.72869113329421e-15
-5.04759414743445e-14 3.08776172777074e-14
1.04068960601827e-14 1.83845345194484e-15
-3.80064420826051e-15 -1.69310957882538e-16
7.56377247740391e-15 1.16448735467493e-15
7.22241303781961e-15 -1.80537907015916e-14
2.81445810626964e-14 -6.15348853483715e-16
1.49522854991104e-14 2.20839511665223e-14
-7.50002309932801e-15 -2.16579418592444e-15
1.20487080550735e-15 -1.52036390864774e-15
5.07649955231221e-15 1.50550376788935e-16
5.41688800008738e-14 5.80756899421061e-14
6.69990207552527e-16 -4.06428235365048e-16
5.44895954739228e-15 -2.64543614135879e-15
1.52373069016563e-14 -5.11272062119394e-15
6.62628554670954e-15 7.42013991198048e-17
2.45464423514943e-14 -2.48587414167484e-15
2.40369888035195e-15 1.81235493746469e-14
-7.8345041841523e-15 -1.99660305149817e-15
-1.74277724761758e-15 1.65384445052778e-14
-2.58554536461103e-15 -3.91050834271345e-17
7.40240639872277e-15 -5.29211857472209e-15
-7.2243165281072e-15 -8.46068731763543e-15
-7.79896225188023e-16 -8.51904056272713e-15
1.05844270971821e-14 -4.92655890996828e-15
-4.73223047165294e-15 -3.67157241837862e-15
1.25203461006625e-14 -3.33621692542965e-16
1.00349547625136e-14 4.34542887282726e-16
1.01536804462203e-14 -4.75182898763876e-15
1.00649434295075e-15 1.87776607781145e-15
3.60432626660734e-15 -1.67443023331486e-15
6.06282833603089e-15 6.66299706849833e-15
-8.28219358700332e-16 4.74195798771859e-16
1.20197255359915e-14 1.97080292187445e-15
3.62774752475974e-15 1.31911143129122e-15
5.2466837172153e-15 -8.62077456847035e-15
3.57998581079086e-15 -2.3526935320984e-15
-6.10341514582719e-16 6.31907165297224e-16
5.1751230747692e-15 -3.0910414585323e-15
-2.24000703555175e-15 2.30207163931568e-15
1.09875329733871e-14 -4.17681704828575e-15
7.78344740853148e-15 1.16694975122283e-15
8.93855371622393e-15 -4.60935447827735e-15
3.14244991455864e-14 2.24587060410062e-14
4.02453947251593e-15 -1.64341379097043e-15
6.38061301921092e-16 7.96504245990192e-16
-2.91056164086787e-16 -9.36327339937598e-16
3.90132815356289e-15 -3.49094646564874e-15
6.03128065345296e-15 -1.20899505129681e-15
1.6914361043654e-14 -6.42308026923523e-15
6.04477874561445e-15 4.86249975653473e-15
-3.12767027044738e-15 7.02140375088807e-16
9.28698734583954e-15 -1.4660193510981e-15
2.18160609580174e-15 9.8747098771359e-15
6.54239783110343e-15 1.61881540314801e-15
1.36167208407261e-14 2.81980176702465e-15
1.88877561159551e-15 7.43900776050521e-16
1.10849684331268e-14 2.39259523134344e-14
3.85479087924786e-15 -1.83105227535388e-15
-9.27631951293799e-15 3.52692839459e-15
2.61771153542398e-15 -2.72968091355162e-15
7.40731335474869e-15 -1.02248250466555e-14
4.67415708029318e-15 -4.34003048351311e-15
5.50963867794981e-15 -5.34962127737351e-15
1.98532063695004e-15 2.18733357102186e-15
3.64444808079695e-15 5.4830362620913e-14
1.14215866284383e-14 -4.50605990415942e-15
1.71977681695011e-15 -4.28309847932035e-15
4.18500553981643e-15 -2.57163979211e-16
3.2493103671349e-15 3.20743556925237e-15
-8.51253668981533e-15 -1.25403918929665e-15
6.09698085206564e-15 4.29140916010239e-15
-1.51732014827848e-15 -9.35825784940261e-16
1.76553782524431e-14 -1.79496523524461e-14
4.9637828332759e-15 -4.73960971488568e-15
-2.72058084256634e-14 -8.38144289419156e-15
7.25793650626016e-15 -6.12044905056525e-15
-7.85941432494089e-15 2.09073933864344e-15
-5.54683280767234e-15 2.77018910058355e-15
-7.96298349456746e-15 1.49407480251473e-14
-9.35940988665405e-15 1.90063985601729e-14
-3.90974954192043e-15 -8.15959514284077e-14
1.10161439666094e-14 1.85856036969625e-14
3.42223304651941e-14 1.64676974854601e-14
2.05378035664035e-14 -1.81263606298577e-15
2.40490213913801e-14 -3.3673851524216e-14
1.8876921436235e-14 -1.70885351845638e-14
1.85076184784872e-15 -2.67431418571082e-15
-1.31779749365794e-14 -3.8137535235262e-15
6.74035450203216e-15 1.28248457399407e-14
-4.59490536761217e-15 2.17558734509899e-14
2.80497352453934e-14 -6.92742162399398e-14
1.38222590755447e-14 1.88842189290872e-14
2.42923704434084e-14 6.98403122372277e-16
2.89857632131195e-14 -3.2997542341921e-15
1.80537730970757e-14 -7.68091103203927e-15
2.12294654791309e-14 -1.03904442349234e-14
3.21265590683892e-14 2.03382632742369e-16
2.80991570416889e-15 -5.69289523104428e-15
1.05871004107357e-15 6.65082563695495e-15
2.27270103480721e-15 1.7209128378589e-15
5.19451693505555e-15 1.43313598828043e-16
3.39347267473224e-15 -1.99831335439743e-15
1.3401907040617e-14 -6.55038850372133e-15
7.83189532550818e-15 -2.97922738281867e-15
1.87236834915896e-14 5.15854351129589e-15
9.3944715260468e-15 3.03993742348183e-15
3.28904127172543e-15 -2.32727993204602e-14
1.24638929213187e-14 4.55546312638597e-15
1.08922728102026e-14 1.97029708672582e-15
1.01011919505288e-14 3.30078609268184e-15
2.01764815697356e-14 8.96831990090368e-15
8.94033641742237e-15 -4.49545085230655e-15
6.11164450538644e-16 -4.70619955421961e-15
4.93184301213044e-15 3.62757144262386e-15
-5.58226662796907e-15 -8.65791809001328e-15
7.03522512918638e-15 4.2900024933942e-15
2.41605887453141e-14 -1.37150978962479e-14
7.41464423463358e-15 3.12720340115963e-15
1.70640972818464e-14 -4.76265375988446e-15
1.41448318670792e-14 5.89628678012035e-15
1.70333614032441e-14 7.08562389713354e-15
9.37730451518569e-15 5.955378896635e-15
1.83520840086311e-14 8.6306752865885e-15
1.22291734547658e-14 6.3213294978303e-15
1.70103858397307e-14 -1.47610848255254e-15
7.50736395211144e-15 6.53844723929811e-15
1.44620961478631e-14 -6.08276264797734e-15
9.30818946542232e-15 4.33421002417994e-15
6.5227594993667e-14 -1.02260848935228e-13
1.33535239415949e-14 7.49653654920879e-15
1.19986802296197e-14 -2.35950254982174e-14
1.72727094210629e-14 6.57349540829559e-15
1.22483787212141e-14 -3.3768497670174e-15
1.85897943991991e-14 6.27514533340989e-15
1.14588457625644e-14 -2.02941556462185e-15
1.67407280521645e-14 3.57031966979781e-15
9.48102046233518e-15 -9.14957520223816e-15
2.08089904143871e-14 3.50408597845801e-15
3.34838046546727e-14 3.88820417162759e-14
1.95653291345627e-14 9.149766921133e-15
1.04476978818057e-14 -1.21870124522012e-14
2.9453468787237e-14 6.52562551561417e-15
1.02507119887415e-14 -2.17090076627997e-14
3.85934706765044e-14 1.17671855451652e-14
1.85260070617624e-14 -2.29752622719317e-14
4.59545918986395e-14 8.82217571416957e-15
1.50404756185917e-14 -1.25935879065889e-14
5.66545863782174e-14 1.15989801537057e-14
9.26822050237178e-15 -8.75487140525395e-15
5.25952116682346e-14 1.44019832690468e-14
1.06891070305603e-14 -6.98374209220416e-15
9.4367091946673e-14 1.15443413433989e-14
1.22183477155257e-15 -9.56572784591274e-15
2.73266026926388e-13 1.35983773521876e-14
2.03503940953826e-15 3.85587681824588e-13
-2.12648119974485e-13 9.86341687904206e-15
5.8566040208969e-15 -8.88579609944339e-15
-3.73495209970446e-14 1.86051871475965e-14
9.32680664446589e-15 -9.35477922358035e-15
-1.16784184110406e-14 1.5710162162018e-14
-2.71654783699578e-14 -3.26184196012504e-14
4.8797710176141e-14 1.2506247012655e-14
1.01707479612976e-14 -1.03730282891148e-14
2.20004756269304e-13 1.68089990501464e-14
9.62448235497333e-15 3.69740602123813e-13
-2.63748317048198e-13 1.56966444520309e-14
1.74297591308539e-14 -1.38433510480662e-14
-1.01657717006287e-13 1.39544919684126e-14
-5.33339372232663e-15 -6.75266692188432e-15
-6.27274307866882e-14 1.31374550336573e-14
2.88704394978004e-14 -4.42083091310098e-14
-4.85673862481108e-14 1.75996093454307e-14
2.34594920529184e-15 -1.99757196554272e-14
-3.15673674056609e-14 1.08336346668694e-14
-3.50545467010352e-15 -1.59050027915316e-14
-2.19906427665301e-14 1.3559799429553e-14
8.65025193868402e-16 -4.49633141517052e-15
-1.92208200557223e-14 1.56045675584092e-14
7.72023997802855e-15 -1.53184372602582e-14
-1.98114499753278e-14 1.49163587044274e-14
1.07419200011502e-14 -1.52550788937356e-14
-2.14738069487891e-14 9.91369739078815e-15
-2.47724040609455e-15 -1.92143222098584e-14
-7.5613483826437e-15 1.12532583236404e-14
-1.59265292593346e-14 -6.85335997142803e-15
-4.41613280944306e-15 1.22673729662505e-14
-1.18000801165699e-14 -1.62200857948066e-14
-2.38417463262615e-15 8.75689755469796e-15
-3.24525431151319e-15 -1.42111539812509e-14
-3.09644378315086e-15 1.01991789315125e-14
-2.23558457994589e-15 -3.32766526046092e-15
-7.12011267478102e-15 7.6470492959791e-15
1.41712782905524e-14 -2.82987958467713e-14
-7.2126917806081e-15 1.01604184697594e-14
1.7615579656606e-15 -1.90232680071617e-14
-1.63921849710565e-15 1.00639585769487e-14
-1.35005011838857e-15 -1.29686173819583e-14
3.47767023059264e-15 4.03778966530512e-15
-4.49332644191996e-15 -1.05534651730769e-14
8.13652828051738e-15 1.0664500975741e-14
-5.74357095167068e-15 -2.88645967511319e-15
5.36000646503277e-15 8.33679389944783e-15
-1.39687801743429e-14 6.50542890756503e-14
7.53514521784602e-15 9.66898575455989e-15
2.425864042402e-15 -8.97125879861927e-15
-1.37208582342844e-15 6.18375644674712e-15
-1.31318497288979e-14 -3.29222230183489e-15
2.87645969546918e-15 8.93699541982695e-15
-1.80711476522796e-15 -1.03814465723309e-14
8.0714961477602e-15 4.13086792247005e-15
3.66926712611305e-15 -1.32329528005472e-14
1.2320026346543e-14 3.10059288550003e-15
-1.30195029935138e-14 -2.47429002622012e-16
9.2851528576209e-15 3.72686483047242e-15
-1.28049898261022e-14 2.20011166866359e-15
1.05830879603136e-14 3.70438486381434e-15
-1.11078422678537e-14 5.32414744717598e-15
5.25428386576039e-15 -1.99236578276673e-15
-1.10270426327677e-14 4.27427711042355e-15
5.73861995524723e-15 3.84351479299813e-15
1.08150973350634e-15 -6.38377433985552e-15
1.27889765111899e-14 -2.28184602036832e-15
-1.18905404314584e-14 -1.31657423209033e-14
2.46301169461741e-14 8.12632910962281e-15
-6.85513967463644e-15 -1.54342670077141e-14
3.46985037726348e-14 -4.66656455931545e-15
-2.98299747955896e-14 -8.08258943710987e-16
7.21810428620645e-14 2.12534343559461e-14
-8.9452195126161e-15 2.91794479865177e-14
-5.17714754344805e-14 2.38811884508323e-14
1.72356828177084e-14 -7.16617178976571e-15
-9.08922595123709e-15 -1.14038587505443e-14
-2.43140932496968e-15 -3.77599565098109e-15
1.79877232773459e-14 8.01231178098453e-15
-2.85721439346387e-16 2.5565283833679e-14
4.47796907961592e-15 -1.09003993679063e-14
-2.68952123253209e-14 -6.36570642062735e-15
5.16733695655731e-14 2.2995929002499e-14
2.16369933280555e-15 2.31323104360426e-14
-6.7486753407161e-14 2.15371338468878e-14
2.25426418403943e-14 -7.45978778073645e-15
-2.25717331859418e-14 -4.5663070998881e-15
1.46399054211921e-14 -3.35223238507553e-15
-1.32240734227436e-15 1.04844151767033e-15
1.21555650295218e-14 2.45368215073339e-15
-1.7972875284549e-14 -5.03889999512732e-15
-6.26548256689189e-16 6.48694534597841e-15
-2.02360497119919e-14 -1.68446027068035e-15
1.26213643820172e-14 4.96394815818309e-15
-1.15733959785339e-14 -1.73570331509201e-15
-6.59074032952692e-15 -6.28463560394315e-15
-8.41684551729684e-15 6.2624761157743e-15
5.70873377146211e-15 3.22281118835653e-15
-3.96039488376394e-15 -4.00703368322192e-15
3.73113878638426e-15 6.62977698659876e-15
2.71416099949238e-15 -2.53706782869086e-15
2.98271942671958e-14 -1.41746964595148e-14
-7.90594104398448e-16 -4.70987738266447e-16
-3.97316090091459e-15 1.11969682646161e-14
-4.75750044630417e-15 -9.46940205116128e-16
8.48725305228903e-15 -1.26014229242809e-15
-7.03757464341676e-15 -5.51657150811707e-16
-5.85101949291369e-15 -4.19056542992643e-15
-2.00792713822103e-15 -1.04695858486423e-15
7.274348307693e-16 -5.9366882254904e-15
-3.98456017805554e-15 6.3060572166384e-15
2.53073681821058e-14 -2.57567446904667e-14
-3.3174595981508e-15 1.66669994780667e-15
1.87736426120399e-15 5.0978672549408e-15
-3.18818710858161e-15 9.24481139683112e-15
5.45934050752759e-15 -3.4143481641144e-15
-9.12840245561749e-15 -6.3615391563258e-16
-9.1994507975196e-15 -1.32473041107286e-14
-3.22863894304316e-15 1.27999559220423e-15
5.51791238281006e-15 6.70030294689951e-15
-5.84763543682184e-15 1.42804950672698e-16
2.36353232970536e-15 -7.32186745433005e-15
-4.85596930144383e-15 2.88069735764637e-15
-4.35490328428506e-15 -2.32974425859649e-15
2.14268760594843e-15 2.54703382274382e-16
3.28374046776608e-16 6.54943299095846e-15
2.99984873484797e-15 -8.1507775394114e-16
7.91750403670515e-15 -7.33227316839179e-15
-5.37444413061291e-15 2.86744634786128e-15
-2.27305477620694e-15 -2.93306546043229e-15
-6.47365686512954e-15 -3.5290529233563e-17
-7.28144010392419e-15 -6.54819011316352e-15
-2.69244795590329e-16 -1.91796948086183e-15
7.49334600456435e-15 2.29697523537233e-15
1.64963123179933e-15 2.06142067233714e-15
5.38911138153017e-15 -5.16726737475004e-15
5.01432724538756e-15 -1.08873844294722e-15
-7.59470926720751e-16 1.52743157018855e-15
1.31162931683847e-15 6.40429051337191e-15
4.79271884077278e-15 -9.71408839384866e-17
1.78822731298384e-15 2.19026357940667e-15
-9.59525293875195e-15 1.12128293029169e-14
-6.19118181663644e-15 -1.78842802577307e-15
-3.41101161521213e-14 -2.30648711271214e-14
-8.81489603931765e-15 2.11220318733523e-15
3.09156701956384e-15 -1.09160371486525e-14
-1.8604942906604e-14 1.03635611903617e-15
5.07974209496425e-16 -2.35689767845073e-14
1.93372970827095e-14 8.38131876877304e-16
1.63929480641563e-14 1.19113575034609e-14
4.5708202847062e-15 -3.92524326590258e-15
1.26960038661318e-14 1.11919902388425e-14
-1.86989835082278e-14 -5.91403999915553e-15
-3.84483087361254e-15 -1.29945939724369e-14
1.19097925674042e-14 -3.69290062393933e-15
-1.73648906381906e-14 -2.67176043983133e-15
-7.44908800681186e-15 -2.01811564780223e-15
-5.33133099110531e-15 -2.30222807584091e-14
3.11395575136362e-14 -3.47356833590011e-15
1.43198186391352e-14 5.99612363917403e-15
7.48175202475183e-15 1.70058943391892e-16
1.23473842362576e-14 7.91944253101409e-16
-8.48950762177191e-15 -9.30504792528617e-15
2.68546888373129e-15 -8.7166448268822e-15
2.47394607498175e-14 -8.38441352100889e-15
-1.7816857520097e-14 -4.2097510624766e-14
1.26691271754489e-14 1.75644818107852e-15
7.88264086752835e-15 3.17431690589635e-15
1.68811080613884e-14 -3.96887246821503e-15
-9.41725416235516e-15 2.17289849540099e-14
6.9515097034682e-15 -1.70653856732807e-15
-6.96063335764033e-15 9.1529015655748e-15
2.78460520161872e-15 -5.12572460958844e-15
1.05023652884668e-15 5.40061858002543e-15
-6.06626315300533e-17 -2.50480455520591e-15
-3.9705286072643e-14 1.42685796450804e-14
3.15034329021957e-15 -6.04762450780842e-15
-6.12662007708407e-15 7.87950843815304e-16
4.66478350421187e-15 -2.53027883192593e-15
7.56365436378472e-15 -5.25053015167122e-16
7.12247977019102e-15 -4.98304509897688e-15
-2.05839430568884e-15 9.07412087295908e-15
4.03707949468992e-15 -6.93788207893292e-15
-1.37074108453755e-14 2.22842527059858e-15
1.9607603466353e-15 -5.2840904800104e-15
-6.99805771847511e-15 8.58686063607839e-15
1.42617453078105e-15 -4.88887981513998e-15
3.58335078466089e-15 5.42033886929336e-15
3.56893730764028e-16 -7.5655994625219e-15
-2.75208830973339e-15 2.75238672818029e-15
1.94037463167425e-15 -3.28576002405897e-15
1.27145228247593e-15 2.04430444711997e-15
8.73538167449999e-15 -4.90415348157442e-15
7.01636840953507e-16 8.6713388433904e-17
5.05915557223832e-15 -2.54628810104843e-15
1.06102058452765e-14 3.21714629912695e-16
-1.53367570437132e-15 -4.5076463957891e-15
-2.10344111891652e-14 2.15619685796485e-14
2.4203362932978e-16 -5.66458975429471e-15
-8.4805273086266e-17 -7.53602101455797e-15
-1.58641776572782e-15 -4.77728461337758e-15
7.5686859589369e-15 -9.44012431106395e-15
8.65420638136322e-16 -1.0765678882868e-15
2.79366219517945e-15 1.64370890542265e-15
3.72241054046272e-15 -3.35056727597473e-15
-6.20076298086065e-15 4.39173443629218e-15
-1.14018664304856e-16 8.90636632758333e-17
1.24867197117359e-14 -1.08732118431596e-15
3.71600903389373e-15 1.19279651819091e-16
5.23399698521365e-15 -1.60822847600032e-15
-4.53915762074705e-15 4.06229912937656e-15
5.87994114234294e-15 4.19059150609588e-15
-4.72096557586419e-15 -3.23767368409842e-15
6.6945453743814e-15 9.51163440882047e-15
3.80560439101917e-16 1.50639786715577e-15
1.71200050872387e-14 -1.33190912080044e-14
5.92301780340848e-15 -7.95719975995719e-15
5.68985245935014e-15 -3.21004885370133e-15
4.51681994248733e-15 7.43149038837654e-15
1.23689681073392e-14 1.23441365470724e-14
5.72139496599982e-15 -6.13025553441272e-15
9.40410672829148e-15 2.60582776714217e-14
-1.09117004808462e-14 -5.9611746357857e-15
-8.9723318317953e-15 -1.93412071972739e-14
6.01678689187528e-16 1.19821123426421e-14
1.13792191432999e-14 -1.41163372932353e-14
1.76958219921168e-14 -4.59386077343159e-15
-1.02617914792454e-15 1.80449636981402e-14
-1.64890098199506e-14 9.33285530965024e-15
2.55445949653971e-14 -5.6658049670644e-14
8.14812323791182e-16 -6.386826779271e-15
5.06510617576151e-15 1.92636151561263e-14
-1.85002440776536e-14 -4.67235451966907e-15
-8.63060958378947e-15 -3.37356153173888e-15
9.8423226181116e-15 3.3380591202047e-15
8.24545450837442e-15 2.67598379064206e-15
1.96103976464146e-14 3.16695016023219e-15
4.81399314693796e-15 1.52387383917725e-14
-1.15452545730122e-14 1.67643178632251e-15
-9.50385058615169e-14 6.392505115627e-14
-8.07939162360304e-15 6.16588643944149e-15
6.02038211191958e-15 -5.95458174638333e-15
-1.00308314696651e-14 1.30751514873492e-15
2.13121580724036e-15 -1.10516919463425e-14
3.97815330443371e-15 3.17042254657931e-16
-3.55798461509201e-15 -4.08407647428141e-15
3.70408825692891e-15 5.24590637855976e-15
-2.07916367731708e-16 -6.48277254006959e-16
4.99755213469315e-15 3.46515193971672e-15
4.29346107976746e-15 1.15387996274508e-15
3.83435272745691e-15 3.40243971903677e-15
1.27661453281475e-15 -3.0706569637921e-15
-2.95307700144057e-16 1.94256269988174e-15
8.34320702877914e-15 -3.01193250332723e-15
-1.08637892254484e-15 1.2803023359295e-15
1.75767308927852e-16 -1.79814146518746e-16
2.92497938184202e-15 3.74327044276258e-15
-1.20038059420596e-18 -5.28790802505698e-16
7.33792322018944e-15 2.58358015107747e-16
-2.83265148260478e-15 1.12487216059508e-16
5.88674051341078e-15 -7.67222793353481e-16
4.56334489402769e-15 -6.77647929044152e-15
3.53079726338075e-15 -3.75892738705481e-16
-1.00071934804681e-14 -2.1851631405759e-15
5.23278520507631e-15 1.8031472840854e-15
-1.97956960188919e-15 -1.07589718919136e-15
-1.18973205021756e-15 7.53357363788905e-16
-3.25840669468912e-16 -2.38389757469991e-15
3.23586694350881e-15 -2.90604469269511e-16
3.17999777563738e-15 -5.52384667874102e-15
3.93276825174235e-15 -8.40853164641967e-16
-4.45986203202594e-14 -4.27092228706427e-15
1.03407103449095e-14 2.82364627992995e-15
-6.28125554183636e-15 3.42018426499377e-15
9.98542975487044e-15 3.53081250118989e-15
5.16452475056655e-16 -2.30919170616049e-17
5.12851607154707e-16 -1.51316867117124e-15
2.74015972684539e-15 -1.22886893206871e-15
2.3035566326164e-16 -3.05195716469646e-15
-4.77498245648905e-15 -1.31173652848155e-14
2.4426297832849e-15 -2.57063055870261e-15
9.91223174351551e-16 -2.42268471142452e-15
2.60246709987085e-15 -4.156594597403e-15
-6.78970064408825e-15 4.45221167747316e-15
7.28410064609658e-15 -5.58035214126028e-15
1.27122942718529e-14 2.27869395308302e-14
5.17098387314242e-15 -9.24520439311374e-15
-1.54376286401321e-14 1.11576369378903e-15
7.75808690815854e-15 2.58888917355652e-15
2.69629697603277e-15 5.39566909306476e-15
-4.55406850462911e-15 -1.35338467859833e-16
1.29568763136801e-15 1.34358439360931e-15
-6.16998527726572e-15 -5.13536154905577e-15
1.1719314298134e-14 5.41313419032746e-15
-8.54849228673961e-15 -5.90267490662154e-15
2.72506852654994e-15 -4.02906041936465e-15
1.52195618223321e-14 4.90018533203406e-15
1.42146367021382e-14 -6.74202568622144e-16
1.01741371089882e-14 -1.42780890907555e-14
-1.14555160892335e-14 8.46055756873384e-15
-2.84450690577247e-14 9.61023173084514e-15
-1.46139454493506e-14 -4.53852601349375e-14
2.07882784490311e-14 1.42858877333709e-14
3.89229850236928e-14 9.50763993893521e-15
-6.37209708196128e-15 -1.52156991236321e-14
-5.49703077534719e-15 -9.91910913012255e-15
1.50816142074616e-14 9.01749810961513e-15
9.62306227324576e-15 2.09937304934883e-14
-2.20451431576955e-15 -1.85377696941087e-14
-8.79151444081358e-15 -1.36597041253391e-14
-1.88690785848793e-14 1.52796091707427e-14
1.51305043525227e-14 -4.95839238236098e-14
2.01420272099784e-14 8.1118799239385e-15
3.3371921031873e-14 -5.11432598987451e-15
4.23432245032696e-15 -1.56556739240135e-14
-3.62450250480647e-15 2.03307079235014e-15
1.07158493504546e-14 5.38479588397634e-15
2.55423305721856e-14 1.60879828816156e-14
1.69326222769447e-15 -5.78277663708067e-15
6.47451665217228e-15 1.09979275587921e-14
-2.52554694215126e-15 1.37500768016151e-15
1.35915997357999e-14 6.63060419280743e-15
-8.17048850713925e-15 -1.16204174241548e-15
3.09935478822481e-15 -3.08659395685509e-15
3.08106941120365e-15 5.06494416192929e-16
-2.54307594876539e-14 -4.86794991824125e-14
2.0121746372882e-15 -4.06802649864482e-16
-1.65860432439547e-15 -7.71492519694797e-15
8.11147216283378e-15 2.25252948134397e-15
1.65031939391931e-14 -7.36565546766981e-17
-2.00185037099099e-15 8.61093428501342e-16
1.28784923231229e-14 -1.07755020283284e-16
-3.51915102134172e-16 9.65426925158113e-16
4.2518612065753e-15 2.05791336497801e-14
4.0988966583413e-16 4.0570449950983e-15
1.60935885525639e-14 1.48871324992573e-15
-1.72084925325584e-15 5.84678407532594e-15
5.94784963877993e-15 -1.12799045422286e-14
3.8223616103246e-15 2.54793437071502e-15
5.53748062568613e-15 -1.01717639436233e-15
6.87388920855481e-15 6.57280424079433e-15
9.00882003791116e-15 1.54329479850898e-15
5.95226923671699e-15 5.25186161203735e-15
1.0179794076299e-14 -5.91984267644001e-15
4.1823930562833e-15 3.1984160736911e-15
5.60591439411981e-15 -5.47564627627759e-15
1.64507875632727e-15 3.36718907022909e-15
1.13764190276267e-14 -6.25660590202058e-15
2.79104858522168e-15 5.75799996505598e-15
-9.41126782840661e-15 -1.19114641908486e-14
9.81789011427726e-15 2.47766973958473e-15
-1.28879487347817e-14 -1.45932446687754e-14
1.11618202690539e-14 5.14061594697887e-15
1.61412441176989e-14 -8.50756439703488e-15
8.54227339257763e-15 5.06471022145071e-15
9.94779899251787e-15 -5.79502408885341e-15
5.89732225839789e-15 4.28746790568629e-15
5.29049208940091e-15 -5.39794292194404e-14
8.30540749980337e-15 7.18878376057259e-15
7.79696219683744e-15 -1.34723282695707e-14
9.7891469528477e-15 8.1959976860388e-15
1.11010848030048e-14 -1.48565662706833e-14
1.18661361601565e-14 3.89978348123063e-15
-1.37639992089303e-16 -1.30465711406485e-14
2.24249076281073e-14 4.57988008140494e-15
8.58453632438677e-15 -4.04206482808105e-15
2.1352838192615e-14 4.12495664714721e-15
-2.00175889981009e-14 1.69692645262217e-14
3.15541059836685e-14 1.13228410727669e-14
6.76141164226635e-15 3.46539649312291e-15
1.73696226444644e-14 5.74618022548501e-15
-7.03282366484457e-15 -7.44685133799046e-15
4.20430751545221e-14 3.31970532343798e-15
-2.43154115263797e-14 -3.27333608712045e-14
1.25329381085054e-13 8.73531216015793e-15
4.95371327898243e-15 1.5710407071318e-13
-8.43932091487273e-14 5.05002329076519e-15
-1.35481437290018e-15 -1.11675268326083e-16
-5.92189104841354e-15 5.90334296847205e-15
-7.48117458001129e-15 -3.14966586937749e-15
-1.26412336756859e-14 1.5780439460141e-14
7.9330257171895e-15 -5.68454659924909e-15
2.59694694269386e-14 9.07343316355938e-15
2.87434048925743e-14 -5.76413219219968e-15
9.73697717157597e-14 3.32372392076742e-15
-2.09189502692007e-15 1.55063957946107e-13
-1.09060162149901e-13 8.96732767572262e-15
1.66478368613682e-14 -3.742580926209e-16
-4.24020055244214e-14 1.34663844923357e-15
1.95905817784383e-16 -8.25644383004336e-15
-2.85613029230908e-14 9.13199341647147e-15
-6.0597715591965e-15 -2.10622505982609e-14
-1.4970461422157e-14 6.8834538913555e-15
-2.23145791930291e-15 -9.4948729741883e-15
-9.84032302001759e-15 3.00304245382419e-15
2.78160559207282e-15 -5.18318887257674e-15
-3.07794824498447e-15 5.52755325879179e-15
-8.01534307131823e-15 7.91433662794308e-15
-6.49163795278283e-15 1.26978023362348e-15
7.06669737146261e-15 1.71605311139453e-14
-9.48382414547818e-15 4.91353745639208e-15
1.5943750677169e-15 -1.68874282289683e-15
-1.2263853819799e-14 3.0520581880638e-15
-5.3591973543354e-15 -7.18430371847248e-15
-5.83514529631483e-15 -1.25426841789171e-15
1.54249340461061e-14 -1.53791735518674e-14
1.31174209352967e-15 5.08018386467785e-15
5.28085600055549e-15 -2.99086259693076e-15
1.32035242219211e-15 2.75035177298009e-15
1.25515895586498e-15 1.5809941229393e-15
2.34088707256457e-16 2.18993981624682e-15
-3.38434513447716e-15 -7.12648233833708e-15
-3.9914825020379e-15 1.10462123244114e-15
4.74525602874702e-15 1.05197968609422e-15
-2.88217029714044e-15 3.96458352855474e-15
-1.53440915208163e-15 -4.69098204591206e-15
-2.41558636481629e-15 4.77760897367128e-15
1.52587647422922e-14 -2.89048506117682e-16
-8.75452458362471e-16 4.37283484792008e-16
1.23406989019963e-15 -5.55085260522611e-15
1.59414462067836e-15 1.61831230737722e-15
-3.62829060040559e-14 -3.99976841610406e-14
3.33018741733931e-15 6.09592406003131e-16
-2.89446696700469e-15 -5.53454517104441e-16
4.58469568405341e-15 3.23379309551177e-15
4.33669302834836e-15 -6.51282278958013e-15
-3.8982184114398e-15 3.43311800299443e-15
-2.87933708102868e-15 -4.99816233556214e-15
1.51579138042274e-15 7.16566706611291e-16
-1.9268860423575e-14 -8.04546538288576e-15
2.5377745132099e-15 5.68075248075789e-15
1.87922522535546e-14 -2.68421230005372e-14
7.76590473304468e-15 7.53100304814196e-15
5.22622313152717e-15 -5.13221538468184e-15
6.52403595261286e-15 5.16289692952744e-15
1.40908674790713e-15 -4.40221324330446e-15
3.08795536809547e-15 2.73549243335863e-15
-6.66872651403559e-15 -1.1455928400562e-14
5.92145135063262e-15 3.94415901708641e-15
4.09765023506565e-15 -1.09349548645684e-14
2.54678431213321e-15 5.54203899430485e-15
-2.31212479347821e-15 -2.03894631514493e-15
6.3040340421277e-15 2.77159162788648e-15
-1.09395834424642e-14 -1.10656560537211e-14
2.68952604347146e-14 1.02412816260609e-14
-3.78547526906167e-15 1.53146857187579e-15
3.36616758773234e-14 -5.71511528521895e-15
-1.89784938502158e-14 1.87591666418683e-14
8.3188841160278e-14 2.71724994081804e-14
2.41813088435109e-15 3.84881866474156e-14
-7.63919671416396e-14 3.30196766929278e-14
1.69622073062645e-14 -1.23194678717736e-14
-1.90208738716423e-14 -6.21212374935841e-15
-1.59588639712591e-14 -2.5541937631343e-14
1.555052777878e-14 1.53917962020321e-14
1.1879076773613e-14 4.28115211916481e-15
1.00596274945509e-14 -4.6530015427821e-15
-2.05893863737479e-14 -8.4039299193464e-15
6.8299622248501e-14 3.7921609897041e-14
8.61004162477839e-15 3.6517123563789e-14
-8.32526951201016e-14 3.20576556374353e-14
1.0993665219212e-14 -1.34016045770413e-14
-2.36206514854724e-14 3.3325628069066e-15
1.41472529208575e-14 -4.01661514602303e-14
-1.00596514523684e-14 7.53453834456198e-15
8.7710371766201e-15 1.03368064091646e-16
-1.9192952285925e-14 6.52089885085837e-15
-2.47741125270554e-15 -4.46312799762647e-15
-1.50079067818932e-14 3.34829448677482e-15
1.039497126074e-14 -3.45497517187681e-15
-1.36118104071591e-14 7.72420429690636e-15
5.52004108698566e-15 -1.58010374552329e-14
-7.67317443546381e-15 5.69707064331428e-15
6.37704608425549e-15 -1.12760885077942e-14
-5.87777782662629e-15 4.27868414598804e-15
-4.84864384942175e-16 -8.38171752887228e-15
3.56842384047377e-15 7.5209578853437e-15
2.71403543241966e-15 5.13867947462743e-16
-2.13278021997853e-15 3.85712840032378e-15
-2.2464904102871e-14 -5.95987338821372e-15
-4.22370981711056e-15 6.4537388212271e-15
3.30052888877374e-15 -3.7685630732707e-15
-4.16098096094034e-15 1.72673043928622e-15
-2.75325164479322e-15 2.27428909744158e-15
3.29833199927916e-15 2.9875920665856e-15
5.24515734236269e-14 6.74801565943112e-15
1.23588304926909e-15 3.9152787551346e-15
-8.43933120325122e-15 -1.54148845413472e-14
6.10722361846421e-15 3.52218696625355e-15
-1.4115035951686e-15 2.44005361247897e-15
-7.12590691655891e-16 2.77377858861468e-15
-7.38500172416752e-15 -2.24114050737191e-15
-4.73673520420904e-16 2.50235481697993e-15
-4.57126933936641e-15 2.23577389970004e-15
-3.06461280503379e-15 -7.1096090000445e-16
-1.43168382772606e-14 1.17070062463576e-14
-2.49330420142115e-15 2.3466954344146e-15
-4.74620685804984e-15 -6.05905685129478e-15
2.66387965349638e-15 -1.54684153650118e-15
-1.00022063420038e-14 -1.2829827649139e-16
6.47248930377298e-15 -1.16977458035588e-15
-8.92695028204655e-15 5.88233494042928e-15
3.1867153392903e-15 2.53417126304324e-16
-1.01871345029541e-14 3.51800294200449e-15
3.55673163905797e-15 1.54376062796816e-15
-1.18190801895479e-16 1.61664715935666e-15
-5.08849923933474e-15 -7.83103803782911e-16
8.68364639589809e-16 5.19568744386585e-15
-7.18536469831685e-16 -3.74410582459059e-15
-3.50279014769231e-15 -4.30915703554159e-15
3.42737755593651e-15 -2.76415287767122e-15
1.0575438225905e-14 -3.32469404985363e-15
3.93405846821135e-15 -2.8258049949856e-15
5.18608694527605e-15 5.09872163972223e-15
3.85664019664408e-15 -3.53397433114546e-15
-3.51081062232186e-15 -4.9034766021972e-16
-3.74265581468194e-15 -5.89643179844379e-15
-2.436269283186e-15 4.06332609733803e-14
-1.00791192260571e-14 -5.66109525566536e-15
-2.68325789264077e-17 4.14521037702855e-15
-9.86913159205949e-15 -2.03188052684765e-15
-2.6622438778268e-15 -4.21578798834466e-15
-1.50993464219721e-14 -4.91277885951567e-15
2.13851070005696e-15 -3.04202745261108e-14
1.86838228336148e-14 -6.09534774984348e-15
1.36708495926925e-14 5.69189554951709e-15
-7.92509337363906e-16 -2.53011906485572e-15
-2.09172674016994e-14 3.66529103556324e-14
-1.63994615811029e-14 -6.13199616713584e-15
-6.97535065142204e-15 -4.25529543017601e-15
6.16316569137421e-15 -1.01023894325516e-14
-9.56445915116781e-15 8.47984600751555e-15
-1.54394371033164e-14 -6.04695964630047e-15
-6.71919314113966e-15 -3.98179841897903e-14
2.94485656840337e-14 -7.07169369253497e-15
4.7813787016921e-15 1.84296876335584e-14
5.53341144347708e-15 -1.54862650532516e-15
1.48831982199232e-14 1.35147257652165e-14
-6.86170688873428e-15 -1.10139993509294e-14
5.17747823277488e-15 1.47261636040123e-15
1.97418104472429e-14 -9.75123511720221e-15
-1.61575162020508e-14 -7.9470644884204e-15
1.24745723365092e-14 1.68839365789206e-17
1.68756765216423e-14 -2.5553826702207e-15
1.12191747831943e-14 -4.89138720320146e-15
-1.24286565627324e-15 5.97570746651258e-15
1.95993270646848e-16 -5.52773378679956e-15
2.1198702856541e-16 3.66543007618987e-15
-2.17953405367811e-15 -6.20171990695811e-15
-4.09724543482633e-15 1.53034983621048e-14
-3.63279221974038e-15 6.08571530666707e-16
1.15975548426734e-14 -7.8577099377808e-15
-1.04488526672626e-15 1.75805029023057e-15
6.16487639922572e-15 -7.16405063627854e-15
-2.06889720924698e-15 -5.34342378388488e-15
1.60891028474163e-15 2.83570425438344e-16
1.01674936603539e-15 -1.87631052507601e-15
2.1589688923926e-15 1.18285212828637e-15
-1.4985886157655e-15 -2.55236831832856e-15
-2.55810361024019e-15 1.63795836269133e-15
-5.83468386430689e-16 -2.2153565263614e-15
1.17202216883498e-14 1.2943879511891e-15
-5.53915645184077e-15 -3.33259709806637e-15
-3.1599963841675e-16 -2.7327624598106e-16
-9.65292744278378e-17 -2.45707883993061e-15
5.03459679232636e-15 -5.10034543628536e-15
1.54724908473041e-15 1.27952394905144e-15
8.29871324703979e-15 9.28033675828074e-16
4.96026801584071e-15 -2.72040538649642e-15
-2.50082752296938e-16 5.42444099648619e-15
-2.75598615165465e-15 1.21849211283815e-15
1.93924988006053e-15 4.79369897956679e-15
-2.54462186088413e-15 -4.58021203888948e-15
-1.33923674983178e-14 1.47995802727872e-14
-4.90303554835419e-15 2.20875995979465e-15
8.04525177666925e-15 -1.64555561447532e-14
4.6728932901164e-16 2.44357535441154e-15
9.56123345015581e-15 6.56801527146582e-15
4.16300364181819e-15 1.89131613852296e-15
2.35072343801777e-15 -1.62516403103212e-14
7.59335805795437e-15 6.71179264287914e-16
1.87095452598797e-14 -3.40846327939742e-15
3.99195817881737e-15 4.52571448518029e-15
2.93016262364115e-15 1.80941148532658e-14
8.31556151313494e-15 3.83114313381297e-15
6.81582885655127e-15 7.23916636445989e-15
-2.84643951088789e-15 4.26948709476726e-15
2.05271786142364e-15 -1.05567439122262e-14
-1.96966748462144e-15 -6.39512443034448e-16
-6.73078044666951e-16 -1.28440791247158e-14
1.54821534210667e-15 5.75323300868802e-15
-4.39863801896631e-14 -2.19468944441446e-14
1.04251443439858e-14 4.0098225550404e-15
1.17623486719533e-14 -4.0803293578912e-15
1.49960538033242e-14 1.24538099822906e-15
9.24208769459737e-15 -3.17712022024282e-15
4.92674647105977e-15 -6.13467430925827e-15
7.14948103970317e-15 4.33035681721234e-14
-1.19817767286117e-15 -6.23995754011066e-15
-5.45723988255138e-15 -9.89858110173078e-15
-5.51219472693397e-15 -4.08093035257083e-16
-1.01538655610061e-15 -9.62089523561414e-15
2.25988260201006e-14 8.86990893333939e-15
-6.37115117971587e-16 2.9606030333486e-14
-2.73585119089936e-15 1.49688227592217e-15
8.50298362839588e-16 -1.4671410441285e-14
2.5815130970658e-15 -6.94955233467119e-15
1.78216704514538e-14 4.13353320058623e-14
-9.96764790248681e-15 -8.85648463807439e-15
-6.47411914411889e-15 -4.56416633489925e-15
1.88663200938512e-15 -7.28330992299174e-16
-1.27875596127619e-14 -1.79288326446355e-15
1.59770979383828e-14 4.57403200055788e-15
-1.67557450407953e-14 4.14476680709886e-14
-6.85276164996272e-15 2.42705534706017e-15
-1.21284708783423e-14 4.95172464172933e-15
-2.58776458379225e-15 2.17136959652493e-15
1.53503151585538e-15 1.29349638657275e-15
-1.31770655585348e-14 -2.77805663350167e-15
-5.38714161895752e-15 -6.17602100541093e-15
6.51159430301446e-15 -2.32622879919166e-15
-1.15604093809412e-14 -8.11427217291297e-15
5.84717421336244e-15 7.17249852406969e-16
-3.50507831350702e-14 -6.14701862694347e-14
4.50376238083228e-15 5.86512642861657e-18
-3.59752996081717e-15 9.05205645053771e-15
-2.9035097108458e-15 5.62272110706985e-16
7.43757231316417e-16 -4.33407762900338e-15
3.04647169920855e-15 -6.4065647650867e-16
-2.19854330938265e-14 1.78327011011813e-15
-5.47238551366403e-16 1.54083952643471e-15
-2.34090555845257e-15 2.06189766143072e-15
-3.66456264596149e-16 2.22728501832665e-16
-2.3829509700099e-15 1.98485183818141e-16
2.60603585241462e-15 -2.7340461873389e-15
3.02213269543557e-15 -1.95141062141186e-15
4.20107664195788e-15 -1.07616324995078e-15
-4.65831145663849e-15 1.4007111573582e-14
1.72350773131246e-15 -3.00907873048e-15
9.45980937694718e-15 1.96582690714686e-14
-1.13909978240151e-15 1.65573314860725e-15
5.69539411587899e-15 2.46838296033635e-15
-2.89478915533744e-15 -2.38751981652743e-15
5.56039940907678e-15 9.82942852863221e-17
2.46376064402076e-15 -4.24139944211982e-15
-1.38546636166343e-14 -1.25818143595271e-14
6.33302720121888e-15 -1.9429368312338e-15
1.61644895141129e-14 -1.44153675898517e-14
6.4039063986758e-15 -6.57712942970187e-16
4.44685355383051e-15 1.66430560874933e-15
3.00634082607144e-15 -4.10015526344172e-15
1.00715032139596e-14 6.7957298571819e-15
-7.59841471401031e-16 -4.8290818512207e-15
-7.54382893032059e-15 -9.23513962716259e-15
-2.27392521280335e-15 -4.43407804897878e-15
4.74144900018564e-15 -1.54956326953163e-14
-3.41473300853033e-15 -1.23728618488629e-17
8.06938429279724e-15 -8.82128686278406e-15
-6.20784625487615e-16 -5.55165964851307e-15
-3.23151650748879e-17 -3.9767844571135e-15
5.89092131108622e-15 -3.63147042653355e-15
-1.57748341483369e-14 -8.33180925318476e-15
3.84056643110758e-15 -4.51464595030117e-15
3.10693871138492e-15 6.08197068044547e-15
-2.03627172500786e-15 -3.04901946390777e-15
8.04328537490653e-17 1.09712905309661e-14
-1.54284764275322e-14 1.25672324247664e-15
5.47019485180009e-15 3.42733102525392e-15
-1.09927257746725e-14 -5.41163513111159e-15
-6.25938352174085e-15 -1.59486401437233e-15
-1.20505740704298e-14 1.44854622942546e-15
-6.61824153671003e-15 -1.20471310814488e-14
6.52929031115979e-15 3.74263036443504e-16
-1.7149809877865e-15 8.87992497355389e-15
4.04322876748132e-15 6.56248917303296e-15
-3.89331700868377e-16 2.23871061725872e-15
-1.17898225167198e-14 3.6410611540373e-15
5.73849636910158e-15 -8.63630737505628e-14
-2.94121246165577e-15 6.40050419529575e-15
1.24765983615415e-14 3.50135109392535e-17
-1.07692556451089e-14 8.67249521726233e-15
1.95092626924265e-15 -1.22692555243173e-14
1.5506874645367e-14 5.22692455292836e-15
6.23495986636237e-15 2.58157705506398e-15
7.62512067505079e-16 5.77336312738278e-15
2.11079637639367e-14 4.25109933919319e-15
2.88666125244836e-15 5.38758455346241e-15
1.21806431638417e-15 -5.9464208060749e-14
-1.71602233353497e-15 6.67433850262261e-15
6.11426398361282e-15 5.62383748315658e-15
1.21810553399439e-14 1.43221989286813e-15
8.11941281832187e-15 4.1786555651845e-15
1.20499669274341e-14 7.24375127818055e-15
1.40012696047285e-14 9.16609701178984e-15
2.7727581999863e-15 1.30346840643292e-15
2.73170968275551e-15 1.5937667766022e-14
5.21551904123136e-15 1.2346151162703e-15
9.35214143106828e-15 2.23780774706292e-15
-2.42902789808717e-15 2.54672992729375e-15
-4.18789247793001e-15 -1.43911928465777e-14
6.42282737148779e-15 -1.76756433410045e-16
1.80689776371238e-15 -5.03388688109289e-15
8.13985917187379e-15 -8.71624611995542e-16
1.2540796914769e-16 -6.82390036402799e-15
9.96077556165939e-15 -1.83150279002273e-15
2.07027271462976e-15 -1.63220841289584e-15
2.96126880833902e-15 3.69050302583361e-15
4.42273468831033e-15 -2.32328666185027e-15
-3.18355290133684e-16 -2.77478034571971e-15
-1.03497691669133e-14 5.57317336503697e-15
-8.81425029324189e-16 1.61097526586803e-15
-1.15438801859874e-14 -1.88615930675927e-14
1.92029432405626e-15 -1.37581236215444e-17
6.51675529728808e-15 -9.01672377545083e-15
3.53568767480554e-15 1.30408418487967e-15
-3.10794612805671e-15 -3.20954071072408e-16
7.40992481104114e-15 1.65316607338839e-16
5.59379979334556e-15 -1.21338569008709e-14
7.33689739559378e-15 -1.71564827584382e-15
-4.60496099180974e-14 -5.49779459799298e-15
6.02040249608798e-15 4.4677383883454e-15
6.98138549403418e-15 -5.9830452151932e-16
-1.31239969596075e-16 5.5547740999516e-15
1.07030659012741e-14 -4.89281971089055e-15
6.71393524146688e-15 1.35365677404071e-15
4.8404211714392e-16 3.24113856969498e-15
8.16367227414544e-15 4.11233739096975e-15
7.51017505099976e-16 2.1694596668114e-15
1.18476238585628e-14 8.55976567685715e-16
-2.8386067410233e-16 -2.34411773704326e-16
9.15464258927886e-15 2.97074692111139e-15
1.10688731097724e-14 1.18346528249143e-14
6.8315623100852e-15 1.21433129540877e-15
4.94711205357295e-15 1.13405486083954e-14
7.0118018482284e-15 3.13050753807854e-15
1.02866731525802e-14 -8.42976698174478e-16
3.63452676034983e-15 2.90529154464153e-15
3.12941378181773e-15 -1.21906342881099e-14
1.00987937152351e-14 -2.39397367191932e-16
6.70347503460146e-15 -1.13124811936744e-14
1.97914677392013e-14 8.74481434476591e-16
-2.40177926971997e-14 1.0813572259849e-13
1.99733711864304e-14 -2.71563010962117e-15
-6.75441158528357e-15 3.95214378774704e-15
2.34751633008327e-14 9.71517378228753e-16
-7.74544786503108e-16 5.99996071778383e-15
8.86833834518652e-15 7.98077990579371e-15
8.97529258802064e-15 3.38475220288022e-15
2.3696921230362e-14 2.16528409474435e-16
-5.93933003407479e-15 -1.96195531413977e-14
7.8050660190257e-14 1.94779872580484e-15
-2.40177926971997e-14 1.0813572259849e-13
-5.578432547301e-14 -9.51758116375161e-17
-6.8190754397265e-15 -1.98766593691493e-15
-4.09553229579897e-15 5.85163240117949e-15
-6.57241628342244e-16 8.14630054381176e-15
-1.12824362910195e-14 6.49594205322775e-15
1.98359468668554e-15 -1.88730351424117e-14
1.23023248435302e-14 6.12583250752134e-15
1.03860652816858e-14 4.47804882780026e-15
6.48452511166401e-14 2.71423886319069e-15
6.07220439289083e-15 9.6666657050111e-14
-6.88647124588269e-14 -5.96053112961229e-16
4.1350918286921e-15 -8.69634329354959e-16
-3.4943765477243e-14 3.66220991773398e-15
1.48717761216865e-14 -3.35046396526141e-15
-2.2677161706257e-14 4.29471047233187e-15
1.16106204558338e-14 -2.46457489961496e-14
-1.38418085346563e-14 5.67912107494137e-15
9.3981428340584e-15 -4.08737423991804e-15
-6.2731545562831e-15 8.01676753062985e-16
8.33841261191976e-15 -2.81504563541578e-15
-2.71636935136396e-15 8.34597985189099e-16
2.43051089742291e-14 -5.51825848441358e-15
-1.16331644714032e-14 3.31412379489097e-15
6.72441831024311e-15 -1.58422621176405e-15
-1.14279528937037e-14 5.33759451170262e-15
3.7984670434147e-15 -8.59689783067137e-15
-1.17510693495459e-14 2.96936113089582e-15
6.90855879346628e-15 -6.00651369241377e-15
-3.60162907967333e-15 2.2113293172348e-15
6.57791203356425e-15 -7.14800669389104e-16
-2.74130661677323e-15 6.70821613362808e-15
-2.62036982928143e-14 1.19747412427357e-14
1.72220141985099e-15 2.89044880013857e-15
6.03608537461067e-15 1.28156665630501e-15
-1.595769274237e-15 6.77754086404068e-15
8.799343051366e-16 2.69499480818626e-15
-6.68705352576784e-15 3.07049600056907e-15
2.87677233183221e-15 -6.20382508700828e-15
-4.10088436314049e-15 5.85306589851835e-15
-1.42173112620499e-15 -5.83247117990269e-15
-3.68065255535246e-15 6.29997735334681e-15
-5.99617730137003e-15 -5.28311555169805e-15
-1.60765483539222e-15 6.35600318070359e-15
-1.71669114869306e-15 -9.32266322238515e-15
8.70297150617709e-15 7.42935504698843e-15
4.29096389007795e-15 -4.44016953922551e-15
4.46792450382678e-15 5.07647330663861e-15
4.21913062088607e-15 -8.21473255999318e-15
3.64429639451545e-15 9.72734894320017e-15
4.77284149918755e-16 -1.58598078023353e-14
-2.66940736974987e-15 7.0503047004751e-15
1.1044426227735e-14 -1.21479803499184e-14
1.34570824865793e-15 4.54844232920176e-15
-2.59431027853939e-14 -2.87049081456452e-14
7.79630930516571e-15 6.94493860306155e-15
5.34840968487611e-16 -1.42715634322873e-14
1.18820289290077e-14 8.33581559071164e-15
-6.77876309141332e-15 -1.07826069798442e-14
9.69613905778195e-15 7.99796748883794e-15
-1.07717974330924e-15 -5.45242363405778e-16
1.52960802495121e-14 8.00261993402266e-15
1.70963203206652e-15 -7.73228061464668e-16
9.42490728265915e-15 4.40162102990642e-15
2.56723133858213e-14 1.23911232019351e-14
1.06973704723529e-14 1.47929431202185e-14
9.72506321709982e-17 -1.12267235429284e-14
2.09319860161457e-14 3.06074054857492e-15
-1.78369274742236e-14 -1.59933895707506e-14
3.61359168948957e-14 1.42452402033106e-14
-1.28563080696648e-14 -5.21542789104897e-15
4.73935444762329e-14 -6.49208486998598e-15
-3.28258676060813e-14 -4.81004752985224e-15
1.21828289961393e-13 3.9366535441627e-14
-1.3872177219917e-14 4.95636984024191e-14
-9.94177937187974e-14 4.80168978698001e-14
3.8083011175281e-14 -1.23867258905446e-14
-2.25208007658222e-14 -1.44086588953087e-14
-1.82076533938608e-14 -1.55683985569126e-14
1.93704427377062e-14 2.02515493085343e-14
6.82011660141181e-15 1.8340132192293e-14
1.93062625355682e-14 -1.0715156748193e-14
-4.37865040628954e-14 -1.9376954543207e-15
9.92062710168682e-14 4.85086457454392e-14
1.28945464015251e-14 5.73971895834156e-14
-1.18462641913734e-13 3.89765422060959e-14
2.27827031774028e-14 -1.47042425989919e-14
-3.99862807336472e-14 2.99256156956066e-15
-1.04097798160685e-14 -1.1871520047782e-14
-1.70876268634447e-14 1.24957545083593e-14
7.64766554095523e-15 1.33260936635882e-14
-2.41328354300614e-14 3.28822044469976e-15
9.91114483033051e-15 -2.74084837759486e-15
-2.11671213546082e-14 7.60161585958824e-15
4.96955977130702e-15 2.63347623345352e-15
-1.47206304908296e-14 4.09594199906519e-15
-1.18132721808362e-14 -3.85066812006471e-14
-1.38627567435961e-14 5.10293473233054e-15
-4.92680872754115e-15 3.10765908231458e-15
-3.76583255453109e-15 3.18738899185302e-15
-5.70925085763868e-16 -4.34316038671126e-15
1.61817150293904e-15 4.20370153553022e-15
3.92292525725483e-15 -1.90469240263561e-14
-2.75632986213649e-15 5.16525845523637e-15
-1.75974137458279e-15 -2.2591846324354e-14
-6.11908594291891e-15 5.47892504352944e-15
2.95063010997375e-15 -1.03940544371062e-14
-6.91474623143943e-15 1.51200257925578e-15
-1.08026555818413e-14 -7.62389882738337e-15
-3.55577430942923e-15 3.50375520837866e-15
-3.97463686328735e-15 -1.21102575015393e-16
3.84415140730462e-16 4.78859635030235e-15
-1.18371396800881e-14 7.42019828326273e-15
1.85868890928405e-15 5.12370044156684e-16
2.20002342272289e-15 -4.42563674745276e-15
1.21701534060224e-15 6.06133239088966e-16
6.34677848518745e-15 -7.04977593084188e-15
-5.33895200606446e-15 1.33761456248562e-15
3.26939395530195e-14 -4.6913831285269e-14
-2.59685009877686e-15 2.43399636753971e-15
6.78406510935235e-15 -1.90161648349247e-15
-4.42341372218618e-15 2.82510793787178e-15
-1.41797214992157e-14 -7.39289747156386e-15
-9.97122824140302e-16 1.549083924651e-15
3.65017160890393e-16 4.7267259125895e-16
3.31307618484405e-15 1.53402817340205e-15
6.67360347699461e-16 7.04038046778491e-15
5.3553370541147e-16 -1.00454415117647e-15
1.19789277118642e-14 5.21960220632978e-14
8.91876578376297e-16 1.4236806083631e-15
1.00243338599464e-15 4.95089317264442e-15
-7.73500444761418e-15 -5.87951038243203e-16
1.90263788554648e-16 3.03334571569987e-15
-4.00036284671029e-15 -3.13439227657445e-15
-8.37031691954254e-15 -1.10525018139333e-14
-1.94502616419649e-15 1.05732833996671e-15
2.80772698986894e-15 -9.04198322335511e-15
3.30990373707537e-15 -1.80932738465524e-15
-6.43077177747448e-15 1.25387284141928e-15
7.93024820978866e-16 3.18292617671785e-15
-1.00963008946981e-14 2.41510391057833e-15
-2.77659536518917e-15 -3.86078754838291e-15
-8.15151805782675e-15 2.09130104595989e-14
-9.63526782736817e-15 -6.81943218468653e-15
-1.99138982099693e-15 1.65979906324459e-14
-1.14005708209096e-14 3.43426601833581e-17
7.95118440909523e-15 -1.10717711117319e-14
-2.31877334058115e-14 -5.7142858741191e-15
-3.9448209294953e-15 -3.52794438427479e-14
1.87863298976588e-14 -3.88301612771669e-15
-3.04154313173137e-14 1.3000954647482e-14
5.74441503348236e-15 -4.56486035700743e-15
5.80581402781042e-15 1.98746317147166e-15
-1.8208161362637e-14 -4.39521385968782e-15
-9.02567102743939e-15 -8.44174247432717e-15
9.98919975240632e-15 -4.99927071126894e-15
-1.00840429353344e-14 2.90905783177359e-15
-1.14215100683299e-14 -3.21761328257403e-15
2.04917324181674e-15 -3.14593269597491e-14
3.32828114854512e-14 -3.20636622864151e-15
1.03946215905728e-14 -1.25197422165266e-14
6.83633442675895e-15 1.61918308574359e-15
-4.4238995460522e-15 5.05431076548567e-15
-8.44065363567049e-15 -1.016084395708e-14
-3.02528801906474e-16 -8.36810897714542e-15
1.79817250927064e-14 -6.33962558420068e-15
1.48077595149559e-14 -1.28121267435597e-14
1.04524175035611e-14 1.66094293457785e-15
-1.04775038843105e-14 -7.5489437128131e-16
9.51252605872994e-15 -2.51804791065019e-15
-2.66315473175782e-15 3.11158171869022e-15
1.66323338650447e-15 -4.1815610325559e-15
-4.93108876734222e-16 2.99321706765461e-15
2.62289138537039e-15 -4.04691776154587e-15
7.49786401161868e-15 5.88904727059917e-15
-1.93492372691778e-16 -3.75767832900718e-15
3.77116493662167e-15 5.22263364978271e-15
1.73140595248399e-15 -2.82638957711517e-16
6.68407060274942e-15 -6.28799328331982e-16
9.5841972479053e-15 -5.54214378311623e-15
1.40707196889568e-16 3.61222601000421e-15
5.73046742194494e-15 -5.25652871788181e-15
2.15429758664604e-14 -4.19235829960907e-15
3.13489913128288e-15 -4.37446822142481e-15
9.65980059761371e-15 1.01167321244535e-14
3.00232277435372e-15 -1.9467710129163e-15
6.0969270130044e-15 4.11608478599808e-16
-4.11465866625899e-15 -1.79561301610536e-15
1.87306365428588e-15 9.67130531853017e-16
6.59967338747014e-17 -2.04957866458612e-15
9.55558421980262e-15 6.95325209815696e-15
2.75906030657201e-15 -5.26160119257284e-16
3.82301198965859e-14 4.17702640906016e-14
6.25509729507248e-15 -8.23741175006353e-17
6.51055467024559e-15 -2.39740436004114e-15
3.41742274779311e-15 -2.28735131179864e-16
7.35703839602446e-15 2.29712824794063e-15
-1.9840211879384e-15 -4.68428868536732e-15
2.98557838636194e-15 7.86317136114966e-15
-4.72312835061283e-15 -4.13491714716153e-15
-7.20207889897302e-15 -9.69594037265874e-15
-5.32398899458482e-15 -9.77162521515111e-16
2.96363314290842e-15 -1.95334353572561e-15
-5.29571858786726e-15 -2.22234803023779e-15
5.13379617040843e-15 1.06431227904606e-14
4.37136723971535e-15 9.47362476920344e-16
1.0337269824277e-14 1.38053886839973e-15
3.74055371394506e-15 -2.49988638893891e-15
-1.12847645236987e-14 7.85346078153958e-15
5.17266815224442e-15 4.34000546226943e-16
-9.69724781195614e-16 -1.47287382026333e-15
-6.33721963921363e-15 -8.76260494927669e-16
1.2993316223719e-15 -3.39616031280306e-15
-3.16782489093091e-15 4.41890784717096e-16
-1.5518729638891e-14 1.78016379658701e-14
1.9237672389686e-16 1.71650124726637e-15
6.06670086072277e-15 -1.17633499817382e-14
9.40686447984386e-15 -3.11258717428969e-15
1.28556175310857e-15 -1.57152261828492e-15
3.69199202484774e-15 5.88280970259034e-15
2.49422590254174e-14 5.33367917589917e-15
1.27813619221876e-14 -1.60704157499896e-16
1.42421200004478e-14 3.95538140438785e-14
-1.39041827778419e-14 -8.34220287978121e-15
-2.58560120569358e-14 -6.45185623667334e-14
-9.87889675421163e-16 8.80753208354602e-15
5.2404790574699e-15 -1.25257380979982e-14
1.54190856848701e-14 -7.55586341125762e-15
7.17772973471481e-16 1.98552171200406e-14
-1.23118542669015e-14 8.57063444598677e-15
6.70392594280409e-15 -9.11612340554307e-15
5.83640987339143e-15 -8.74012415602517e-15
-3.25231146161304e-15 1.96087799988483e-14
-1.56467899616267e-14 -9.60491498397809e-15
-6.11267351946657e-18 -9.2592285905007e-15
5.2029127691508e-15 5.82783480844792e-15
-3.526561509086e-15 8.65385703436951e-15
1.5047487426408e-14 6.78864542852042e-16
-3.4242603863608e-15 3.64894260009039e-14
-8.51351240100767e-15 4.00383667545637e-16
6.68886822153093e-15 7.8825489434288e-15
-7.9974293157213e-15 2.40869283772162e-15
4.44666027990933e-15 1.19554506216203e-15
-6.68112993347216e-15 -6.86245657503312e-16
-8.05654872964246e-15 -5.68153040848035e-15
6.08359743087104e-15 -1.41628350666233e-15
-1.48736182929942e-14 -6.89990200657397e-15
3.41130544198759e-15 4.07501398341652e-15
-1.30731342406539e-14 -7.27904604885464e-15
2.93322457554528e-15 4.51838497002347e-15
1.3015925494104e-15 1.87310753590422e-15
2.61878811075697e-16 2.17787131738875e-15
4.6451239095138e-15 2.50126178226411e-15
-1.80676955482605e-15 1.27035038998585e-15
-1.33336044680436e-15 7.17601885820609e-15
1.79337255762258e-15 9.00952367395347e-16
-4.83295588898267e-14 -6.29842941082252e-14
-3.0568612014856e-15 1.02172527035922e-15
-1.25439333077341e-15 -5.34789933005546e-15
6.62094421199353e-15 -5.64617165522662e-16
-5.78649344234206e-15 -5.83826703146251e-15
4.37605027212571e-15 2.43017290872881e-15
1.03489574146402e-14 5.1014422528985e-15
1.15190044605388e-15 7.15294373497952e-16
8.06678541886133e-15 -3.91177928004105e-15
-2.89606131090768e-15 -1.53190425394489e-15
-1.02776417326452e-14 4.73521314254866e-15
-2.14044264551577e-15 3.06284353499158e-15
-1.48661281984878e-15 -2.27145546883947e-15
1.79970486260967e-15 -1.33416453925249e-15
1.17098697736902e-16 -9.65160634906698e-15
5.49643107238531e-15 -2.84485424446115e-15
-8.35685492168924e-15 1.2357679774101e-14
2.93028299351481e-15 -1.24208221509619e-15
-5.49467500264059e-15 -2.28509904400349e-15
4.34886992224224e-15 -9.15905562199343e-16
3.37407351292747e-15 1.93287253040327e-15
-2.36349496767721e-15 -3.12114613220222e-15
-1.00111339601641e-15 1.6078374133426e-14
-1.43695885752697e-15 1.73240919891863e-15
-1.46912140855732e-14 9.39519350661352e-15
5.6285787951543e-16 1.77170140015215e-15
2.51237955426461e-15 -1.82060219016982e-15
4.15458630038132e-15 -2.02071391340345e-15
9.51379301356824e-15 -5.26088059719201e-15
8.07305301463787e-15 -4.29925354094557e-16
9.56327444853296e-15 2.42219171388754e-15
1.25376704978072e-15 -2.68353842159378e-15
-1.25873438662647e-14 1.59788792725691e-14
4.74776919428902e-15 2.56576520553675e-15
-1.1526568747356e-15 7.53951990728767e-16
-1.16228542406159e-14 -3.75711592310874e-15
5.0825590108854e-15 4.49112320110019e-15
-5.99881981837194e-15 -4.60254292692748e-15
-2.19007869912226e-14 -3.76662417730388e-16
-8.25778565703474e-15 -2.47633256779349e-15
-7.3362173218727e-15 -8.90344985070495e-15
1.80494152893508e-14 8.49633806893452e-16
-1.88738994846852e-15 2.16612429547835e-15
6.74163819742498e-15 -8.12406332127797e-15
-1.30342074856816e-14 2.94924197904281e-15
-2.26783899413139e-14 1.11546170361682e-14
7.97908464157695e-15 -4.61618019456788e-14
1.52529444321239e-14 1.18942656449018e-14
1.74624833256227e-14 -1.29364915284098e-14
-9.03986017604308e-15 -1.21421704096479e-14
-4.73253812141494e-15 -9.48330873891435e-15
1.51733546169952e-14 9.04042808188263e-15
2.02750926542412e-14 1.15098374372311e-14
-1.56527407845872e-15 -1.29889553755454e-14
-7.81617562038083e-14 -6.2911552381194e-15
-1.39472985446585e-14 1.16381317147378e-14
-4.11402359356867e-15 -5.52032121439069e-14
1.12319003602005e-14 6.94808329938271e-15
2.42226082989744e-14 -1.03228579706352e-14
6.72810387757364e-15 -1.06937158344706e-14
1.22984784714181e-15 -1.42903432657512e-14
7.50301422584147e-15 2.03429429934813e-15
2.29842040930786e-14 1.17428119135693e-14
4.74683075919602e-15 -2.68261774608136e-15
3.51615606077136e-15 1.15296575867606e-14
-1.40297311692761e-15 2.01315779536096e-15
1.08004097081801e-14 4.06768421351716e-15
-6.68979162415375e-15 -1.11119463907274e-16
1.18367877561304e-14 -3.09422794546164e-15
3.17322463033257e-15 5.35482244560093e-16
1.03195841439323e-14 -9.89998248989602e-15
7.58168667610927e-15 -1.91699900397936e-15
-2.6130660650982e-15 -1.39448676479708e-14
7.1962225262519e-15 -1.36720230186396e-15
2.98145813303783e-15 1.85330785269941e-15
1.70525967851877e-15 5.13376408538197e-16
1.08608099907508e-17 9.26970598971299e-15
1.21433218414783e-15 4.32023003171625e-15
1.37793634657817e-14 9.1366003173766e-15
-1.29426332417849e-15 1.89534222814831e-15
1.06684248995712e-14 4.27249615041131e-15
-9.77004182456947e-16 5.21841408663521e-15
1.17370561974954e-15 -4.18809384585434e-15
2.51964269275915e-15 -1.84021681709298e-15
4.51982309858313e-15 -5.28016814651115e-15
4.26264731247162e-15 4.28402548175443e-15
1.91575018300064e-14 -7.72149679768747e-15
5.42882233186601e-15 -2.11576282806882e-15
6.83467435362886e-15 7.97164462138375e-15
5.15250318178508e-15 3.33026670144586e-15
8.76795334936706e-15 7.94614054848801e-17
-2.46620717331489e-15 5.52648244757569e-15
8.21897342421666e-15 -9.7578655298462e-15
4.45261970467536e-15 4.37762266369335e-15
-2.36905873736035e-15 -5.47311696965307e-15
4.32286463580033e-15 -4.53494910841732e-16
2.09586014123895e-14 -1.27607567669795e-14
8.08028046600347e-15 2.89287015567388e-15
9.0894730029188e-15 -3.96369381211255e-15
1.18356827497332e-14 4.24035171722666e-15
1.08142450529371e-15 -9.11661569164143e-15
3.77479152141293e-15 3.83491812332491e-16
-1.457995114908e-14 9.51756294163402e-15
5.33008881809906e-15 4.02505527819869e-16
1.14017032467206e-15 -2.68820114700073e-15
3.21812827459673e-15 5.41608805239453e-15
-1.04096367030464e-15 -6.28153112873794e-15
7.56945015201532e-15 6.99842009215851e-15
-8.9640714499587e-16 -1.51008024981769e-15
1.14105824156583e-14 4.19466862953294e-15
3.0988507322591e-15 1.7249045415729e-15
1.61705747919553e-14 -9.40774153837317e-16
-9.54448423170352e-15 -7.12629213280309e-15
2.16851752104834e-14 7.58366878096199e-15
-4.30315278425993e-16 5.86130424933472e-16
6.96648122139213e-16 5.67781083723163e-15
1.89819806899756e-15 -3.28969131829686e-15
1.8011854336115e-14 -1.71395925802309e-15
2.17437028457663e-14 1.55907013751861e-14
6.22517643579089e-14 1.71916107102356e-15
4.21870606394592e-15 8.02571654277768e-14
-3.41813537320953e-14 5.10559963196328e-15
-1.01867966795094e-14 -8.29192292009622e-15
4.54385099833502e-15 4.53566389030506e-15
4.28087878193067e-15 3.71317781344449e-15
-1.29969068177266e-14 9.23632323846817e-15
1.41335492317623e-14 -1.55845948283986e-14
1.26281379190117e-14 6.97765154341657e-15
6.93551003554113e-15 -2.68430592773766e-14
4.63802621971296e-14 2.35596264110152e-15
-3.16705872551528e-15 7.96047820064862e-14
-4.82676640737302e-14 4.32901452316558e-15
1.53943472920527e-14 1.08861372095834e-14
-2.42322620173354e-14 -2.87029891794978e-15
2.07439926057421e-15 -1.54815546598327e-14
-1.45226263847238e-14 4.12950648541631e-15
-6.77815203826213e-15 -3.33008379312424e-15
-9.91616190918442e-15 2.81964226240811e-15
3.40697536111337e-15 -2.72120082847441e-15
-3.54334320793879e-15 -4.97489603485999e-15
9.05367319687838e-15 -1.10549807594672e-14
3.56307388566123e-15 2.9309970929724e-15
1.38067913179634e-14 9.79588225518144e-15
-2.19921687675022e-15 2.26979550720544e-15
5.86736524626966e-15 -3.71479662247345e-15
-6.53325758201867e-15 1.2942028287564e-15
4.81167247584215e-15 -2.93983903491752e-15
-4.584819684176e-15 -2.77417321673286e-15
-8.1420739122777e-16 1.90732196784028e-15
-1.03121584891504e-15 3.17292688519306e-15
-3.26808147254408e-14 -2.83205339695948e-14
-9.66689126168301e-16 -2.58195831937373e-16
-2.6589122594538e-15 -4.94948884134871e-15
2.88041250109617e-15 4.42232657132056e-16
5.5953848888808e-15 9.25423395182139e-16
5.85251081766667e-16 3.21299959323151e-15
3.82563908292969e-15 1.11839836214597e-15
-3.638215513503e-15 6.27579092583081e-15
-4.73642995606598e-16 -6.00343491921317e-15
-1.51452609758921e-15 1.90393730897415e-15
1.50255452062261e-14 -2.31776643827708e-14
-5.76182360111267e-15 7.96032448502114e-15
1.15581360974212e-14 -5.43180262164047e-15
2.26007012027893e-15 2.2047939108989e-15
7.69029128379258e-15 -6.52676094899424e-15
6.72120969365111e-16 5.07681936089415e-15
7.95558906473884e-15 -2.42213620294804e-15
5.17215295530188e-15 4.66888229624531e-15
1.14580225849808e-14 -6.64236626637725e-15
2.24909488925861e-15 7.09361794128023e-15
7.82872725223501e-15 -3.54283700288446e-15
-2.55278980211075e-15 5.03809710122872e-15
1.44298107429314e-14 -5.62516947587703e-15
3.02480067882012e-15 8.32276374725721e-15
8.04008311674106e-15 -1.03780769993225e-14
8.72886039017216e-15 8.91143698423323e-15
-6.61613615374819e-15 -2.50321322860558e-14
1.57926747824176e-14 1.00182295251377e-14
-3.7046063369601e-15 -4.84505071834469e-15
1.54263451019404e-14 8.99025148702744e-15
4.1547211929716e-16 -5.69048955043216e-15
1.48432502821813e-14 1.17117394457752e-14
9.22242990858577e-15 4.15225240467976e-14
1.43991118343634e-14 8.6778057937554e-15
-1.91359322672061e-14 -1.41218599084825e-14
1.98079138298286e-14 1.64816574536178e-14
4.28981265766124e-15 -1.60089812273364e-14
2.25767797624138e-14 4.20685355315921e-15
-4.58594264416043e-15 -2.6193240787834e-14
5.13677405175464e-14 2.07618324287037e-14
6.44067485696762e-15 -1.74524200757655e-14
6.96906085840393e-14 -3.50814611098751e-15
-7.79003937170179e-14 4.93840490791974e-14
1.96641361583942e-13 6.74617194037904e-14
-1.15542931729764e-14 8.18590065399816e-14
-1.65926850551516e-13 8.10618682706002e-14
6.63786918824926e-14 -1.48164571713308e-14
-4.00341252985152e-14 -1.76169018343141e-14
-2.22715825235174e-14 -3.20826204662172e-14
1.29976969281257e-14 3.76216919727886e-14
2.78334631424409e-14 -4.3397058273404e-16
3.08639791241359e-14 -1.33579677933678e-14
-6.47681691101845e-14 -1.76127912713142e-14
1.63878310203169e-13 8.31089828361738e-14
1.24241453842433e-14 7.98485948945159e-14
-2.00409098579731e-13 7.36776694706629e-14
5.29490411907387e-14 -1.95953738892543e-14
-6.49080259998657e-14 1.70909159344024e-15
-3.21120393019486e-15 -2.3029060822376e-14
-3.97387419872332e-14 2.29190845522283e-14
1.4324840462992e-14 1.84718944995556e-15
-3.71363875070227e-14 1.09954740795366e-14
1.66696380651014e-15 -1.11933184132404e-14
-2.96748952886866e-14 1.70209058998567e-14
-1.08559162340034e-15 -7.43998824743814e-15
-2.76145830199634e-14 1.3384825993055e-14
-1.78741216198269e-15 -1.95376362435539e-14
-2.11727202678562e-14 1.99207940773845e-14
6.94640452323826e-15 -2.03023878749814e-14
-1.07639493593837e-14 6.67065071817951e-15
-1.01087753660467e-14 -1.293161182667e-14
-5.04852234782421e-15 1.43788266099276e-14
-1.40878845791921e-14 -1.226621358535e-14
-1.04511794518569e-14 9.08604849577468e-15
-6.08841524228755e-15 -9.41031177834643e-15
-7.49008131527564e-15 1.69144436267125e-14
9.19449078519347e-16 -1.30303158827895e-14
-8.43227806886612e-15 1.04521850175684e-14
-3.53739277801495e-15 -9.79338296937022e-15
-2.60612467651425e-15 1.02920723345178e-14
8.96704097382833e-15 -2.54766888544586e-14
2.32292385266932e-15 1.02211219574035e-14
-1.03364472574641e-14 -5.84784576955589e-15
5.21036345879019e-15 9.10862383726901e-15
-1.06734649335934e-14 -1.64748786299755e-14
1.96416761803051e-15 6.71164122895574e-15
-9.92515948966442e-15 1.5926681512675e-15
-7.94487344227146e-16 4.10146655683409e-15
-5.43823396549545e-16 -1.3746560225245e-14
4.04052108363654e-16 7.6830153287148e-15
-1.51768902917436e-14 -1.40913509229654e-14
2.82633718968812e-16 7.45664463021292e-15
-4.76290822490853e-15 -2.87788958761229e-15
6.76761370503892e-15 2.9284379955353e-15
-4.20667082302284e-15 -6.05030450254766e-15
7.82027010277451e-15 -8.15909867082392e-16
1.90200981333928e-14 5.6126379349511e-14
7.50811894480973e-15 -6.21222952122656e-16
-1.74295678292089e-15 1.30573165977117e-14
8.65618849139316e-15 -3.57251223483716e-16
-1.91568617295917e-14 6.66278155380871e-15
-8.24088240516537e-16 -2.58166658990209e-15
-1.57910891778178e-14 4.80788062096329e-15
-2.20015936694334e-16 -2.66135855005877e-15
-1.56648422666565e-14 3.01148074493765e-15
1.51892422315773e-15 -3.19970878990511e-15
-1.01563002693521e-13 -6.4456721477403e-14
8.40907882669873e-15 -4.61236648106158e-16
-2.56172327933109e-15 6.7832812588979e-15
5.93848324156268e-15 -5.2672847657686e-15
-2.49100744183615e-15 8.63195190766469e-15
-4.60751734684707e-16 -1.02688940041827e-14
-5.1017402659749e-15 2.79769854278416e-14
-5.96200470694082e-15 -9.61773003881686e-15
-5.32209269136263e-15 1.72561481046969e-14
-1.39916920738992e-14 -6.40202223771129e-15
-1.14501775494773e-14 8.28411011061693e-16
-2.47323823856388e-14 -5.18921851009386e-15
-9.05660388730933e-15 -4.27462064401204e-14
2.74752698342486e-14 -5.51627859534491e-15
-2.93794744698032e-15 4.36429935072077e-15
3.00337671976602e-15 -1.17790016566562e-14
3.72642123161432e-15 3.05631771743002e-14
-1.66879138433506e-14 -1.52181454995132e-14
5.61752128173433e-15 -7.31402531498871e-15
4.60713946873974e-15 -1.48813417279519e-14
-5.43234955790166e-15 1.10648474461838e-14
-2.16268423828378e-14 -5.41164198712917e-15
-8.08194491401912e-16 -5.32431919083815e-14
3.50656776406134e-14 -9.49938793673477e-15
-5.49720124152225e-15 2.06494464478353e-14
4.94237211963096e-15 -1.19192971061925e-15
1.2932058795966e-14 8.25762674707821e-15
-1.08498875134609e-14 -1.522635627516e-14
-1.09752069465978e-14 5.85841485480847e-15
1.37100661720633e-14 -1.08252984484444e-14
-7.84737003810151e-15 9.43479040861734e-15
1.16399748170236e-14 -7.11610161297543e-15
-1.47312831944798e-14 5.49089046989118e-15
8.26313127981202e-15 -8.42050210821329e-15
1.14737264264719e-14 1.68454139942659e-14
-7.60262766438769e-17 -4.7624476958072e-15
8.28042799641132e-15 4.26354481472633e-15
-4.34833383954084e-15 -9.08362999058915e-15
4.51118974337657e-15 1.02640808800732e-14
-7.24707215169027e-15 7.81100898348032e-16
5.57436519130055e-15 6.99363936735022e-16
-5.3427839737977e-15 -3.30714104180365e-15
3.47916094172156e-15 -2.27529334118285e-15
-2.79890053418131e-15 -6.65988452867827e-15
-9.87019217682214e-16 3.4718300463546e-15
9.02321738547281e-17 -4.31838987396262e-15
7.01969237098958e-15 1.80383244771292e-15
9.67067210187368e-16 -2.72467690568614e-15
1.21947968167742e-14 5.48382957250348e-15
-2.36319054455002e-15 -2.90882540085509e-15
4.7407576972238e-15 5.76199791449308e-15
-9.26073189122358e-15 2.59186201206684e-16
7.28098488918044e-16 -1.73469370920396e-15
-5.62966274232583e-15 -1.19703883060204e-15
2.56427583964451e-14 -1.12755672810391e-13
-3.54410886545041e-15 -7.65751764725087e-17
3.62192165360246e-15 1.69751326026778e-15
1.08159024034093e-15 3.79482998939916e-15
8.03025037084373e-15 3.92956466463695e-15
-2.17918145076719e-15 1.40548918164422e-15
1.72127389425314e-14 -3.2344898927538e-15
-5.20070727977895e-15 1.99123086037038e-15
5.30344933315887e-15 4.36851491470989e-15
-4.72437945953209e-15 2.12828344561764e-15
4.44210621563997e-14 -1.0144532141169e-14
-4.9360508072665e-15 6.87176991213909e-15
4.50702579054736e-15 -7.42052597914259e-15
-4.19012511788903e-15 1.81065101904936e-16
1.35575475872791e-15 -1.11027042339871e-14
9.84756187690709e-16 7.02644841569295e-15
-6.29973523230319e-15 7.56946782965512e-15
-3.37857098419595e-16 4.4668024090523e-15
-9.59672417705589e-15 9.97153677629934e-15
1.99378954209244e-15 6.29808489794641e-15
9.28598784604023e-15 3.14943642179921e-15
-5.56718368241962e-15 1.01536307735386e-14
4.10460420494198e-15 -1.19867022836233e-14
-1.64050916508382e-15 7.11965352676893e-15
-1.8157195149686e-15 -1.73137492182884e-14
1.79781062857249e-15 7.70129228767852e-15
1.64605294799203e-14 -2.7081271373521e-14
1.11289336852608e-14 4.35651538889209e-15
8.30445343327008e-17 -1.47792407347874e-15
9.86067942254744e-15 4.90341123935333e-15
-3.31011459704728e-15 -5.6270734019136e-15
-1.14199620195059e-15 5.93239224936068e-15
-4.33790470943127e-14 7.67770075217584e-14
6.20879255063445e-15 4.23663131944659e-15
5.01155858522901e-15 -2.83056789237918e-14
2.89442969904937e-15 2.1687251995448e-15
-1.36074814935668e-15 -1.81517375840927e-14
2.43926348284068e-14 6.08642544651675e-16
8.15443857551138e-16 1.77544480374989e-14
-9.13623325499852e-15 2.52901912261806e-16
9.51057852915436e-15 -1.74487962611196e-14
-1.29560959911088e-15 -3.09228040749667e-15
-1.47319585131176e-14 4.3367815796671e-14
-6.9088359315784e-16 -3.13030542162219e-15
-9.31775079513884e-15 -9.8331758084537e-15
1.42560661681046e-14 -5.24335644807126e-15
-1.03192241429433e-14 8.32167693097708e-16
1.74494986281075e-14 2.82936280258174e-15
-4.51512935415606e-15 3.41650917304863e-14
-1.47709605668534e-15 1.46715535782092e-15
-2.38940237139798e-14 6.90044079922933e-15
-2.11482361790808e-15 1.39526304971736e-15
-1.06378163821252e-14 -4.36953990929847e-16
-8.59134991018276e-15 -1.72757460438026e-15
-3.18427445825273e-15 -1.52454784762486e-15
9.10902405818668e-15 -9.13165331325812e-18
-9.8373431371057e-15 -2.21955043122025e-15
1.02006957299249e-14 3.59250319760841e-16
1.12649014202031e-14 7.04243356484583e-15
1.26311326891658e-14 -4.82103913035233e-15
-3.7576609625207e-15 6.38006125867266e-15
6.67301154306504e-15 -2.12987068887036e-15
-4.66608914169562e-15 4.17983602425408e-15
1.03010819386492e-16 -6.32999990328137e-15
-2.14640441708994e-14 6.78008784772858e-14
1.10068942342563e-15 -3.89724043569637e-15
9.23348550589179e-16 1.38023951397047e-15
4.48566312001444e-15 -5.09898056221655e-15
8.58122632748151e-15 -1.94190561986048e-15
2.94388802494255e-15 -5.85377969655714e-15
2.48359560136144e-15 3.53422802541392e-15
7.43385673004234e-15 -5.5106422932042e-15
-2.82260231679157e-15 -2.8324181420228e-15
1.89553958720946e-15 -7.76124679848269e-15
3.71813168768742e-15 -1.28323943631474e-15
-7.15756809239347e-16 -5.51599620980385e-15
-1.38709778385836e-15 2.9545680339969e-15
-1.91067666160096e-15 -4.12138325749218e-15
-7.24589285975519e-15 5.53093240078743e-15
-1.79752439342028e-15 -7.13110369589793e-15
-1.27642642291309e-14 -5.38560836685338e-15
4.09959583087077e-16 -3.50655435243138e-15
2.5931015790575e-14 4.40337511524803e-15
4.8412335945098e-15 -5.43610842593712e-15
-1.45244944625221e-15 4.15177597462466e-15
-1.56283839333918e-16 -3.99333628531919e-15
4.59307817258116e-15 1.57427899254941e-14
-8.12429533749729e-15 -6.87477402940657e-15
4.68430644284732e-15 3.88247646054598e-15
-4.43261647105835e-15 -4.75833617969369e-15
5.97353903873669e-15 7.99285353804897e-15
-5.85731097932482e-15 -5.49707793034019e-15
1.4888405491496e-15 -3.53431677744857e-15
-4.39329938693617e-15 -5.83052141701722e-15
5.30033275160345e-15 6.95187618857113e-15
-2.33862504147846e-15 1.41694154709664e-15
4.27259566300337e-15 -5.45632934667664e-16
-7.91427312907384e-17 -3.47944310739315e-15
1.05372275208716e-14 2.48115896258808e-15
-5.29305543967807e-15 -2.97941000380497e-15
-7.87131265840842e-16 -6.83630539203641e-16
-1.69587495590804e-14 2.89947766423931e-15
8.2609716659972e-15 7.3224404192161e-15
-1.35078306201964e-14 -2.45676823151305e-15
2.15522364840238e-15 -9.45595317065295e-16
-1.28684239662467e-14 -2.93024220649233e-15
3.61705869371209e-14 -1.40632986046558e-14
3.39134727186546e-15 -7.75102834179134e-15
-2.2823826913236e-15 -7.20659957196659e-15
-7.43235011143584e-15 7.82515065880826e-15
8.49491911136475e-16 7.80215227883482e-15
-1.77213315001088e-14 1.07915185828511e-14
-8.322471345101e-16 -4.87944582479512e-14
-4.99356803990223e-16 1.37005887444351e-14
2.43617900951015e-14 1.92627003308252e-14
-3.99937511787117e-16 4.49322341308656e-16
1.56359654793876e-14 -2.86026844185402e-14
9.71359859243795e-15 -4.67740385831772e-15
3.30951433771392e-15 -4.90012365458146e-15
-1.03473791745783e-14 2.51158465811632e-15
6.91212714875697e-15 -2.39943911563173e-15
-7.76665112034329e-15 1.69928186799344e-14
-1.98926067878605e-15 -5.35260927526041e-14
3.42311562829393e-15 1.8198935553132e-14
1.36768725640415e-14 -6.25781206037693e-15
1.49528375140054e-14 4.90308184367054e-15
1.77970546147403e-14 -1.33600760189035e-14
1.15979519305969e-14 1.38097695169664e-15
2.66031944489417e-14 2.41514963771128e-14
-3.85933699422587e-15 3.64337216674853e-15
-4.89563102774933e-15 1.38821427728327e-15
-4.1453184940231e-15 1.3738417680932e-14
1.57728879895267e-15 -7.52708551249628e-15
-3.68411324743369e-16 7.85107274258168e-15
-2.9928417959907e-15 -1.15203485252067e-14
5.85281542307967e-15 3.90861263512361e-15
4.30015813869062e-15 -2.39795089077064e-15
1.18636290391506e-14 1.07895825392816e-14
-5.96848060159206e-14 -2.2374375661147e-14
8.60791675960912e-15 7.42507267751008e-15
-2.40690232757519e-15 -3.22200880694079e-15
1.08683672600646e-14 7.93788659031156e-15
1.20606800199174e-14 -7.36987514322209e-15
3.20585106796838e-15 1.13481903792059e-15
5.98710077506792e-15 -6.26299024166309e-15
6.15073681435725e-15 7.55456776131019e-15
-1.3982813976759e-14 -8.5291731716494e-15
4.17817024416791e-15 5.98492614416434e-15
-7.94174366540231e-16 -1.00940220273716e-14
8.36618137776451e-15 5.22176116210816e-15
-5.73850563994061e-15 -6.86554315292445e-16
1.24985525568176e-14 -5.19134420927082e-18
-1.10859766812971e-14 5.7818176257201e-15
1.30922524325679e-14 4.67177520087397e-15
9.19925049353554e-16 -1.08342759420071e-15
1.2287132618036e-14 3.18260056867369e-15
-8.11138433508574e-15 5.54294377525671e-15
6.99249023844877e-15 -1.44501797933668e-15
-1.01390277593414e-14 5.49157734923115e-16
1.32159681744412e-14 -1.10740410267682e-15
-1.47443540157186e-14 -2.26305930493984e-15
1.53615965375691e-14 -3.98078957029803e-16
-1.09049796080953e-14 -4.23964600900853e-15
1.59897164956043e-14 -3.02062409073879e-15
-5.81815688853561e-15 5.35090452489812e-15
1.64273826099981e-14 -1.14012644433957e-15
2.81010602124476e-15 3.55268437803819e-15
1.33458667676471e-14 -2.37947655180879e-15
3.31017648934719e-15 6.45785242549869e-15
1.32711686463224e-14 -5.44316064177504e-15
-1.77751137752077e-14 1.10383790567174e-14
1.48951150447824e-14 1.03818581242782e-15
2.91368747923611e-15 5.89162123821829e-16
1.2411555640544e-14 -7.09229259558993e-15
-7.9192402669346e-15 1.71017818562393e-15
1.92882854585611e-14 -6.96001750778827e-15
2.151328092029e-15 8.9192803879774e-15
2.33749710351855e-14 -9.26294879941825e-15
-4.22917989983886e-15 1.06995466157623e-14
2.14442616465341e-14 -6.06184492105735e-15
-3.27243629753608e-15 1.01668223374221e-14
-1.16445943718713e-15 -1.80982953598722e-16
1.1627180157902e-14 5.61221619773081e-15
1.54086101973231e-14 -9.96149907586265e-15
9.88509364702776e-15 2.53370474569509e-15
5.16546788756148e-14 -1.84806530421571e-15
7.06273135600085e-15 6.89253450927092e-14
-3.00249310161171e-14 -9.41678875343274e-15
6.41491740717522e-15 1.00056728007964e-14
5.81458213674217e-15 -3.98856551744118e-15
-1.16116460441048e-16 1.89000745986682e-14
-1.71896294628376e-14 -6.73197293622705e-15
-3.51299479499557e-15 -7.84847489078846e-14
9.05472397486245e-16 -9.07715041290652e-15
2.96246110344336e-15 1.40240731576968e-14
2.97283308435183e-14 -6.11354756785432e-15
1.17931606258516e-14 7.1750565422737e-14
-4.4103122390314e-14 -6.53296092315381e-15
1.14033327774352e-14 1.66527027304389e-14
-2.53117327502081e-14 -4.51518943257553e-15
3.0123833129923e-14 1.40930528737843e-14
-1.51030339196609e-14 -1.81332933869709e-15
-1.58987882589751e-14 -7.50381682971953e-14
-1.70641209772415e-14 -1.98188801564007e-15
2.35156109811957e-14 -9.20716971283876e-15
-1.30883558375791e-14 -2.653914007418e-15
1.88953518929125e-14 1.45843716975421e-15
-9.05238552969921e-15 1.37220392660933e-15
1.04707844870075e-14 2.1614155207411e-14
-1.42679564699247e-14 4.38308408730906e-16
2.24813838939284e-14 -3.228546064319e-15
-1.42230673151036e-14 3.05735459459774e-15
2.56522884558968e-14 -1.11936706102594e-15
-1.78191743378857e-14 1.72849035807094e-15
2.33991276317926e-14 -8.88042707875814e-16
-9.75062327288879e-15 4.83292679899783e-15
1.37102135423292e-14 1.3622417961886e-15
-8.60631554372103e-15 6.1218781368872e-15
4.77277124434311e-14 -2.11521446934332e-14
-3.87778721045487e-15 1.32754269200265e-14
2.77965205182341e-14 -1.34221229423225e-14
-1.11479245488541e-14 1.04633247092024e-14
1.76529567708185e-14 -8.83015043767033e-15
-9.91605880585508e-15 1.72509640565012e-14
1.05560718539098e-15 -6.27064332290251e-14
-6.43299643658493e-15 1.6275334327483e-14
1.16659205445552e-14 -2.104518249473e-14
-5.10181108161027e-15 2.25589489379951e-14
2.30556490335631e-14 -2.77205083707228e-14
1.01110240023182e-15 1.77003527609246e-14
8.22424173259755e-15 -2.05080797129171e-14
3.92342323522871e-15 2.34179189320374e-14
1.08946194534771e-14 -2.06765434688795e-14
4.85440456002284e-15 2.19551177757935e-14
7.85789619015416e-15 -4.15561935191674e-14
7.30201770395399e-15 3.22768941331064e-14
2.86267551827547e-14 -2.9959071050141e-14
7.99489313009961e-15 2.43220494076651e-14
1.19391895908557e-14 -2.81040244311117e-14
1.36237842839761e-14 3.24791920139445e-14
7.57464825324341e-15 -2.54226093526443e-14
2.58420987164273e-14 3.23371151417964e-14
-1.69309055723305e-14 -3.90920755758399e-14
3.4701547546201e-14 3.91748517195423e-14
7.65473110143497e-16 -3.20681806767407e-14
3.73206593743067e-14 3.0470873732641e-14
-4.63216590674289e-15 -2.93370555210296e-14
4.62405017809004e-14 4.52592212266371e-14
-1.51396363605893e-15 -2.38545015569181e-14
5.27310171307292e-14 2.54869450205068e-14
-3.84903037077917e-14 -5.20783683042751e-14
7.21480494409565e-14 5.41234453844715e-14
2.77349815462744e-15 -5.3431311383967e-14
9.57409662252468e-14 2.02554551350587e-14
-5.63933450223409e-14 -5.59239990947864e-14
1.45964257614973e-13 6.45168192582846e-14
1.79510682431835e-15 -1.70236005027452e-14
2.23880183246895e-13 -9.01292390626612e-15
-1.85755703347935e-13 -3.62373768132389e-14
5.9577111141594e-13 2.10087559274443e-13
-2.75558285773068e-14 2.48444461203225e-13
-4.97849702269211e-13 2.43129068548676e-13
1.73434933924094e-13 -3.78244293343062e-14
-1.09253226208394e-13 -4.66575332750006e-14
-6.34755769505997e-14 -6.76804340942601e-14
1.79010369996371e-14 1.18070351973595e-13
4.35674574409524e-14 -3.06255733348261e-14
1.06869602119109e-13 -4.70001101506083e-14
-2.04817043334128e-13 -3.93708514834254e-14
4.9666896070694e-13 2.43962814951912e-13
2.67806547422521e-14 2.50802015937598e-13
-5.95983124602771e-13 2.10641819641123e-13
1.84903906332394e-13 -5.40382395629283e-14
-2.12684246273794e-13 -7.29453349097161e-15
1.20413248887772e-14 -3.0098274184932e-14
-1.26284216646566e-13 6.19291676572643e-14
4.91659030965473e-14 -3.02620370482695e-14
-1.02393220461178e-13 1.90953468889473e-14
7.37158592889351e-15 -3.65233581296699e-14
-8.17041053694783e-14 4.96264167695981e-14
1.90599237653528e-14 -3.74120229120651e-14
-5.97964496938905e-14 2.49770811958699e-14
-1.11003611570034e-14 -4.71966908543401e-14
-4.92683236279903e-14 4.28798664072647e-14
9.72953168638745e-15 -2.62181770339021e-14
-3.49964985214289e-14 2.31857328930385e-14
-1.32707439102367e-14 -3.51118989493591e-14
-2.89687081953921e-14 3.35193777816317e-14
-4.99801265714809e-14 -1.49088964636236e-14
-2.55780690702663e-14 2.15128554756591e-14
-2.27890093135978e-14 -1.48548225326931e-14
-2.29531879155604e-14 3.08104756928004e-14
-9.63117341166014e-15 -2.58745472838576e-14
-2.34477946961193e-14 1.97968511447904e-14
-2.3458334583343e-14 -3.0058809194042e-14
-8.33829254854021e-15 2.25580022387782e-14
-2.06198551331006e-14 -1.85354130802747e-14
-7.85883060234555e-15 1.74008225611487e-14
2.19519155695032e-14 -6.69453132661164e-14
-3.0169682747892e-15 1.76386375912792e-14
-1.95859054381036e-14 -1.17259134670962e-14
-4.81086778362516e-15 1.4546883416068e-14
-2.17958429043437e-14 -6.66027818629267e-15
-3.01424060907311e-15 1.46146196510004e-14
-3.05125287510086e-14 6.78898867460503e-15
-4.49384921909486e-15 1.10461737663295e-14
-2.72453807146887e-14 -1.52102282934932e-14
-7.99535386999334e-17 1.03116791917285e-14
-2.10675202227083e-14 -1.83711081577227e-14
-8.79087554704309e-16 5.04134585873082e-15
-2.01955450690811e-14 -1.12415729191621e-14
5.70691383315047e-15 8.62155248693996e-15
-3.13399962475093e-14 1.04513711953166e-14
-9.34144075196991e-17 -1.57353432391977e-15
-2.45508767142395e-14 -1.18501382903436e-14
1.36008464534761e-15 3.11183418179647e-15
-2.09518457233922e-14 -1.20489662272785e-15
-7.77743240657679e-15 2.55853255075209e-15
-2.50617505200482e-14 5.35359150824583e-15
-2.13014888106561e-15 -1.18506989569584e-15
-1.18013250418099e-14 4.15437556731755e-14
2.19706879906421e-16 -1.92914751843221e-15
-2.15368968315452e-14 -1.13176833155286e-14
2.77765641078068e-15 -2.59725866394373e-15
-1.93973041211373e-14 -3.42322936193933e-16
-2.82759394817144e-15 9.22256708962071e-16
-9.30824875831519e-15 1.3201552841868e-14
-3.50418216846966e-15 -7.43611514521787e-15
1.90413573732941e-15 1.38522187484886e-14
-1.56195531478537e-14 -6.17079299718169e-15
-1.21227570782935e-14 -2.16072812973804e-14
-1.76291479900196e-14 -1.89034838579276e-15
-7.81102194059527e-15 -7.84595397221376e-15
-3.23238948147025e-14 -1.02042313468974e-14
-2.50882812872043e-14 -4.03357644742804e-14
2.76516368053817e-14 -4.57943731403083e-15
-1.04048803648172e-14 9.52899494347355e-15
2.48932411118876e-15 -1.31843819372576e-14
-4.69184816214398e-16 2.36102547465613e-14
-2.17938597557857e-14 -1.66929153712449e-14
-1.16010873164045e-14 3.61312616312333e-15
-9.05501922568859e-16 -1.34838637106108e-14
-1.46256279141346e-14 4.91331410045257e-15
-2.4581416375495e-14 -6.49000106432381e-15
-2.44095141004723e-14 -4.27425108153993e-14
3.54102240893272e-14 -1.31834764489304e-14
-1.07001042292435e-14 1.56594515617553e-14
4.30688446069968e-15 -5.52073601339755e-15
1.58400493536353e-15 5.58726144038403e-15
-1.10603262569538e-14 -1.35982902997421e-14
-7.77810399899478e-15 7.10201656919271e-15
1.24614276133726e-14 -1.43640241278229e-14
6.13991293749275e-15 -4.23695570052194e-14
9.16267750586523e-16 -5.96527969494388e-15
-8.73847737989371e-15 3.3852513840556e-16
5.49876192809408e-15 -7.51252724925905e-15
-2.59486766963189e-15 1.1082782292759e-14
-7.95039827335055e-15 -4.85815034687145e-15
-5.71497338074181e-15 1.79827799159971e-14
-2.44868511059566e-15 -8.44483208788241e-15
2.72041000434719e-15 8.74286707660831e-15
-7.56112581235116e-15 -6.21039141184422e-15
9.10564808560745e-14 1.60622296815635e-16
-7.48408367064854e-15 -5.75722961104218e-15
2.99194147429512e-15 2.46917839380443e-15
-7.28082169120143e-15 -5.92358440658177e-15
8.08291204123256e-16 6.58634262150801e-15
4.01981729345499e-15 -2.26108090313e-15
2.6207287204743e-15 -2.17423282908624e-15
-6.09174241567933e-15 -1.01720852327239e-15
-4.98826135550955e-15 3.27445086596518e-15
-6.70445916574875e-15 -1.64049559783918e-15
-9.76017035016272e-16 5.25827661655783e-17
-1.07845382511126e-14 -3.40782863753303e-15
2.80627864333383e-15 3.07264141555103e-15
-6.00922410136045e-15 -1.79909878845186e-15
3.09674118437491e-15 3.10222739639928e-15
-6.05574173209759e-15 -3.77768555841151e-15
-3.81389421934741e-15 -7.30737033374724e-15
-6.84545797741056e-15 -3.11020601679481e-15
-2.89059509871666e-15 -4.12886968490562e-16
-8.3476424560014e-15 2.39782116468051e-15
6.14041289519434e-15 -9.22265541571228e-16
-1.07532411929717e-14 8.44922145788497e-16
8.93959676759905e-14 3.8801848001747e-14
-9.3511780535181e-15 2.65567680159014e-15
-6.8605793068654e-15 -1.58294045100494e-14
-1.17902062463686e-14 3.01788223075803e-16
4.89301245763211e-15 -8.97062632933098e-15
-5.29865475153403e-15 -6.3470382060709e-16
2.38821377488222e-15 2.81221255757959e-15
-6.50734241868289e-16 2.60465669088224e-16
2.20047223200336e-15 -6.39706254460058e-15
-3.80844008834056e-15 1.5321254445399e-15
-5.42496693944535e-14 -5.61321170578262e-14
-1.56453451415571e-15 2.63403889001036e-15
-4.0217917938013e-15 -1.03691155249075e-14
-1.28879882088524e-14 7.27307875894062e-15
-1.6326204491252e-15 6.19351837410851e-15
-5.97523635077175e-15 2.83420766247223e-15
-7.1612253251215e-15 -1.61914148426801e-14
-3.43100832927614e-15 3.52639811246457e-15
1.02989743876244e-14 -1.45144014632095e-14
2.43743281825819e-15 -2.42320814828824e-15
-3.61215540237137e-15 2.67012150185853e-15
2.82784982506417e-15 1.02434250290857e-14
1.44273811250784e-14 6.1963036983979e-15
7.28950665018858e-15 -4.42274325427034e-15
-3.20854555809704e-15 3.30114160638447e-14
-1.69634156007807e-14 -8.59653769629647e-15
-1.28923217511031e-14 -6.96293774096735e-15
-1.91251074241856e-15 1.33789051537314e-14
7.59346371795144e-15 -1.04927963156012e-16
1.49345261570008e-14 -5.86837175108468e-15
-1.72824766306515e-15 1.51735396631844e-14
-1.73815611198437e-14 1.13189103679766e-14
4.00959618808295e-14 -3.58352364173451e-14
7.22772631921639e-15 -9.31265028485977e-15
-8.3855029653318e-15 3.97411460815954e-14
-2.14420700037763e-14 -1.07850862934763e-14
-2.35917428963609e-14 -2.44672113033055e-15
5.74332496821805e-15 7.35733247974531e-15
-5.04160708225232e-15 -1.20889514637845e-14
9.08720342469236e-15 -6.68887382381489e-16
6.05589807383022e-16 9.2234519820519e-15
-1.2414504780069e-14 1.14091556470215e-15
-3.95839321443409e-14 6.98098238878877e-14
-9.72686920364554e-15 3.99756355958997e-15
-8.29242420577281e-15 -1.56192458853493e-15
-1.54853314184766e-14 5.52618314226321e-15
7.5616511738809e-15 -1.39703848222346e-14
-3.70058616716346e-15 -1.9456273926832e-15
7.76442734377051e-15 6.14083872553973e-17
4.49116162243524e-16 2.98858782647818e-15
-9.89793830805657e-15 -7.27383617845419e-15
2.08000219104324e-15 8.51700860010177e-16
-1.07954064639628e-15 6.94537810671182e-15
-5.11482962276578e-15 -1.48054492789171e-15
-3.79115324772761e-15 7.57365634690588e-15
-8.27550317251211e-15 -8.65233278957517e-16
-3.09074463394631e-16 7.658115192645e-16
-6.47786324190564e-15 1.76487343757268e-15
-1.84065506358275e-14 -1.57287913197163e-15
-4.56393271432566e-15 2.9594895193757e-15
-2.66556201359348e-15 -5.14017804674878e-15
5.26241166967457e-16 -2.2659342854811e-16
-1.64753365065964e-14 -4.23851223970265e-15
-2.63517768209689e-15 -7.12971082068121e-16
-9.88098491916389e-14 -0
1.68309047211036e-16 -2.87838034210906e-15
-1.33238013439277e-14 3.8615735330597e-15
-2.82005693063719e-15 1.60823100704238e-15
-6.05666134240988e-15 3.02333706512864e-15
-9.0345822705506e-15 0
-6.05666134240988e-15 -3.02333706512864e-15
-2.82005693063719e-15 -1.60823100704238e-15
-1.33238013439277e-14 -3.8615735330597e-15
1.68309047211036e-16 2.87838034210906e-15
-9.88098491916389e-14 0
-2.63517768209689e-15 7.12971082068121e-16
-1.64753365065964e-14 4.23851223970265e-15
5.26241166967457e-16 2.2659342854811e-16
-2.66556201359348e-15 5.14017804674878e-15
-4.56393271432566e-15 -2.9594895193757e-15
-1.84065506358275e-14 1.57287913197163e-15
-6.47786324190564e-15 -1.76487343757268e-15
-3.09074463394631e-16 -7.658115192645e-16
-8.27550317251211e-15 8.65233278957517e-16
-3.79115324772761e-15 -7.57365634690588e-15
-5.11482962276578e-15 1.48054492789171e-15
-1.07954064639628e-15 -6.94537810671182e-15
2.08000219104324e-15 -8.51700860010177e-16
-9.89793830805657e-15 7.27383617845419e-15
4.49116162243524e-16 -2.98858782647818e-15
7.76442734377051e-15 -6.14083872553973e-17
-3.70058616716346e-15 1.9456273926832e-15
7.5616511738809e-15 1.39703848222346e-14
-1.54853314184766e-14 -5.52618314226321e-15
-8.29242420577281e-15 1.56192458853493e-15
-9.72686920364554e-15 -3.99756355958997e-15
-3.95839321443409e-14 -6.98098238878877e-14
-1.2414504780069e-14 -1.14091556470215e-15
6.05589807383022e-16 -9.2234519820519e-15
9.08720342469236e-15 6.68887382381489e-16
-5.04160708225232e-15 1.20889514637845e-14
5.74332496821805e-15 -7.35733247974531e-15
-2.35917428963609e-14 2.44672113033055e-15
-2.14420700037763e-14 1.07850862934763e-14
-8.3855029653318e-15 -3.97411460815954e-14
7.22772631921639e-15 9.31265028485977e-15
4.00959618808295e-14 3.58352364173451e-14
-1.73815611198437e-14 -1.13189103679766e-14
-1.72824766306515e-15 -1.51735396631844e-14
1.49345261570008e-14 5.86837175108468e-15
7.59346371795144e-15 1.04927963156012e-16
-1.91251074241856e-15 -1.33789051537314e-14
-1.28923217511031e-14 6.96293774096735e-15
-1.69634156007807e-14 8.59653769629647e-15
-3.20854555809704e-15 -3.30114160638447e-14
7.28950665018858e-15 4.42274325427034e-15
1.44273811250784e-14 -6.1963036983979e-15
2.82784982506417e-15 -1.02434250290857e-14
-3.61215540237137e-15 -2.67012150185853e-15
2.43743281825819e-15 2.42320814828824e-15
1.02989743876244e-14 1.45144014632095e-14
-3.43100832927614e-15 -3.52639811246457e-15
-7.1612253251215e-15 1.61914148426801e-14
-5.97523635077175e-15 -2.83420766247223e-15
-1.6326204491252e-15 -6.19351837410851e-15
-1.28879882088524e-14 -7.27307875894062e-15
-4.0217917938013e-15 1.03691155249075e-14
-1.56453451415571e-15 -2.63403889001036e-15
-5.42496693944535e-14 5.61321170578262e-14
-3.80844008834056e-15 -1.5321254445399e-15
2.20047223200336e-15 6.39706254460058e-15
-6.50734241868289e-16 -2.60465669088224e-16
2.38821377488222e-15 -2.81221255757959e-15
-5.29865475153403e-15 6.3470382060709e-16
4.89301245763211e-15 8.97062632933098e-15
-1.17902062463686e-14 -3.01788223075803e-16
-6.8605793068654e-15 1.58294045100494e-14
-9.3511780535181e-15 -2.65567680159014e-15
8.93959676759905e-14 -3.8801848001747e-14
-1.07532411929717e-14 -8.44922145788497e-16
6.14041289519434e-15 9.22265541571228e-16
-8.3476424560014e-15 -2.39782116468051e-15
-2.89059509871666e-15 4.12886968490562e-16
-6.84545797741056e-15 3.11020601679481e-15
-3.81389421934741e-15 7.30737033374724e-15
-6.05574173209759e-15 3.77768555841151e-15
3.09674118437491e-15 -3.10222739639928e-15
-6.00922410136045e-15 1.79909878845186e-15
2.80627864333383e-15 -3.07264141555103e-15
-1.07845382511126e-14 3.40782863753303e-15
-9.76017035016272e-16 -5.25827661655783e-17
-6.70445916574875e-15 1.64049559783918e-15
-4.98826135550955e-15 -3.27445086596518e-15
-6.09174241567933e-15 1.01720852327239e-15
2.6207287204743e-15 2.17423282908624e-15
4.01981729345499e-15 2.26108090313e-15
8.08291204123256e-16 -6.58634262150801e-15
-7.28082169120143e-15 5.92358440658177e-15
2.99194147429512e-15 -2.46917839380443e-15
-7.48408367064854e-15 5.75722961104218e-15
9.10564808560745e-14 -1.60622296815635e-16
-7.56112581235116e-15 6.21039141184422e-15
2.72041000434719e-15 -8.74286707660831e-15
-2.44868511059566e-15 8.44483208788241e-15
-5.71497338074181e-15 -1.79827799159971e-14
-7.95039827335055e-15 4.85815034687145e-15
-2.59486766963189e-15 -1.1082782292759e-14
5.49876192809408e-15 7.51252724925905e-15
-8.73847737989371e-15 -3.3852513840556e-16
9.16267750586523e-16 5.96527969494388e-15
6.13991293749275e-15 4.23695570052194e-14
1.24614276133726e-14 1.43640241278229e-14
-7.77810399899478e-15 -7.10201656919271e-15
-1.10603262569538e-14 1.35982902997421e-14
1.58400493536353e-15 -5.58726144038403e-15
4.30688446069968e-15 5.52073601339755e-15
-1.07001042292435e-14 -1.56594515617553e-14
3.54102240893272e-14 1.31834764489304e-14
-2.44095141004723e-14 4.27425108153993e-14
-2.4581416375495e-14 6.49000106432381e-15
-1.46256279141346e-14 -4.91331410045257e-15
-9.05501922568859e-16 1.34838637106108e-14
-1.16010873164045e-14 -3.61312616312333e-15
-2.17938597557857e-14 1.66929153712449e-14
-4.69184816214398e-16 -2.36102547465613e-14
2.48932411118876e-15 1.31843819372576e-14
-1.04048803648172e-14 -9.52899494347355e-15
2.76516368053817e-14 4.57943731403083e-15
-2.50882812872043e-14 4.03357644742804e-14
-3.23238948147025e-14 1.02042313468974e-14
-7.81102194059527e-15 7.84595397221376e-15
-1.76291479900196e-14 1.89034838579276e-15
-1.21227570782935e-14 2.16072812973804e-14
-1.56195531478537e-14 6.17079299718169e-15
1.90413573732941e-15 -1.38522187484886e-14
-3.50418216846966e-15 7.43611514521787e-15
-9.30824875831519e-15 -1.3201552841868e-14
-2.82759394817144e-15 -9.22256708962071e-16
-1.93973041211373e-14 3.42322936193933e-16
2.77765641078068e-15 2.59725866394373e-15
-2.15368968315452e-14 1.13176833155286e-14
2.19706879906421e-16 1.92914751843221e-15
-1.18013250418099e-14 -4.15437556731755e-14
-2.13014888106561e-15 1.18506989569584e-15
-2.50617505200482e-14 -5.35359150824583e-15
-7.77743240657679e-15 -2.55853255075209e-15
-2.09518457233922e-14 1.20489662272785e-15
1.36008464534761e-15 -3.11183418179647e-15
-2.45508767142395e-14 1.18501382903436e-14
-9.34144075196991e-17 1.57353432391977e-15
-3.13399962475093e-14 -1.04513711953166e-14
5.70691383315047e-15 -8.62155248693996e-15
-2.01955450690811e-14 1.12415729191621e-14
-8.79087554704309e-16 -5.04134585873082e-15
-2.10675202227083e-14 1.83711081577227e-14
-7.99535386999334e-17 -1.03116791917285e-14
-2.72453807146887e-14 1.52102282934932e-14
-4.49384921909486e-15 -1.10461737663295e-14
-3.05125287510086e-14 -6.78898867460503e-15
-3.01424060907311e-15 -1.46146196510004e-14
-2.17958429043437e-14 6.66027818629267e-15
-4.81086778362516e-15 -1.4546883416068e-14
-1.95859054381036e-14 1.17259134670962e-14
-3.0169682747892e-15 -1.76386375912792e-14
2.19519155695032e-14 6.69453132661164e-14
-7.85883060234555e-15 -1.74008225611487e-14
-2.06198551331006e-14 1.85354130802747e-14
-8.33829254854021e-15 -2.25580022387782e-14
-2.3458334583343e-14 3.0058809194042e-14
-2.34477946961193e-14 -1.97968511447904e-14
-9.63117341166014e-15 2.58745472838576e-14
-2.29531879155604e-14 -3.08104756928004e-14
-2.27890093135978e-14 1.48548225326931e-14
-2.55780690702663e-14 -2.15128554756591e-14
-4.99801265714809e-14 1.49088964636236e-14
-2.89687081953921e-14 -3.35193777816317e-14
-1.32707439102367e-14 3.51118989493591e-14
-3.49964985214289e-14 -2.31857328930385e-14
9.72953168638745e-15 2.62181770339021e-14
-4.92683236279903e-14 -4.28798664072647e-14
-1.11003611570034e-14 4.71966908543401e-14
-5.97964496938905e-14 -2.49770811958699e-14
1.90599237653528e-14 3.74120229120651e-14
-8.17041053694783e-14 -4.96264167695981e-14
7.37158592889351e-15 3.65233581296699e-14
-1.02393220461178e-13 -1.90953468889473e-14
4.91659030965473e-14 3.02620370482695e-14
-1.26284216646566e-13 -6.19291676572643e-14
1.20413248887772e-14 3.0098274184932e-14
-2.12684246273794e-13 7.29453349097161e-15
1.84903906332394e-13 5.40382395629283e-14
-5.95983124602771e-13 -2.10641819641123e-13
2.67806547422521e-14 -2.50802015937598e-13
4.9666896070694e-13 -2.43962814951912e-13
-2.04817043334128e-13 3.93708514834254e-14
1.06869602119109e-13 4.70001101506083e-14
4.35674574409524e-14 3.06255733348261e-14
1.79010369996371e-14 -1.18070351973595e-13
-6.34755769505997e-14 6.76804340942601e-14
-1.09253226208394e-13 4.66575332750006e-14
1.73434933924094e-13 3.78244293343062e-14
-4.97849702269211e-13 -2.43129068548676e-13
-2.75558285773068e-14 -2.48444461203225e-13
5.9577111141594e-13 -2.10087559274443e-13
-1.85755703347935e-13 3.62373768132389e-14
2.23880183246895e-13 9.01292390626612e-15
1.79510682431835e-15 1.70236005027452e-14
1.45964257614973e-13 -6.45168192582846e-14
-5.63933450223409e-14 5.59239990947864e-14
9.57409662252468e-14 -2.02554551350587e-14
2.77349815462744e-15 5.3431311383967e-14
7.21480494409565e-14 -5.41234453844715e-14
-3.84903037077917e-14 5.20783683042751e-14
5.27310171307292e-14 -2.54869450205068e-14
-1.51396363605893e-15 2.38545015569181e-14
4.62405017809004e-14 -4.52592212266371e-14
-4.63216590674289e-15 2.93370555210296e-14
3.73206593743067e-14 -3.0470873732641e-14
7.65473110143497e-16 3.20681806767407e-14
3.4701547546201e-14 -3.91748517195423e-14
-1.69309055723305e-14 3.90920755758399e-14
2.58420987164273e-14 -3.23371151417964e-14
7.57464825324341e-15 2.54226093526443e-14
1.36237842839761e-14 -3.24791920139445e-14
1.19391895908557e-14 2.81040244311117e-14
7.99489313009961e-15 -2.43220494076651e-14
2.86267551827547e-14 2.9959071050141e-14
7.30201770395399e-15 -3.22768941331064e-14
7.85789619015416e-15 4.15561935191674e-14
4.85440456002284e-15 -2.19551177757935e-14
1.08946194534771e-14 2.06765434688795e-14
3.92342323522871e-15 -2.34179189320374e-14
8.22424173259755e-15 2.05080797129171e-14
1.01110240023182e-15 -1.77003527609246e-14
2.30556490335631e-14 2.77205083707228e-14
-5.10181108161027e-15 -2.25589489379951e-14
1.16659205445552e-14 2.104518249473e-14
-6.43299643658493e-15 -1.6275334327483e-14
1.05560718539098e-15 6.27064332290251e-14
-9.91605880585508e-15 -1.72509640565012e-14
1.76529567708185e-14 8.83015043767033e-15
-1.11479245488541e-14 -1.04633247092024e-14
2.77965205182341e-14 1.34221229423225e-14
-3.87778721045487e-15 -1.32754269200265e-14
4.77277124434311e-14 2.11521446934332e-14
-8.60631554372103e-15 -6.1218781368872e-15
1.37102135423292e-14 -1.3622417961886e-15
-9.75062327288879e-15 -4.83292679899783e-15
2.33991276317926e-14 8.88042707875814e-16
-1.78191743378857e-14 -1.72849035807094e-15
2.56522884558968e-14 1.11936706102594e-15
-1.42230673151036e-14 -3.05735459459774e-15
2.24813838939284e-14 3.228546064319e-15
-1.42679564699247e-14 -4.38308408730906e-16
1.04707844870075e-14 -2.1614155207411e-14
-9.05238552969921e-15 -1.37220392660933e-15
1.88953518929125e-14 -1.45843716975421e-15
-1.30883558375791e-14 2.653914007418e-15
2.35156109811957e-14 9.20716971283876e-15
-1.70641209772415e-14 1.98188801564007e-15
-1.58987882589751e-14 7.50381682971953e-14
-1.51030339196609e-14 1.81332933869709e-15
3.0123833129923e-14 -1.40930528737843e-14
-2.53117327502081e-14 4.51518943257553e-15
1.14033327774352e-14 -1.66527027304389e-14
-4.4103122390314e-14 6.53296092315381e-15
1.17931606258516e-14 -7.1750565422737e-14
2.97283308435183e-14 6.11354756785432e-15
2.96246110344336e-15 -1.40240731576968e-14
9.05472397486245e-16 9.07715041290652e-15
-3.51299479499557e-15 7.84847489078846e-14
-1.71896294628376e-14 6.73197293622705e-15
-1.16116460441048e-16 -1.89000745986682e-14
5.81458213674217e-15 3.98856551744118e-15
6.41491740717522e-15 -1.00056728007964e-14
-3.00249310161171e-14 9.41678875343274e-15
7.06273135600085e-15 -6.89253450927092e-14
5.16546788756148e-14 1.84806530421571e-15
9.88509364702776e-15 -2.53370474569509e-15
1.54086101973231e-14 9.96149907586265e-15
1.1627180157902e-14 -5.61221619773081e-15
-1.16445943718713e-15 1.80982953598722e-16
-3.27243629753608e-15 -1.01668223374221e-14
2.14442616465341e-14 6.06184492105735e-15
-4.22917989983886e-15 -1.06995466157623e-14
2.33749710351855e-14 9.26294879941825e-15
2.151328092029e-15 -8.9192803879774e-15
1.92882854585611e-14 6.96001750778827e-15
-7.9192402669346e-15 -1.71017818562393e-15
1.2411555640544e-14 7.09229259558993e-15
2.91368747923611e-15 -5.89162123821829e-16
1.48951150447824e-14 -1.03818581242782e-15
-1.77751137752077e-14 -1.10383790567174e-14
1.32711686463224e-14 5.44316064177504e-15
3.31017648934719e-15 -6.45785242549869e-15
1.33458667676471e-14 2.37947655180879e-15
2.81010602124476e-15 -3.55268437803819e-15
1.64273826099981e-14 1.14012644433957e-15
-5.81815688853561e-15 -5.35090452489812e-15
1.59897164956043e-14 3.02062409073879e-15
-1.09049796080953e-14 4.23964600900853e-15
1.53615965375691e-14 3.98078957029803e-16
-1.47443540157186e-14 2.26305930493984e-15
1.32159681744412e-14 1.10740410267682e-15
-1.01390277593414e-14 -5.49157734923115e-16
6.99249023844877e-15 1.44501797933668e-15
-8.11138433508574e-15 -5.54294377525671e-15
1.2287132618036e-14 -3.18260056867369e-15
9.19925049353554e-16 1.08342759420071e-15
1.30922524325679e-14 -4.67177520087397e-15
-1.10859766812971e-14 -5.7818176257201e-15
1.24985525568176e-14 5.19134420927082e-18
-5.73850563994061e-15 6.86554315292445e-16
8.36618137776451e-15 -5.22176116210816e-15
-7.94174366540231e-16 1.00940220273716e-14
4.17817024416791e-15 -5.98492614416434e-15
-1.3982813976759e-14 8.5291731716494e-15
6.15073681435725e-15 -7.55456776131019e-15
5.98710077506792e-15 6.26299024166309e-15
3.20585106796838e-15 -1.13481903792059e-15
1.20606800199174e-14 7.36987514322209e-15
1.08683672600646e-14 -7.93788659031156e-15
-2.40690232757519e-15 3.22200880694079e-15
8.60791675960912e-15 -7.42507267751008e-15
-5.96848060159206e-14 2.2374375661147e-14
1.18636290391506e-14 -1.07895825392816e-14
4.30015813869062e-15 2.39795089077064e-15
5.85281542307967e-15 -3.90861263512361e-15
-2.9928417959907e-15 1.15203485252067e-14
-3.68411324743369e-16 -7.85107274258168e-15
1.57728879895267e-15 7.52708551249628e-15
-4.1453184940231e-15 -1.3738417680932e-14
-4.89563102774933e-15 -1.38821427728327e-15
-3.85933699422587e-15 -3.64337216674853e-15
2.66031944489417e-14 -2.41514963771128e-14
1.15979519305969e-14 -1.38097695169664e-15
1.77970546147403e-14 1.33600760189035e-14
1.49528375140054e-14 -4.90308184367054e-15
1.36768725640415e-14 6.25781206037693e-15
3.42311562829393e-15 -1.8198935553132e-14
-1.98926067878605e-15 5.35260927526041e-14
-7.76665112034329e-15 -1.69928186799344e-14
6.91212714875697e-15 2.39943911563173e-15
-1.03473791745783e-14 -2.51158465811632e-15
3.30951433771392e-15 4.90012365458146e-15
9.71359859243795e-15 4.67740385831772e-15
1.56359654793876e-14 2.86026844185402e-14
-3.99937511787117e-16 -4.49322341308656e-16
2.43617900951015e-14 -1.92627003308252e-14
-4.99356803990223e-16 -1.37005887444351e-14
-8.322471345101e-16 4.87944582479512e-14
-1.77213315001088e-14 -1.07915185828511e-14
8.49491911136475e-16 -7.80215227883482e-15
-7.43235011143584e-15 -7.82515065880826e-15
-2.2823826913236e-15 7.20659957196659e-15
3.39134727186546e-15 7.75102834179134e-15
3.61705869371209e-14 1.40632986046558e-14
-1.28684239662467e-14 2.93024220649233e-15
2.15522364840238e-15 9.45595317065295e-16
-1.35078306201964e-14 2.45676823151305e-15
8.2609716659972e-15 -7.3224404192161e-15
-1.69587495590804e-14 -2.89947766423931e-15
-7.87131265840842e-16 6.83630539203641e-16
-5.29305543967807e-15 2.97941000380497e-15
1.05372275208716e-14 -2.48115896258808e-15
-7.91427312907384e-17 3.47944310739315e-15
4.27259566300337e-15 5.45632934667664e-16
-2.33862504147846e-15 -1.41694154709664e-15
5.30033275160345e-15 -6.95187618857113e-15
-4.39329938693617e-15 5.83052141701722e-15
1.4888405491496e-15 3.53431677744857e-15
-5.85731097932482e-15 5.49707793034019e-15
5.97353903873669e-15 -7.99285353804897e-15
-4.43261647105835e-15 4.75833617969369e-15
4.68430644284732e-15 -3.88247646054598e-15
-8.12429533749729e-15 6.87477402940657e-15
4.59307817258116e-15 -1.57427899254941e-14
-1.56283839333918e-16 3.99333628531919e-15
-1.45244944625221e-15 -4.15177597462466e-15
4.8412335945098e-15 5.43610842593712e-15
2.5931015790575e-14 -4.40337511524803e-15
4.09959583087077e-16 3.50655435243138e-15
-1.27642642291309e-14 5.38560836685338e-15
-1.79752439342028e-15 7.13110369589793e-15
-7.24589285975519e-15 -5.53093240078743e-15
-1.91067666160096e-15 4.12138325749218e-15
-1.38709778385836e-15 -2.9545680339969e-15
-7.15756809239347e-16 5.51599620980385e-15
3.71813168768742e-15 1.28323943631474e-15
1.89553958720946e-15 7.76124679848269e-15
-2.82260231679157e-15 2.8324181420228e-15
7.43385673004234e-15 5.5106422932042e-15
2.48359560136144e-15 -3.53422802541392e-15
2.94388802494255e-15 5.85377969655714e-15
8.58122632748151e-15 1.94190561986048e-15
4.48566312001444e-15 5.09898056221655e-15
9.23348550589179e-16 -1.38023951397047e-15
1.10068942342563e-15 3.89724043569637e-15
-2.14640441708994e-14 -6.78008784772858e-14
1.03010819386492e-16 6.32999990328137e-15
-4.66608914169562e-15 -4.17983602425408e-15
6.67301154306504e-15 2.12987068887036e-15
-3.7576609625207e-15 -6.38006125867266e-15
1.26311326891658e-14 4.82103913035233e-15
1.12649014202031e-14 -7.04243356484583e-15
1.02006957299249e-14 -3.59250319760841e-16
-9.8373431371057e-15 2.21955043122025e-15
9.10902405818668e-15 9.13165331325812e-18
-3.18427445825273e-15 1.52454784762486e-15
-8.59134991018276e-15 1.72757460438026e-15
-1.06378163821252e-14 4.36953990929847e-16
-2.11482361790808e-15 -1.39526304971736e-15
-2.38940237139798e-14 -6.90044079922933e-15
-1.47709605668534e-15 -1.46715535782092e-15
-4.51512935415606e-15 -3.41650917304863e-14
1.74494986281075e-14 -2.82936280258174e-15
-1.03192241429433e-14 -8.32167693097708e-16
1.42560661681046e-14 5.24335644807126e-15
-9.31775079513884e-15 9.8331758084537e-15
-6.9088359315784e-16 3.13030542162219e-15
-1.47319585131176e-14 -4.3367815796671e-14
-1.29560959911088e-15 3.09228040749667e-15
9.51057852915436e-15 1.74487962611196e-14
-9.13623325499852e-15 -2.52901912261806e-16
8.15443857551138e-16 -1.77544480374989e-14
2.43926348284068e-14 -6.08642544651675e-16
-1.36074814935668e-15 1.81517375840927e-14
2.89442969904937e-15 -2.1687251995448e-15
5.01155858522901e-15 2.83056789237918e-14
6.20879255063445e-15 -4.23663131944659e-15
-4.33790470943127e-14 -7.67770075217584e-14
-1.14199620195059e-15 -5.93239224936068e-15
-3.31011459704728e-15 5.6270734019136e-15
9.86067942254744e-15 -4.90341123935333e-15
8.30445343327008e-17 1.47792407347874e-15
1.11289336852608e-14 -4.35651538889209e-15
1.64605294799203e-14 2.7081271373521e-14
1.79781062857249e-15 -7.70129228767852e-15
-1.8157195149686e-15 1.73137492182884e-14
-1.64050916508382e-15 -7.11965352676893e-15
4.10460420494198e-15 1.19867022836233e-14
-5.56718368241962e-15 -1.01536307735386e-14
9.28598784604023e-15 -3.14943642179921e-15
1.99378954209244e-15 -6.29808489794641e-15
-9.59672417705589e-15 -9.97153677629934e-15
-3.37857098419595e-16 -4.4668024090523e-15
-6.29973523230319e-15 -7.56946782965512e-15
9.84756187690709e-16 -7.02644841569295e-15
1.35575475872791e-15 1.11027042339871e-14
-4.19012511788903e-15 -1.81065101904936e-16
4.50702579054736e-15 7.42052597914259e-15
-4.9360508072665e-15 -6.87176991213909e-15
4.44210621563997e-14 1.0144532141169e-14
-4.72437945953209e-15 -2.12828344561764e-15
5.30344933315887e-15 -4.36851491470989e-15
-5.20070727977895e-15 -1.99123086037038e-15
1.72127389425314e-14 3.2344898927538e-15
-2.17918145076719e-15 -1.40548918164422e-15
8.03025037084373e-15 -3.92956466463695e-15
1.08159024034093e-15 -3.79482998939916e-15
3.62192165360246e-15 -1.69751326026778e-15
-3.54410886545041e-15 7.65751764725087e-17
2.56427583964451e-14 1.12755672810391e-13
-5.62966274232583e-15 1.19703883060204e-15
7.28098488918044e-16 1.73469370920396e-15
-9.26073189122358e-15 -2.59186201206684e-16
4.7407576972238e-15 -5.76199791449308e-15
-2.36319054455002e-15 2.90882540085509e-15
1.21947968167742e-14 -5.48382957250348e-15
9.67067210187368e-16 2.72467690568614e-15
7.01969237098958e-15 -1.80383244771292e-15
9.02321738547281e-17 4.31838987396262e-15
-9.87019217682214e-16 -3.4718300463546e-15
-2.79890053418131e-15 6.65988452867827e-15
3.47916094172156e-15 2.27529334118285e-15
-5.3427839737977e-15 3.30714104180365e-15
5.57436519130055e-15 -6.99363936735022e-16
-7.24707215169027e-15 -7.81100898348032e-16
4.51118974337657e-15 -1.02640808800732e-14
-4.34833383954084e-15 9.08362999058915e-15
8.28042799641132e-15 -4.26354481472633e-15
-7.60262766438769e-17 4.7624476958072e-15
1.14737264264719e-14 -1.68454139942659e-14
8.26313127981202e-15 8.42050210821329e-15
-1.47312831944798e-14 -5.49089046989118e-15
1.16399748170236e-14 7.11610161297543e-15
-7.84737003810151e-15 -9.43479040861734e-15
1.37100661720633e-14 1.08252984484444e-14
-1.09752069465978e-14 -5.85841485480847e-15
-1.08498875134609e-14 1.522635627516e-14
1.2932058795966e-14 -8.25762674707821e-15
4.94237211963096e-15 1.19192971061925e-15
-5.49720124152225e-15 -2.06494464478353e-14
3.50656776406134e-14 9.49938793673477e-15
-8.08194491401912e-16 5.32431919083815e-14
-2.16268423828378e-14 5.41164198712917e-15
-5.43234955790166e-15 -1.10648474461838e-14
4.60713946873974e-15 1.48813417279519e-14
5.61752128173433e-15 7.31402531498871e-15
-1.66879138433506e-14 1.52181454995132e-14
3.72642123161432e-15 -3.05631771743002e-14
3.00337671976602e-15 1.17790016566562e-14
-2.93794744698032e-15 -4.36429935072077e-15
2.74752698342486e-14 5.51627859534491e-15
-9.05660388730933e-15 4.27462064401204e-14
-2.47323823856388e-14 5.18921851009386e-15
-1.14501775494773e-14 -8.28411011061693e-16
-1.39916920738992e-14 6.40202223771129e-15
-5.32209269136263e-15 -1.72561481046969e-14
-5.96200470694082e-15 9.61773003881686e-15
-5.1017402659749e-15 -2.79769854278416e-14
-4.60751734684707e-16 1.02688940041827e-14
-2.49100744183615e-15 -8.63195190766469e-15
5.93848324156268e-15 5.2672847657686e-15
-2.56172327933109e-15 -6.7832812588979e-15
8.40907882669873e-15 4.61236648106158e-16
-1.01563002693521e-13 6.4456721477403e-14
1.51892422315773e-15 3.19970878990511e-15
-1.56648422666565e-14 -3.01148074493765e-15
-2.20015936694334e-16 2.66135855005877e-15
-1.57910891778178e-14 -4.80788062096329e-15
-8.24088240516537e-16 2.58166658990209e-15
-1.91568617295917e-14 -6.66278155380871e-15
8.65618849139316e-15 3.57251223483716e-16
-1.74295678292089e-15 -1.30573165977117e-14
7.50811894480973e-15 6.21222952122656e-16
1.90200981333928e-14 -5.6126379349511e-14
7.82027010277451e-15 8.15909867082392e-16
-4.20667082302284e-15 6.05030450254766e-15
6.76761370503892e-15 -2.9284379955353e-15
-4.76290822490853e-15 2.87788958761229e-15
2.82633718968812e-16 -7.45664463021292e-15
-1.51768902917436e-14 1.40913509229654e-14
4.04052108363654e-16 -7.6830153287148e-15
-5.43823396549545e-16 1.3746560225245e-14
-7.94487344227146e-16 -4.10146655683409e-15
-9.92515948966442e-15 -1.5926681512675e-15
1.96416761803051e-15 -6.71164122895574e-15
-1.06734649335934e-14 1.64748786299755e-14
5.21036345879019e-15 -9.10862383726901e-15
-1.03364472574641e-14 5.84784576955589e-15
2.32292385266932e-15 -1.02211219574035e-14
8.96704097382833e-15 2.54766888544586e-14
-2.60612467651425e-15 -1.02920723345178e-14
-3.53739277801495e-15 9.79338296937022e-15
-8.43227806886612e-15 -1.04521850175684e-14
9.19449078519347e-16 1.30303158827895e-14
-7.49008131527564e-15 -1.69144436267125e-14
-6.08841524228755e-15 9.41031177834643e-15
-1.04511794518569e-14 -9.08604849577468e-15
-1.40878845791921e-14 1.226621358535e-14
-5.04852234782421e-15 -1.43788266099276e-14
-1.01087753660467e-14 1.293161182667e-14
-1.07639493593837e-14 -6.67065071817951e-15
6.94640452323826e-15 2.03023878749814e-14
-2.11727202678562e-14 -1.99207940773845e-14
-1.78741216198269e-15 1.95376362435539e-14
-2.76145830199634e-14 -1.3384825993055e-14
-1.08559162340034e-15 7.43998824743814e-15
-2.96748952886866e-14 -1.70209058998567e-14
1.66696380651014e-15 1.11933184132404e-14
-3.71363875070227e-14 -1.09954740795366e-14
1.4324840462992e-14 -1.84718944995556e-15
-3.97387419872332e-14 -2.29190845522283e-14
-3.21120393019486e-15 2.3029060822376e-14
-6.49080259998657e-14 -1.70909159344024e-15
5.29490411907387e-14 1.95953738892543e-14
-2.00409098579731e-13 -7.36776694706629e-14
1.24241453842433e-14 -7.98485948945159e-14
1.63878310203169e-13 -8.31089828361738e-14
-6.47681691101845e-14 1.76127912713142e-14
3.08639791241359e-14 1.33579677933678e-14
2.78334631424409e-14 4.3397058273404e-16
1.29976969281257e-14 -3.76216919727886e-14
-2.22715825235174e-14 3.20826204662172e-14
-4.00341252985152e-14 1.76169018343141e-14
6.63786918824926e-14 1.48164571713308e-14
-1.65926850551516e-13 -8.10618682706002e-14
-1.15542931729764e-14 -8.18590065399816e-14
1.96641361583942e-13 -6.74617194037904e-14
-7.79003937170179e-14 -4.93840490791974e-14
6.96906085840393e-14 3.50814611098751e-15
6.44067485696762e-15 1.74524200757655e-14
5.13677405175464e-14 -2.07618324287037e-14
-4.58594264416043e-15 2.6193240787834e-14
2.25767797624138e-14 -4.20685355315921e-15
4.28981265766124e-15 1.60089812273364e-14
1.98079138298286e-14 -1.64816574536178e-14
-1.91359322672061e-14 1.41218599084825e-14
1.43991118343634e-14 -8.6778057937554e-15
9.22242990858577e-15 -4.15225240467976e-14
1.48432502821813e-14 -1.17117394457752e-14
4.1547211929716e-16 5.69048955043216e-15
1.54263451019404e-14 -8.99025148702744e-15
-3.7046063369601e-15 4.84505071834469e-15
1.57926747824176e-14 -1.00182295251377e-14
-6.61613615374819e-15 2.50321322860558e-14
8.72886039017216e-15 -8.91143698423323e-15
8.04008311674106e-15 1.03780769993225e-14
3.02480067882012e-15 -8.32276374725721e-15
1.44298107429314e-14 5.62516947587703e-15
-2.55278980211075e-15 -5.03809710122872e-15
7.82872725223501e-15 3.54283700288446e-15
2.24909488925861e-15 -7.09361794128023e-15
1.14580225849808e-14 6.64236626637725e-15
5.17215295530188e-15 -4.66888229624531e-15
7.95558906473884e-15 2.42213620294804e-15
6.72120969365111e-16 -5.07681936089415e-15
7.69029128379258e-15 6.52676094899424e-15
2.26007012027893e-15 -2.2047939108989e-15
1.15581360974212e-14 5.43180262164047e-15
-5.76182360111267e-15 -7.96032448502114e-15
1.50255452062261e-14 2.31776643827708e-14
-1.51452609758921e-15 -1.90393730897415e-15
-4.73642995606598e-16 6.00343491921317e-15
-3.638215513503e-15 -6.27579092583081e-15
3.82563908292969e-15 -1.11839836214597e-15
5.85251081766667e-16 -3.21299959323151e-15
5.5953848888808e-15 -9.25423395182139e-16
2.88041250109617e-15 -4.42232657132056e-16
-2.6589122594538e-15 4.94948884134871e-15
-9.66689126168301e-16 2.58195831937373e-16
-3.26808147254408e-14 2.83205339695948e-14
-1.03121584891504e-15 -3.17292688519306e-15
-8.1420739122777e-16 -1.90732196784028e-15
-4.584819684176e-15 2.77417321673286e-15
4.81167247584215e-15 2.93983903491752e-15
-6.53325758201867e-15 -1.2942028287564e-15
5.86736524626966e-15 3.71479662247345e-15
-2.19921687675022e-15 -2.26979550720544e-15
1.38067913179634e-14 -9.79588225518144e-15
3.56307388566123e-15 -2.9309970929724e-15
9.05367319687838e-15 1.10549807594672e-14
-3.54334320793879e-15 4.97489603485999e-15
3.40697536111337e-15 2.72120082847441e-15
-9.91616190918442e-15 -2.81964226240811e-15
-6.77815203826213e-15 3.33008379312424e-15
-1.45226263847238e-14 -4.12950648541631e-15
2.07439926057421e-15 1.54815546598327e-14
-2.42322620173354e-14 2.87029891794978e-15
1.53943472920527e-14 -1.08861372095834e-14
-4.82676640737302e-14 -4.32901452316558e-15
-3.16705872551528e-15 -7.96047820064862e-14
4.63802621971296e-14 -2.35596264110152e-15
6.93551003554113e-15 2.68430592773766e-14
1.26281379190117e-14 -6.97765154341657e-15
1.41335492317623e-14 1.55845948283986e-14
-1.29969068177266e-14 -9.23632323846817e-15
4.28087878193067e-15 -3.71317781344449e-15
4.54385099833502e-15 -4.53566389030506e-15
-1.01867966795094e-14 8.29192292009622e-15
-3.41813537320953e-14 -5.10559963196328e-15
4.21870606394592e-15 -8.02571654277768e-14
6.22517643579089e-14 -1.71916107102356e-15
2.17437028457663e-14 -1.55907013751861e-14
1.8011854336115e-14 1.71395925802309e-15
1.89819806899756e-15 3.28969131829686e-15
6.96648122139213e-16 -5.67781083723163e-15
-4.30315278425993e-16 -5.86130424933472e-16
2.16851752104834e-14 -7.58366878096199e-15
-9.54448423170352e-15 7.12629213280309e-15
1.61705747919553e-14 9.40774153837317e-16
3.0988507322591e-15 -1.7249045415729e-15
1.14105824156583e-14 -4.19466862953294e-15
-8.9640714499587e-16 1.51008024981769e-15
7.56945015201532e-15 -6.99842009215851e-15
-1.04096367030464e-15 6.28153112873794e-15
3.21812827459673e-15 -5.41608805239453e-15
1.14017032467206e-15 2.68820114700073e-15
5.33008881809906e-15 -4.02505527819869e-16
-1.457995114908e-14 -9.51756294163402e-15
3.77479152141293e-15 -3.83491812332491e-16
1.08142450529371e-15 9.11661569164143e-15
1.18356827497332e-14 -4.24035171722666e-15
9.0894730029188e-15 3.96369381211255e-15
8.08028046600347e-15 -2.89287015567388e-15
2.09586014123895e-14 1.27607567669795e-14
4.32286463580033e-15 4.53494910841732e-16
-2.36905873736035e-15 5.47311696965307e-15
4.45261970467536e-15 -4.37762266369335e-15
8.21897342421666e-15 9.7578655298462e-15
-2.46620717331489e-15 -5.52648244757569e-15
8.76795334936706e-15 -7.94614054848801e-17
5.15250318178508e-15 -3.33026670144586e-15
6.83467435362886e-15 -7.97164462138375e-15
5.42882233186601e-15 2.11576282806882e-15
1.91575018300064e-14 7.72149679768747e-15
4.26264731247162e-15 -4.28402548175443e-15
4.51982309858313e-15 5.28016814651115e-15
2.51964269275915e-15 1.84021681709298e-15
1.17370561974954e-15 4.18809384585434e-15
-9.77004182456947e-16 -5.21841408663521e-15
1.06684248995712e-14 -4.27249615041131e-15
-1.29426332417849e-15 -1.89534222814831e-15
1.37793634657817e-14 -9.1366003173766e-15
1.21433218414783e-15 -4.32023003171625e-15
1.08608099907508e-17 -9.26970598971299e-15
1.70525967851877e-15 -5.13376408538197e-16
2.98145813303783e-15 -1.85330785269941e-15
7.1962225262519e-15 1.36720230186396e-15
-2.6130660650982e-15 1.39448676479708e-14
7.58168667610927e-15 1.91699900397936e-15
1.03195841439323e-14 9.89998248989602e-15
3.17322463033257e-15 -5.35482244560093e-16
1.18367877561304e-14 3.09422794546164e-15
-6.68979162415375e-15 1.11119463907274e-16
1.08004097081801e-14 -4.06768421351716e-15
-1.40297311692761e-15 -2.01315779536096e-15
3.51615606077136e-15 -1.15296575867606e-14
4.74683075919602e-15 2.68261774608136e-15
2.29842040930786e-14 -1.17428119135693e-14
7.50301422584147e-15 -2.03429429934813e-15
1.22984784714181e-15 1.42903432657512e-14
6.72810387757364e-15 1.06937158344706e-14
2.42226082989744e-14 1.03228579706352e-14
1.12319003602005e-14 -6.94808329938271e-15
-4.11402359356867e-15 5.52032121439069e-14
-1.39472985446585e-14 -1.16381317147378e-14
-7.81617562038083e-14 6.2911552381194e-15
-1.56527407845872e-15 1.29889553755454e-14
2.02750926542412e-14 -1.15098374372311e-14
1.51733546169952e-14 -9.04042808188263e-15
-4.73253812141494e-15 9.48330873891435e-15
-9.03986017604308e-15 1.21421704096479e-14
1.74624833256227e-14 1.29364915284098e-14
1.52529444321239e-14 -1.18942656449018e-14
7.97908464157695e-15 4.61618019456788e-14
-2.26783899413139e-14 -1.11546170361682e-14
-1.30342074856816e-14 -2.94924197904281e-15
6.74163819742498e-15 8.12406332127797e-15
-1.88738994846852e-15 -2.16612429547835e-15
1.80494152893508e-14 -8.49633806893452e-16
-7.3362173218727e-15 8.90344985070495e-15
-8.25778565703474e-15 2.47633256779349e-15
-2.19007869912226e-14 3.76662417730388e-16
-5.99881981837194e-15 4.60254292692748e-15
5.0825590108854e-15 -4.49112320110019e-15
-1.16228542406159e-14 3.75711592310874e-15
-1.1526568747356e-15 -7.53951990728767e-16
4.74776919428902e-15 -2.56576520553675e-15
-1.25873438662647e-14 -1.59788792725691e-14
1.25376704978072e-15 2.68353842159378e-15
9.56327444853296e-15 -2.42219171388754e-15
8.07305301463787e-15 4.29925354094557e-16
9.51379301356824e-15 5.26088059719201e-15
4.15458630038132e-15 2.02071391340345e-15
2.51237955426461e-15 1.82060219016982e-15
5.6285787951543e-16 -1.77170140015215e-15
-1.46912140855732e-14 -9.39519350661352e-15
-1.43695885752697e-15 -1.73240919891863e-15
-1.00111339601641e-15 -1.6078374133426e-14
-2.36349496767721e-15 3.12114613220222e-15
3.37407351292747e-15 -1.93287253040327e-15
4.34886992224224e-15 9.15905562199343e-16
-5.49467500264059e-15 2.28509904400349e-15
2.93028299351481e-15 1.24208221509619e-15
-8.35685492168924e-15 -1.2357679774101e-14
5.49643107238531e-15 2.84485424446115e-15
1.17098697736902e-16 9.65160634906698e-15
1.79970486260967e-15 1.33416453925249e-15
-1.48661281984878e-15 2.27145546883947e-15
-2.14044264551577e-15 -3.06284353499158e-15
-1.02776417326452e-14 -4.73521314254866e-15
-2.89606131090768e-15 1.53190425394489e-15
8.06678541886133e-15 3.91177928004105e-15
1.15190044605388e-15 -7.15294373497952e-16
1.03489574146402e-14 -5.1014422528985e-15
4.37605027212571e-15 -2.43017290872881e-15
-5.78649344234206e-15 5.83826703146251e-15
6.62094421199353e-15 5.64617165522662e-16
-1.25439333077341e-15 5.34789933005546e-15
-3.0568612014856e-15 -1.02172527035922e-15
-4.83295588898267e-14 6.29842941082252e-14
1.79337255762258e-15 -9.00952367395347e-16
-1.33336044680436e-15 -7.17601885820609e-15
-1.80676955482605e-15 -1.27035038998585e-15
4.6451239095138e-15 -2.50126178226411e-15
2.61878811075697e-16 -2.17787131738875e-15
1.3015925494104e-15 -1.87310753590422e-15
2.93322457554528e-15 -4.51838497002347e-15
-1.30731342406539e-14 7.27904604885464e-15
3.41130544198759e-15 -4.07501398341652e-15
-1.48736182929942e-14 6.89990200657397e-15
6.08359743087104e-15 1.41628350666233e-15
-8.05654872964246e-15 5.68153040848035e-15
-6.68112993347216e-15 6.86245657503312e-16
4.44666027990933e-15 -1.19554506216203e-15
-7.9974293157213e-15 -2.40869283772162e-15
6.68886822153093e-15 -7.8825489434288e-15
-8.51351240100767e-15 -4.00383667545637e-16
-3.4242603863608e-15 -3.64894260009039e-14
1.5047487426408e-14 -6.78864542852042e-16
-3.526561509086e-15 -8.65385703436951e-15
5.2029127691508e-15 -5.82783480844792e-15
-6.11267351946657e-18 9.2592285905007e-15
-1.56467899616267e-14 9.60491498397809e-15
-3.25231146161304e-15 -1.96087799988483e-14
5.83640987339143e-15 8.74012415602517e-15
6.70392594280409e-15 9.11612340554307e-15
-1.23118542669015e-14 -8.57063444598677e-15
7.17772973471481e-16 -1.98552171200406e-14
1.54190856848701e-14 7.55586341125762e-15
5.2404790574699e-15 1.25257380979982e-14
-9.87889675421163e-16 -8.80753208354602e-15
-2.58560120569358e-14 6.45185623667334e-14
-1.39041827778419e-14 8.34220287978121e-15
1.42421200004478e-14 -3.95538140438785e-14
1.27813619221876e-14 1.60704157499896e-16
2.49422590254174e-14 -5.33367917589917e-15
3.69199202484774e-15 -5.88280970259034e-15
1.28556175310857e-15 1.57152261828492e-15
9.40686447984386e-15 3.11258717428969e-15
6.06670086072277e-15 1.17633499817382e-14
1.9237672389686e-16 -1.71650124726637e-15
-1.5518729638891e-14 -1.78016379658701e-14
-3.16782489093091e-15 -4.41890784717096e-16
1.2993316223719e-15 3.39616031280306e-15
-6.33721963921363e-15 8.76260494927669e-16
-9.69724781195614e-16 1.47287382026333e-15
5.17266815224442e-15 -4.34000546226943e-16
-1.12847645236987e-14 -7.85346078153958e-15
3.74055371394506e-15 2.49988638893891e-15
1.0337269824277e-14 -1.38053886839973e-15
4.37136723971535e-15 -9.47362476920344e-16
5.13379617040843e-15 -1.06431227904606e-14
-5.29571858786726e-15 2.22234803023779e-15
2.96363314290842e-15 1.95334353572561e-15
-5.32398899458482e-15 9.77162521515111e-16
-7.20207889897302e-15 9.69594037265874e-15
-4.72312835061283e-15 4.13491714716153e-15
2.98557838636194e-15 -7.86317136114966e-15
-1.9840211879384e-15 4.68428868536732e-15
7.35703839602446e-15 -2.29712824794063e-15
3.41742274779311e-15 2.28735131179864e-16
6.51055467024559e-15 2.39740436004114e-15
6.25509729507248e-15 8.23741175006353e-17
3.82301198965859e-14 -4.17702640906016e-14
2.75906030657201e-15 5.26160119257284e-16
9.55558421980262e-15 -6.95325209815696e-15
6.59967338747014e-17 2.04957866458612e-15
1.87306365428588e-15 -9.67130531853017e-16
-4.11465866625899e-15 1.79561301610536e-15
6.0969270130044e-15 -4.11608478599808e-16
3.00232277435372e-15 1.9467710129163e-15
9.65980059761371e-15 -1.01167321244535e-14
3.13489913128288e-15 4.37446822142481e-15
2.15429758664604e-14 4.19235829960907e-15
5.73046742194494e-15 5.25652871788181e-15
1.40707196889568e-16 -3.61222601000421e-15
9.5841972479053e-15 5.54214378311623e-15
6.68407060274942e-15 6.28799328331982e-16
1.73140595248399e-15 2.82638957711517e-16
3.77116493662167e-15 -5.22263364978271e-15
-1.93492372691778e-16 3.75767832900718e-15
7.49786401161868e-15 -5.88904727059917e-15
2.62289138537039e-15 4.04691776154587e-15
-4.93108876734222e-16 -2.99321706765461e-15
1.66323338650447e-15 4.1815610325559e-15
-2.66315473175782e-15 -3.11158171869022e-15
9.51252605872994e-15 2.51804791065019e-15
-1.04775038843105e-14 7.5489437128131e-16
1.04524175035611e-14 -1.66094293457785e-15
1.48077595149559e-14 1.28121267435597e-14
1.79817250927064e-14 6.33962558420068e-15
-3.02528801906474e-16 8.36810897714542e-15
-8.44065363567049e-15 1.016084395708e-14
-4.4238995460522e-15 -5.05431076548567e-15
6.83633442675895e-15 -1.61918308574359e-15
1.03946215905728e-14 1.25197422165266e-14
3.32828114854512e-14 3.20636622864151e-15
2.04917324181674e-15 3.14593269597491e-14
-1.14215100683299e-14 3.21761328257403e-15
-1.00840429353344e-14 -2.90905783177359e-15
9.98919975240632e-15 4.99927071126894e-15
-9.02567102743939e-15 8.44174247432717e-15
-1.8208161362637e-14 4.39521385968782e-15
5.80581402781042e-15 -1.98746317147166e-15
5.74441503348236e-15 4.56486035700743e-15
-3.04154313173137e-14 -1.3000954647482e-14
1.87863298976588e-14 3.88301612771669e-15
-3.9448209294953e-15 3.52794438427479e-14
-2.31877334058115e-14 5.7142858741191e-15
7.95118440909523e-15 1.10717711117319e-14
-1.14005708209096e-14 -3.43426601833581e-17
-1.99138982099693e-15 -1.65979906324459e-14
-9.63526782736817e-15 6.81943218468653e-15
-8.15151805782675e-15 -2.09130104595989e-14
-2.77659536518917e-15 3.86078754838291e-15
-1.00963008946981e-14 -2.41510391057833e-15
7.93024820978866e-16 -3.18292617671785e-15
-6.43077177747448e-15 -1.25387284141928e-15
3.30990373707537e-15 1.80932738465524e-15
2.80772698986894e-15 9.04198322335511e-15
-1.94502616419649e-15 -1.05732833996671e-15
-8.37031691954254e-15 1.10525018139333e-14
-4.00036284671029e-15 3.13439227657445e-15
1.90263788554648e-16 -3.03334571569987e-15
-7.73500444761418e-15 5.87951038243203e-16
1.00243338599464e-15 -4.95089317264442e-15
8.91876578376297e-16 -1.4236806083631e-15
1.19789277118642e-14 -5.21960220632978e-14
5.3553370541147e-16 1.00454415117647e-15
6.67360347699461e-16 -7.04038046778491e-15
3.31307618484405e-15 -1.53402817340205e-15
3.65017160890393e-16 -4.7267259125895e-16
-9.97122824140302e-16 -1.549083924651e-15
-1.41797214992157e-14 7.39289747156386e-15
-4.42341372218618e-15 -2.82510793787178e-15
6.78406510935235e-15 1.90161648349247e-15
-2.59685009877686e-15 -2.43399636753971e-15
3.26939395530195e-14 4.6913831285269e-14
-5.33895200606446e-15 -1.33761456248562e-15
6.34677848518745e-15 7.04977593084188e-15
1.21701534060224e-15 -6.06133239088966e-16
2.20002342272289e-15 4.42563674745276e-15
1.85868890928405e-15 -5.12370044156684e-16
-1.18371396800881e-14 -7.42019828326273e-15
3.84415140730462e-16 -4.78859635030235e-15
-3.97463686328735e-15 1.21102575015393e-16
-3.55577430942923e-15 -3.50375520837866e-15
-1.08026555818413e-14 7.62389882738337e-15
-6.91474623143943e-15 -1.51200257925578e-15
2.95063010997375e-15 1.03940544371062e-14
-6.11908594291891e-15 -5.47892504352944e-15
-1.75974137458279e-15 2.2591846324354e-14
-2.75632986213649e-15 -5.16525845523637e-15
3.92292525725483e-15 1.90469240263561e-14
1.61817150293904e-15 -4.20370153553022e-15
-5.70925085763868e-16 4.34316038671126e-15
-3.76583255453109e-15 -3.18738899185302e-15
-4.92680872754115e-15 -3.10765908231458e-15
-1.38627567435961e-14 -5.10293473233054e-15
-1.18132721808362e-14 3.85066812006471e-14
-1.47206304908296e-14 -4.09594199906519e-15
4.96955977130702e-15 -2.63347623345352e-15
-2.11671213546082e-14 -7.60161585958824e-15
9.91114483033051e-15 2.74084837759486e-15
-2.41328354300614e-14 -3.28822044469976e-15
7.64766554095523e-15 -1.33260936635882e-14
-1.70876268634447e-14 -1.24957545083593e-14
-1.04097798160685e-14 1.1871520047782e-14
-3.99862807336472e-14 -2.99256156956066e-15
2.27827031774028e-14 1.47042425989919e-14
-1.18462641913734e-13 -3.89765422060959e-14
1.28945464015251e-14 -5.73971895834156e-14
9.92062710168682e-14 -4.85086457454392e-14
-4.37865040628954e-14 1.9376954543207e-15
1.93062625355682e-14 1.0715156748193e-14
6.82011660141181e-15 -1.8340132192293e-14
1.93704427377062e-14 -2.02515493085343e-14
-1.82076533938608e-14 1.55683985569126e-14
-2.25208007658222e-14 1.44086588953087e-14
3.8083011175281e-14 1.23867258905446e-14
-9.94177937187974e-14 -4.80168978698001e-14
-1.3872177219917e-14 -4.95636984024191e-14
1.21828289961393e-13 -3.9366535441627e-14
-3.28258676060813e-14 4.81004752985224e-15
4.73935444762329e-14 6.49208486998598e-15
-1.28563080696648e-14 5.21542789104897e-15
3.61359168948957e-14 -1.42452402033106e-14
-1.78369274742236e-14 1.59933895707506e-14
2.09319860161457e-14 -3.06074054857492e-15
9.72506321709982e-17 1.12267235429284e-14
1.06973704723529e-14 -1.47929431202185e-14
2.56723133858213e-14 -1.23911232019351e-14
9.42490728265915e-15 -4.40162102990642e-15
1.70963203206652e-15 7.73228061464668e-16
1.52960802495121e-14 -8.00261993402266e-15
-1.07717974330924e-15 5.45242363405778e-16
9.69613905778195e-15 -7.99796748883794e-15
-6.77876309141332e-15 1.07826069798442e-14
1.18820289290077e-14 -8.33581559071164e-15
5.34840968487611e-16 1.42715634322873e-14
7.79630930516571e-15 -6.94493860306155e-15
-2.59431027853939e-14 2.87049081456452e-14
1.34570824865793e-15 -4.54844232920176e-15
1.1044426227735e-14 1.21479803499184e-14
-2.66940736974987e-15 -7.0503047004751e-15
4.77284149918755e-16 1.58598078023353e-14
3.64429639451545e-15 -9.72734894320017e-15
4.21913062088607e-15 8.21473255999318e-15
4.46792450382678e-15 -5.07647330663861e-15
4.29096389007795e-15 4.44016953922551e-15
8.70297150617709e-15 -7.42935504698843e-15
-1.71669114869306e-15 9.32266322238515e-15
-1.60765483539222e-15 -6.35600318070359e-15
-5.99617730137003e-15 5.28311555169805e-15
-3.68065255535246e-15 -6.29997735334681e-15
-1.42173112620499e-15 5.83247117990269e-15
-4.10088436314049e-15 -5.85306589851835e-15
2.87677233183221e-15 6.20382508700828e-15
-6.68705352576784e-15 -3.07049600056907e-15
8.799343051366e-16 -2.69499480818626e-15
-1.595769274237e-15 -6.77754086404068e-15
6.03608537461067e-15 -1.28156665630501e-15
1.72220141985099e-15 -2.89044880013857e-15
-2.62036982928143e-14 -1.19747412427357e-14
-2.74130661677323e-15 -6.70821613362808e-15
6.57791203356425e-15 7.14800669389104e-16
-3.60162907967333e-15 -2.2113293172348e-15
6.90855879346628e-15 6.00651369241377e-15
-1.17510693495459e-14 -2.96936113089582e-15
3.7984670434147e-15 8.59689783067137e-15
-1.14279528937037e-14 -5.33759451170262e-15
6.72441831024311e-15 1.58422621176405e-15
-1.16331644714032e-14 -3.31412379489097e-15
2.43051089742291e-14 5.51825848441358e-15
-2.71636935136396e-15 -8.34597985189099e-16
8.33841261191976e-15 2.81504563541578e-15
-6.2731545562831e-15 -8.01676753062985e-16
9.3981428340584e-15 4.08737423991804e-15
-1.38418085346563e-14 -5.67912107494137e-15
1.16106204558338e-14 2.46457489961496e-14
-2.2677161706257e-14 -4.29471047233187e-15
1.48717761216865e-14 3.35046396526141e-15
-3.4943765477243e-14 -3.66220991773398e-15
4.1350918286921e-15 8.69634329354959e-16
-6.88647124588269e-14 5.96053112961229e-16
6.07220439289083e-15 -9.6666657050111e-14
6.48452511166401e-14 -2.71423886319069e-15
1.03860652816858e-14 -4.47804882780026e-15
1.23023248435302e-14 -6.12583250752134e-15
1.98359468668554e-15 1.88730351424117e-14
-1.12824362910195e-14 -6.49594205322775e-15
-6.57241628342244e-16 -8.14630054381176e-15
-4.09553229579897e-15 -5.85163240117949e-15
-6.8190754397265e-15 1.98766593691493e-15
-5.578432547301e-14 9.51758116375161e-17
-2.40177926971997e-14 -1.0813572259849e-13
7.8050660190257e-14 -1.94779872580484e-15
-5.93933003407479e-15 1.96195531413977e-14
2.3696921230362e-14 -2.16528409474435e-16
8.97529258802064e-15 -3.38475220288022e-15
8.86833834518652e-15 -7.98077990579371e-15
-7.74544786503108e-16 -5.99996071778383e-15
2.34751633008327e-14 -9.71517378228753e-16
-6.75441158528357e-15 -3.95214378774704e-15
1.99733711864304e-14 2.71563010962117e-15
-2.40177926971997e-14 -1.0813572259849e-13
1.97914677392013e-14 -8.74481434476591e-16
6.70347503460146e-15 1.13124811936744e-14
1.00987937152351e-14 2.39397367191932e-16
3.12941378181773e-15 1.21906342881099e-14
3.63452676034983e-15 -2.90529154464153e-15
1.02866731525802e-14 8.42976698174478e-16
7.0118018482284e-15 -3.13050753807854e-15
4.94711205357295e-15 -1.13405486083954e-14
6.8315623100852e-15 -1.21433129540877e-15
1.10688731097724e-14 -1.18346528249143e-14
9.15464258927886e-15 -2.97074692111139e-15
-2.8386067410233e-16 2.34411773704326e-16
1.18476238585628e-14 -8.55976567685715e-16
7.51017505099976e-16 -2.1694596668114e-15
8.16367227414544e-15 -4.11233739096975e-15
4.8404211714392e-16 -3.24113856969498e-15
6.71393524146688e-15 -1.35365677404071e-15
1.07030659012741e-14 4.89281971089055e-15
-1.31239969596075e-16 -5.5547740999516e-15
6.98138549403418e-15 5.9830452151932e-16
6.02040249608798e-15 -4.4677383883454e-15
-4.60496099180974e-14 5.49779459799298e-15
7.33689739559378e-15 1.71564827584382e-15
5.59379979334556e-15 1.21338569008709e-14
7.40992481104114e-15 -1.65316607338839e-16
-3.10794612805671e-15 3.20954071072408e-16
3.53568767480554e-15 -1.30408418487967e-15
6.51675529728808e-15 9.01672377545083e-15
1.92029432405626e-15 1.37581236215444e-17
-1.15438801859874e-14 1.88615930675927e-14
-8.81425029324189e-16 -1.61097526586803e-15
-1.03497691669133e-14 -5.57317336503697e-15
-3.18355290133684e-16 2.77478034571971e-15
4.42273468831033e-15 2.32328666185027e-15
2.96126880833902e-15 -3.69050302583361e-15
2.07027271462976e-15 1.63220841289584e-15
9.96077556165939e-15 1.83150279002273e-15
1.2540796914769e-16 6.82390036402799e-15
8.13985917187379e-15 8.71624611995542e-16
1.80689776371238e-15 5.03388688109289e-15
6.42282737148779e-15 1.76756433410045e-16
-4.18789247793001e-15 1.43911928465777e-14
-2.42902789808717e-15 -2.54672992729375e-15
9.35214143106828e-15 -2.23780774706292e-15
5.21551904123136e-15 -1.2346151162703e-15
2.73170968275551e-15 -1.5937667766022e-14
2.7727581999863e-15 -1.30346840643292e-15
1.40012696047285e-14 -9.16609701178984e-15
1.20499669274341e-14 -7.24375127818055e-15
8.11941281832187e-15 -4.1786555651845e-15
1.21810553399439e-14 -1.43221989286813e-15
6.11426398361282e-15 -5.62383748315658e-15
-1.71602233353497e-15 -6.67433850262261e-15
1.21806431638417e-15 5.9464208060749e-14
2.88666125244836e-15 -5.38758455346241e-15
2.11079637639367e-14 -4.25109933919319e-15
7.62512067505079e-16 -5.77336312738278e-15
6.23495986636237e-15 -2.58157705506398e-15
1.5506874645367e-14 -5.22692455292836e-15
1.95092626924265e-15 1.22692555243173e-14
-1.07692556451089e-14 -8.67249521726233e-15
1.24765983615415e-14 -3.50135109392535e-17
-2.94121246165577e-15 -6.40050419529575e-15
5.73849636910158e-15 8.63630737505628e-14
-1.17898225167198e-14 -3.6410611540373e-15
-3.89331700868377e-16 -2.23871061725872e-15
4.04322876748132e-15 -6.56248917303296e-15
-1.7149809877865e-15 -8.87992497355389e-15
6.52929031115979e-15 -3.74263036443504e-16
-6.61824153671003e-15 1.20471310814488e-14
-1.20505740704298e-14 -1.44854622942546e-15
-6.25938352174085e-15 1.59486401437233e-15
-1.09927257746725e-14 5.41163513111159e-15
5.47019485180009e-15 -3.42733102525392e-15
-1.54284764275322e-14 -1.25672324247664e-15
8.04328537490653e-17 -1.09712905309661e-14
-2.03627172500786e-15 3.04901946390777e-15
3.10693871138492e-15 -6.08197068044547e-15
3.84056643110758e-15 4.51464595030117e-15
-1.57748341483369e-14 8.33180925318476e-15
5.89092131108622e-15 3.63147042653355e-15
-3.23151650748879e-17 3.9767844571135e-15
-6.20784625487615e-16 5.55165964851307e-15
8.06938429279724e-15 8.82128686278406e-15
-3.41473300853033e-15 1.23728618488629e-17
4.74144900018564e-15 1.54956326953163e-14
-2.27392521280335e-15 4.43407804897878e-15
-7.54382893032059e-15 9.23513962716259e-15
-7.59841471401031e-16 4.8290818512207e-15
1.00715032139596e-14 -6.7957298571819e-15
3.00634082607144e-15 4.10015526344172e-15
4.44685355383051e-15 -1.66430560874933e-15
6.4039063986758e-15 6.57712942970187e-16
1.61644895141129e-14 1.44153675898517e-14
6.33302720121888e-15 1.9429368312338e-15
-1.38546636166343e-14 1.25818143595271e-14
2.46376064402076e-15 4.24139944211982e-15
5.56039940907678e-15 -9.82942852863221e-17
-2.89478915533744e-15 2.38751981652743e-15
5.69539411587899e-15 -2.46838296033635e-15
-1.13909978240151e-15 -1.65573314860725e-15
9.45980937694718e-15 -1.96582690714686e-14
1.72350773131246e-15 3.00907873048e-15
-4.65831145663849e-15 -1.4007111573582e-14
4.20107664195788e-15 1.07616324995078e-15
3.02213269543557e-15 1.95141062141186e-15
2.60603585241462e-15 2.7340461873389e-15
-2.3829509700099e-15 -1.98485183818141e-16
-3.66456264596149e-16 -2.22728501832665e-16
-2.34090555845257e-15 -2.06189766143072e-15
-5.47238551366403e-16 -1.54083952643471e-15
-2.19854330938265e-14 -1.78327011011813e-15
3.04647169920855e-15 6.4065647650867e-16
7.43757231316417e-16 4.33407762900338e-15
-2.9035097108458e-15 -5.62272110706985e-16
-3.59752996081717e-15 -9.05205645053771e-15
4.50376238083228e-15 -5.86512642861657e-18
-3.50507831350702e-14 6.14701862694347e-14
5.84717421336244e-15 -7.17249852406969e-16
-1.15604093809412e-14 8.11427217291297e-15
6.51159430301446e-15 2.32622879919166e-15
-5.38714161895752e-15 6.17602100541093e-15
-1.31770655585348e-14 2.77805663350167e-15
1.53503151585538e-15 -1.29349638657275e-15
-2.58776458379225e-15 -2.17136959652493e-15
-1.21284708783423e-14 -4.95172464172933e-15
-6.85276164996272e-15 -2.42705534706017e-15
-1.67557450407953e-14 -4.14476680709886e-14
1.59770979383828e-14 -4.57403200055788e-15
-1.27875596127619e-14 1.79288326446355e-15
1.88663200938512e-15 7.28330992299174e-16
-6.47411914411889e-15 4.56416633489925e-15
-9.96764790248681e-15 8.85648463807439e-15
1.78216704514538e-14 -4.13353320058623e-14
2.5815130970658e-15 6.94955233467119e-15
8.50298362839588e-16 1.4671410441285e-14
-2.73585119089936e-15 -1.49688227592217e-15
-6.37115117971587e-16 -2.9606030333486e-14
2.25988260201006e-14 -8.86990893333939e-15
-1.01538655610061e-15 9.62089523561414e-15
-5.51219472693397e-15 4.08093035257083e-16
-5.45723988255138e-15 9.89858110173078e-15
-1.19817767286117e-15 6.23995754011066e-15
7.14948103970317e-15 -4.33035681721234e-14
4.92674647105977e-15 6.13467430925827e-15
9.24208769459737e-15 3.17712022024282e-15
1.49960538033242e-14 -1.24538099822906e-15
1.17623486719533e-14 4.0803293578912e-15
1.04251443439858e-14 -4.0098225550404e-15
-4.39863801896631e-14 2.19468944441446e-14
1.54821534210667e-15 -5.75323300868802e-15
-6.73078044666951e-16 1.28440791247158e-14
-1.96966748462144e-15 6.39512443034448e-16
2.05271786142364e-15 1.05567439122262e-14
-2.84643951088789e-15 -4.26948709476726e-15
6.81582885655127e-15 -7.23916636445989e-15
8.31556151313494e-15 -3.83114313381297e-15
2.93016262364115e-15 -1.80941148532658e-14
3.99195817881737e-15 -4.52571448518029e-15
1.87095452598797e-14 3.40846327939742e-15
7.59335805795437e-15 -6.71179264287914e-16
2.35072343801777e-15 1.62516403103212e-14
4.16300364181819e-15 -1.89131613852296e-15
9.56123345015581e-15 -6.56801527146582e-15
4.6728932901164e-16 -2.44357535441154e-15
8.04525177666925e-15 1.64555561447532e-14
-4.90303554835419e-15 -2.20875995979465e-15
-1.33923674983178e-14 -1.47995802727872e-14
-2.54462186088413e-15 4.58021203888948e-15
1.93924988006053e-15 -4.79369897956679e-15
-2.75598615165465e-15 -1.21849211283815e-15
-2.50082752296938e-16 -5.42444099648619e-15
4.96026801584071e-15 2.72040538649642e-15
8.29871324703979e-15 -9.28033675828074e-16
1.54724908473041e-15 -1.27952394905144e-15
5.03459679232636e-15 5.10034543628536e-15
-9.65292744278378e-17 2.45707883993061e-15
-3.1599963841675e-16 2.7327624598106e-16
-5.53915645184077e-15 3.33259709806637e-15
1.17202216883498e-14 -1.2943879511891e-15
-5.83468386430689e-16 2.2153565263614e-15
-2.55810361024019e-15 -1.63795836269133e-15
-1.4985886157655e-15 2.55236831832856e-15
2.1589688923926e-15 -1.18285212828637e-15
1.01674936603539e-15 1.87631052507601e-15
1.60891028474163e-15 -2.83570425438344e-16
-2.06889720924698e-15 5.34342378388488e-15
6.16487639922572e-15 7.16405063627854e-15
-1.04488526672626e-15 -1.75805029023057e-15
1.15975548426734e-14 7.8577099377808e-15
-3.63279221974038e-15 -6.08571530666707e-16
-4.09724543482633e-15 -1.53034983621048e-14
-2.17953405367811e-15 6.20171990695811e-15
2.1198702856541e-16 -3.66543007618987e-15
1.95993270646848e-16 5.52773378679956e-15
-1.24286565627324e-15 -5.97570746651258e-15
1.12191747831943e-14 4.89138720320146e-15
1.68756765216423e-14 2.5553826702207e-15
1.24745723365092e-14 -1.68839365789206e-17
-1.61575162020508e-14 7.9470644884204e-15
1.97418104472429e-14 9.75123511720221e-15
5.17747823277488e-15 -1.47261636040123e-15
-6.86170688873428e-15 1.10139993509294e-14
1.48831982199232e-14 -1.35147257652165e-14
5.53341144347708e-15 1.54862650532516e-15
4.7813787016921e-15 -1.84296876335584e-14
2.94485656840337e-14 7.07169369253497e-15
-6.71919314113966e-15 3.98179841897903e-14
-1.54394371033164e-14 6.04695964630047e-15
-9.56445915116781e-15 -8.47984600751555e-15
6.16316569137421e-15 1.01023894325516e-14
-6.97535065142204e-15 4.25529543017601e-15
-1.63994615811029e-14 6.13199616713584e-15
-2.09172674016994e-14 -3.66529103556324e-14
-7.92509337363906e-16 2.53011906485572e-15
1.36708495926925e-14 -5.69189554951709e-15
1.86838228336148e-14 6.09534774984348e-15
2.13851070005696e-15 3.04202745261108e-14
-1.50993464219721e-14 4.91277885951567e-15
-2.6622438778268e-15 4.21578798834466e-15
-9.86913159205949e-15 2.03188052684765e-15
-2.68325789264077e-17 -4.14521037702855e-15
-1.00791192260571e-14 5.66109525566536e-15
-2.436269283186e-15 -4.06332609733803e-14
-3.74265581468194e-15 5.89643179844379e-15
-3.51081062232186e-15 4.9034766021972e-16
3.85664019664408e-15 3.53397433114546e-15
5.18608694527605e-15 -5.09872163972223e-15
3.93405846821135e-15 2.8258049949856e-15
1.0575438225905e-14 3.32469404985363e-15
3.42737755593651e-15 2.76415287767122e-15
-3.50279014769231e-15 4.30915703554159e-15
-7.18536469831685e-16 3.74410582459059e-15
8.68364639589809e-16 -5.19568744386585e-15
-5.08849923933474e-15 7.83103803782911e-16
-1.18190801895479e-16 -1.61664715935666e-15
3.55673163905797e-15 -1.54376062796816e-15
-1.01871345029541e-14 -3.51800294200449e-15
3.1867153392903e-15 -2.53417126304324e-16
-8.92695028204655e-15 -5.88233494042928e-15
6.47248930377298e-15 1.16977458035588e-15
-1.00022063420038e-14 1.2829827649139e-16
2.66387965349638e-15 1.54684153650118e-15
-4.74620685804984e-15 6.05905685129478e-15
-2.49330420142115e-15 -2.3466954344146e-15
-1.43168382772606e-14 -1.17070062463576e-14
-3.06461280503379e-15 7.1096090000445e-16
-4.57126933936641e-15 -2.23577389970004e-15
-4.73673520420904e-16 -2.50235481697993e-15
-7.38500172416752e-15 2.24114050737191e-15
-7.12590691655891e-16 -2.77377858861468e-15
-1.4115035951686e-15 -2.44005361247897e-15
6.10722361846421e-15 -3.52218696625355e-15
-8.43933120325122e-15 1.54148845413472e-14
1.23588304926909e-15 -3.9152787551346e-15
5.24515734236269e-14 -6.74801565943112e-15
3.29833199927916e-15 -2.9875920665856e-15
-2.75325164479322e-15 -2.27428909744158e-15
-4.16098096094034e-15 -1.72673043928622e-15
3.30052888877374e-15 3.7685630732707e-15
-4.22370981711056e-15 -6.4537388212271e-15
-2.2464904102871e-14 5.95987338821372e-15
-2.13278021997853e-15 -3.85712840032378e-15
2.71403543241966e-15 -5.13867947462743e-16
3.56842384047377e-15 -7.5209578853437e-15
-4.84864384942175e-16 8.38171752887228e-15
-5.87777782662629e-15 -4.27868414598804e-15
6.37704608425549e-15 1.12760885077942e-14
-7.67317443546381e-15 -5.69707064331428e-15
5.52004108698566e-15 1.58010374552329e-14
-1.36118104071591e-14 -7.72420429690636e-15
1.039497126074e-14 3.45497517187681e-15
-1.50079067818932e-14 -3.34829448677482e-15
-2.47741125270554e-15 4.46312799762647e-15
-1.9192952285925e-14 -6.52089885085837e-15
8.7710371766201e-15 -1.03368064091646e-16
-1.00596514523684e-14 -7.53453834456198e-15
1.41472529208575e-14 4.01661514602303e-14
-2.36206514854724e-14 -3.3325628069066e-15
1.0993665219212e-14 1.34016045770413e-14
-8.32526951201016e-14 -3.20576556374353e-14
8.61004162477839e-15 -3.6517123563789e-14
6.8299622248501e-14 -3.7921609897041e-14
-2.05893863737479e-14 8.4039299193464e-15
1.00596274945509e-14 4.6530015427821e-15
1.1879076773613e-14 -4.28115211916481e-15
1.555052777878e-14 -1.53917962020321e-14
-1.59588639712591e-14 2.5541937631343e-14
-1.90208738716423e-14 6.21212374935841e-15
1.69622073062645e-14 1.23194678717736e-14
-7.63919671416396e-14 -3.30196766929278e-14
2.41813088435109e-15 -3.84881866474156e-14
8.3188841160278e-14 -2.71724994081804e-14
-1.89784938502158e-14 -1.87591666418683e-14
3.36616758773234e-14 5.71511528521895e-15
-3.78547526906167e-15 -1.53146857187579e-15
2.68952604347146e-14 -1.02412816260609e-14
-1.09395834424642e-14 1.10656560537211e-14
6.3040340421277e-15 -2.77159162788648e-15
-2.31212479347821e-15 2.03894631514493e-15
2.54678431213321e-15 -5.54203899430485e-15
4.09765023506565e-15 1.09349548645684e-14
5.92145135063262e-15 -3.94415901708641e-15
-6.66872651403559e-15 1.1455928400562e-14
3.08795536809547e-15 -2.73549243335863e-15
1.40908674790713e-15 4.40221324330446e-15
6.52403595261286e-15 -5.16289692952744e-15
5.22622313152717e-15 5.13221538468184e-15
7.76590473304468e-15 -7.53100304814196e-15
1.87922522535546e-14 2.68421230005372e-14
2.5377745132099e-15 -5.68075248075789e-15
-1.9268860423575e-14 8.04546538288576e-15
1.51579138042274e-15 -7.16566706611291e-16
-2.87933708102868e-15 4.99816233556214e-15
-3.8982184114398e-15 -3.43311800299443e-15
4.33669302834836e-15 6.51282278958013e-15
4.58469568405341e-15 -3.23379309551177e-15
-2.89446696700469e-15 5.53454517104441e-16
3.33018741733931e-15 -6.09592406003131e-16
-3.62829060040559e-14 3.99976841610406e-14
1.59414462067836e-15 -1.61831230737722e-15
1.23406989019963e-15 5.55085260522611e-15
-8.75452458362471e-16 -4.37283484792008e-16
1.52587647422922e-14 2.89048506117682e-16
-2.41558636481629e-15 -4.77760897367128e-15
-1.53440915208163e-15 4.69098204591206e-15
-2.88217029714044e-15 -3.96458352855474e-15
4.74525602874702e-15 -1.05197968609422e-15
-3.9914825020379e-15 -1.10462123244114e-15
-3.38434513447716e-15 7.12648233833708e-15
2.34088707256457e-16 -2.18993981624682e-15
1.25515895586498e-15 -1.5809941229393e-15
1.32035242219211e-15 -2.75035177298009e-15
5.28085600055549e-15 2.99086259693076e-15
1.31174209352967e-15 -5.08018386467785e-15
1.54249340461061e-14 1.53791735518674e-14
-5.83514529631483e-15 1.25426841789171e-15
-5.3591973543354e-15 7.18430371847248e-15
-1.2263853819799e-14 -3.0520581880638e-15
1.5943750677169e-15 1.68874282289683e-15
-9.48382414547818e-15 -4.91353745639208e-15
7.06669737146261e-15 -1.71605311139453e-14
-6.49163795278283e-15 -1.26978023362348e-15
-8.01534307131823e-15 -7.91433662794308e-15
-3.07794824498447e-15 -5.52755325879179e-15
2.78160559207282e-15 5.18318887257674e-15
-9.84032302001759e-15 -3.00304245382419e-15
-2.23145791930291e-15 9.4948729741883e-15
-1.4970461422157e-14 -6.8834538913555e-15
-6.0597715591965e-15 2.10622505982609e-14
-2.85613029230908e-14 -9.13199341647147e-15
1.95905817784383e-16 8.25644383004336e-15
-4.24020055244214e-14 -1.34663844923357e-15
1.66478368613682e-14 3.742580926209e-16
-1.09060162149901e-13 -8.96732767572262e-15
-2.09189502692007e-15 -1.55063957946107e-13
9.73697717157597e-14 -3.32372392076742e-15
2.87434048925743e-14 5.76413219219968e-15
2.59694694269386e-14 -9.07343316355938e-15
7.9330257171895e-15 5.68454659924909e-15
-1.26412336756859e-14 -1.5780439460141e-14
-7.48117458001129e-15 3.14966586937749e-15
-5.92189104841354e-15 -5.90334296847205e-15
-1.35481437290018e-15 1.11675268326083e-16
-8.43932091487273e-14 -5.05002329076519e-15
4.95371327898243e-15 -1.5710407071318e-13
1.25329381085054e-13 -8.73531216015793e-15
-2.43154115263797e-14 3.27333608712045e-14
4.20430751545221e-14 -3.31970532343798e-15
-7.03282366484457e-15 7.44685133799046e-15
1.73696226444644e-14 -5.74618022548501e-15
6.76141164226635e-15 -3.46539649312291e-15
3.15541059836685e-14 -1.13228410727669e-14
-2.00175889981009e-14 -1.69692645262217e-14
2.1352838192615e-14 -4.12495664714721e-15
8.58453632438677e-15 4.04206482808105e-15
2.24249076281073e-14 -4.57988008140494e-15
-1.37639992089303e-16 1.30465711406485e-14
1.18661361601565e-14 -3.89978348123063e-15
1.11010848030048e-14 1.48565662706833e-14
9.7891469528477e-15 -8.1959976860388e-15
7.79696219683744e-15 1.34723282695707e-14
8.30540749980337e-15 -7.18878376057259e-15
5.29049208940091e-15 5.39794292194404e-14
5.89732225839789e-15 -4.28746790568629e-15
9.94779899251787e-15 5.79502408885341e-15
8.54227339257763e-15 -5.06471022145071e-15
1.61412441176989e-14 8.50756439703488e-15
1.11618202690539e-14 -5.14061594697887e-15
-1.28879487347817e-14 1.45932446687754e-14
9.81789011427726e-15 -2.47766973958473e-15
-9.41126782840661e-15 1.19114641908486e-14
2.79104858522168e-15 -5.75799996505598e-15
1.13764190276267e-14 6.25660590202058e-15
1.64507875632727e-15 -3.36718907022909e-15
5.60591439411981e-15 5.47564627627759e-15
4.1823930562833e-15 -3.1984160736911e-15
1.0179794076299e-14 5.91984267644001e-15
5.95226923671699e-15 -5.25186161203735e-15
9.00882003791116e-15 -1.54329479850898e-15
6.87388920855481e-15 -6.57280424079433e-15
5.53748062568613e-15 1.01717639436233e-15
3.8223616103246e-15 -2.54793437071502e-15
5.94784963877993e-15 1.12799045422286e-14
-1.72084925325584e-15 -5.84678407532594e-15
1.60935885525639e-14 -1.48871324992573e-15
4.0988966583413e-16 -4.0570449950983e-15
4.2518612065753e-15 -2.05791336497801e-14
-3.51915102134172e-16 -9.65426925158113e-16
1.28784923231229e-14 1.07755020283284e-16
-2.00185037099099e-15 -8.61093428501342e-16
1.65031939391931e-14 7.36565546766981e-17
8.11147216283378e-15 -2.25252948134397e-15
-1.65860432439547e-15 7.71492519694797e-15
2.0121746372882e-15 4.06802649864482e-16
-2.54307594876539e-14 4.86794991824125e-14
3.08106941120365e-15 -5.06494416192929e-16
3.09935478822481e-15 3.08659395685509e-15
-8.17048850713925e-15 1.16204174241548e-15
1.35915997357999e-14 -6.63060419280743e-15
-2.52554694215126e-15 -1.37500768016151e-15
6.47451665217228e-15 -1.09979275587921e-14
1.69326222769447e-15 5.78277663708067e-15
2.55423305721856e-14 -1.60879828816156e-14
1.07158493504546e-14 -5.38479588397634e-15
-3.62450250480647e-15 -2.03307079235014e-15
4.23432245032696e-15 1.56556739240135e-14
3.3371921031873e-14 5.11432598987451e-15
2.01420272099784e-14 -8.1118799239385e-15
1.51305043525227e-14 4.95839238236098e-14
-1.88690785848793e-14 -1.52796091707427e-14
-8.79151444081358e-15 1.36597041253391e-14
-2.20451431576955e-15 1.85377696941087e-14
9.62306227324576e-15 -2.09937304934883e-14
1.50816142074616e-14 -9.01749810961513e-15
-5.49703077534719e-15 9.91910913012255e-15
-6.37209708196128e-15 1.52156991236321e-14
3.89229850236928e-14 -9.50763993893521e-15
2.07882784490311e-14 -1.42858877333709e-14
-1.46139454493506e-14 4.53852601349375e-14
-2.84450690577247e-14 -9.61023173084514e-15
-1.14555160892335e-14 -8.46055756873384e-15
1.01741371089882e-14 1.42780890907555e-14
1.42146367021382e-14 6.74202568622144e-16
1.52195618223321e-14 -4.90018533203406e-15
2.72506852654994e-15 4.02906041936465e-15
-8.54849228673961e-15 5.90267490662154e-15
1.1719314298134e-14 -5.41313419032746e-15
-6.16998527726572e-15 5.13536154905577e-15
1.29568763136801e-15 -1.34358439360931e-15
-4.55406850462911e-15 1.35338467859833e-16
2.69629697603277e-15 -5.39566909306476e-15
7.75808690815854e-15 -2.58888917355652e-15
-1.54376286401321e-14 -1.11576369378903e-15
5.17098387314242e-15 9.24520439311374e-15
1.27122942718529e-14 -2.27869395308302e-14
7.28410064609658e-15 5.58035214126028e-15
-6.78970064408825e-15 -4.45221167747316e-15
2.60246709987085e-15 4.156594597403e-15
9.91223174351551e-16 2.42268471142452e-15
2.4426297832849e-15 2.57063055870261e-15
-4.77498245648905e-15 1.31173652848155e-14
2.3035566326164e-16 3.05195716469646e-15
2.74015972684539e-15 1.22886893206871e-15
5.12851607154707e-16 1.51316867117124e-15
5.16452475056655e-16 2.30919170616049e-17
9.98542975487044e-15 -3.53081250118989e-15
-6.28125554183636e-15 -3.42018426499377e-15
1.03407103449095e-14 -2.82364627992995e-15
-4.45986203202594e-14 4.27092228706427e-15
3.93276825174235e-15 8.40853164641967e-16
3.17999777563738e-15 5.52384667874102e-15
3.23586694350881e-15 2.90604469269511e-16
-3.25840669468912e-16 2.38389757469991e-15
-1.18973205021756e-15 -7.53357363788905e-16
-1.97956960188919e-15 1.07589718919136e-15
5.23278520507631e-15 -1.8031472840854e-15
-1.00071934804681e-14 2.1851631405759e-15
3.53079726338075e-15 3.75892738705481e-16
4.56334489402769e-15 6.77647929044152e-15
5.88674051341078e-15 7.67222793353481e-16
-2.83265148260478e-15 -1.12487216059508e-16
7.33792322018944e-15 -2.58358015107747e-16
-1.20038059420596e-18 5.28790802505698e-16
2.92497938184202e-15 -3.74327044276258e-15
1.75767308927852e-16 1.79814146518746e-16
-1.08637892254484e-15 -1.2803023359295e-15
8.34320702877914e-15 3.01193250332723e-15
-2.95307700144057e-16 -1.94256269988174e-15
1.27661453281475e-15 3.0706569637921e-15
3.83435272745691e-15 -3.40243971903677e-15
4.29346107976746e-15 -1.15387996274508e-15
4.99755213469315e-15 -3.46515193971672e-15
-2.07916367731708e-16 6.48277254006959e-16
3.70408825692891e-15 -5.24590637855976e-15
-3.55798461509201e-15 4.08407647428141e-15
3.97815330443371e-15 -3.17042254657931e-16
2.13121580724036e-15 1.10516919463425e-14
-1.00308314696651e-14 -1.30751514873492e-15
6.02038211191958e-15 5.95458174638333e-15
-8.07939162360304e-15 -6.16588643944149e-15
-9.50385058615169e-14 -6.392505115627e-14
-1.15452545730122e-14 -1.67643178632251e-15
4.81399314693796e-15 -1.52387383917725e-14
1.96103976464146e-14 -3.16695016023219e-15
8.24545450837442e-15 -2.67598379064206e-15
9.8423226181116e-15 -3.3380591202047e-15
-8.63060958378947e-15 3.37356153173888e-15
-1.85002440776536e-14 4.67235451966907e-15
5.06510617576151e-15 -1.92636151561263e-14
8.14812323791182e-16 6.386826779271e-15
2.55445949653971e-14 5.6658049670644e-14
-1.64890098199506e-14 -9.33285530965024e-15
-1.02617914792454e-15 -1.80449636981402e-14
1.76958219921168e-14 4.59386077343159e-15
1.13792191432999e-14 1.41163372932353e-14
6.01678689187528e-16 -1.19821123426421e-14
-8.9723318317953e-15 1.93412071972739e-14
-1.09117004808462e-14 5.9611746357857e-15
9.40410672829148e-15 -2.60582776714217e-14
5.72139496599982e-15 6.13025553441272e-15
1.23689681073392e-14 -1.23441365470724e-14
4.51681994248733e-15 -7.43149038837654e-15
5.68985245935014e-15 3.21004885370133e-15
5.92301780340848e-15 7.95719975995719e-15
1.71200050872387e-14 1.33190912080044e-14
3.80560439101917e-16 -1.50639786715577e-15
6.6945453743814e-15 -9.51163440882047e-15
-4.72096557586419e-15 3.23767368409842e-15
5.87994114234294e-15 -4.19059150609588e-15
-4.53915762074705e-15 -4.06229912937656e-15
5.23399698521365e-15 1.60822847600032e-15
3.71600903389373e-15 -1.19279651819091e-16
1.24867197117359e-14 1.08732118431596e-15
-1.14018664304856e-16 -8.90636632758333e-17
-6.20076298086065e-15 -4.39173443629218e-15
3.72241054046272e-15 3.35056727597473e-15
2.79366219517945e-15 -1.64370890542265e-15
8.65420638136322e-16 1.0765678882868e-15
7.5686859589369e-15 9.44012431106395e-15
-1.58641776572782e-15 4.77728461337758e-15
-8.4805273086266e-17 7.53602101455797e-15
2.4203362932978e-16 5.66458975429471e-15
-2.10344111891652e-14 -2.15619685796485e-14
-1.53367570437132e-15 4.5076463957891e-15
1.06102058452765e-14 -3.21714629912695e-16
5.05915557223832e-15 2.54628810104843e-15
7.01636840953507e-16 -8.6713388433904e-17
8.73538167449999e-15 4.90415348157442e-15
1.27145228247593e-15 -2.04430444711997e-15
1.94037463167425e-15 3.28576002405897e-15
-2.75208830973339e-15 -2.75238672818029e-15
3.56893730764028e-16 7.5655994625219e-15
3.58335078466089e-15 -5.42033886929336e-15
1.42617453078105e-15 4.88887981513998e-15
-6.99805771847511e-15 -8.58686063607839e-15
1.9607603466353e-15 5.2840904800104e-15
-1.37074108453755e-14 -2.22842527059858e-15
4.03707949468992e-15 6.93788207893292e-15
-2.05839430568884e-15 -9.07412087295908e-15
7.12247977019102e-15 4.98304509897688e-15
7.56365436378472e-15 5.25053015167122e-16
4.66478350421187e-15 2.53027883192593e-15
-6.12662007708407e-15 -7.87950843815304e-16
3.15034329021957e-15 6.04762450780842e-15
-3.9705286072643e-14 -1.42685796450804e-14
-6.06626315300533e-17 2.50480455520591e-15
1.05023652884668e-15 -5.40061858002543e-15
2.78460520161872e-15 5.12572460958844e-15
-6.96063335764033e-15 -9.1529015655748e-15
6.9515097034682e-15 1.70653856732807e-15
-9.41725416235516e-15 -2.17289849540099e-14
1.68811080613884e-14 3.96887246821503e-15
7.88264086752835e-15 -3.17431690589635e-15
1.26691271754489e-14 -1.75644818107852e-15
-1.7816857520097e-14 4.2097510624766e-14
2.47394607498175e-14 8.38441352100889e-15
2.68546888373129e-15 8.7166448268822e-15
-8.48950762177191e-15 9.30504792528617e-15
1.23473842362576e-14 -7.91944253101409e-16
7.48175202475183e-15 -1.70058943391892e-16
1.43198186391352e-14 -5.99612363917403e-15
3.11395575136362e-14 3.47356833590011e-15
-5.33133099110531e-15 2.30222807584091e-14
-7.44908800681186e-15 2.01811564780223e-15
-1.73648906381906e-14 2.67176043983133e-15
1.19097925674042e-14 3.69290062393933e-15
-3.84483087361254e-15 1.29945939724369e-14
-1.86989835082278e-14 5.91403999915553e-15
1.26960038661318e-14 -1.11919902388425e-14
4.5708202847062e-15 3.92524326590258e-15
1.63929480641563e-14 -1.19113575034609e-14
1.93372970827095e-14 -8.38131876877304e-16
5.07974209496425e-16 2.35689767845073e-14
-1.8604942906604e-14 -1.03635611903617e-15
3.09156701956384e-15 1.09160371486525e-14
-8.81489603931765e-15 -2.11220318733523e-15
-3.41101161521213e-14 2.30648711271214e-14
-6.19118181663644e-15 1.78842802577307e-15
-9.59525293875195e-15 -1.12128293029169e-14
1.78822731298384e-15 -2.19026357940667e-15
4.79271884077278e-15 9.71408839384866e-17
1.31162931683847e-15 -6.40429051337191e-15
-7.59470926720751e-16 -1.52743157018855e-15
5.01432724538756e-15 1.08873844294722e-15
5.38911138153017e-15 5.16726737475004e-15
1.64963123179933e-15 -2.06142067233714e-15
7.49334600456435e-15 -2.29697523537233e-15
-2.69244795590329e-16 1.91796948086183e-15
-7.28144010392419e-15 6.54819011316352e-15
-6.47365686512954e-15 3.5290529233563e-17
-2.27305477620694e-15 2.93306546043229e-15
-5.37444413061291e-15 -2.86744634786128e-15
7.91750403670515e-15 7.33227316839179e-15
2.99984873484797e-15 8.1507775394114e-16
3.28374046776608e-16 -6.54943299095846e-15
2.14268760594843e-15 -2.54703382274382e-16
-4.35490328428506e-15 2.32974425859649e-15
-4.85596930144383e-15 -2.88069735764637e-15
2.36353232970536e-15 7.32186745433005e-15
-5.84763543682184e-15 -1.42804950672698e-16
5.51791238281006e-15 -6.70030294689951e-15
-3.22863894304316e-15 -1.27999559220423e-15
-9.1994507975196e-15 1.32473041107286e-14
-9.12840245561749e-15 6.3615391563258e-16
5.45934050752759e-15 3.4143481641144e-15
-3.18818710858161e-15 -9.24481139683112e-15
1.87736426120399e-15 -5.0978672549408e-15
-3.3174595981508e-15 -1.66669994780667e-15
2.53073681821058e-14 2.57567446904667e-14
-3.98456017805554e-15 -6.3060572166384e-15
7.274348307693e-16 5.9366882254904e-15
-2.00792713822103e-15 1.04695858486423e-15
-5.85101949291369e-15 4.19056542992643e-15
-7.03757464341676e-15 5.51657150811707e-16
8.48725305228903e-15 1.26014229242809e-15
-4.75750044630417e-15 9.46940205116128e-16
-3.97316090091459e-15 -1.11969682646161e-14
-7.90594104398448e-16 4.70987738266447e-16
2.98271942671958e-14 1.41746964595148e-14
2.71416099949238e-15 2.53706782869086e-15
3.73113878638426e-15 -6.62977698659876e-15
-3.96039488376394e-15 4.00703368322192e-15
5.70873377146211e-15 -3.22281118835653e-15
-8.41684551729684e-15 -6.2624761157743e-15
-6.59074032952692e-15 6.28463560394315e-15
-1.15733959785339e-14 1.73570331509201e-15
1.26213643820172e-14 -4.96394815818309e-15
-2.02360497119919e-14 1.68446027068035e-15
-6.26548256689189e-16 -6.48694534597841e-15
-1.7972875284549e-14 5.03889999512732e-15
1.21555650295218e-14 -2.45368215073339e-15
-1.32240734227436e-15 -1.04844151767033e-15
1.46399054211921e-14 3.35223238507553e-15
-2.25717331859418e-14 4.5663070998881e-15
2.25426418403943e-14 7.45978778073645e-15
-6.7486753407161e-14 -2.15371338468878e-14
2.16369933280555e-15 -2.31323104360426e-14
5.16733695655731e-14 -2.2995929002499e-14
-2.68952123253209e-14 6.36570642062735e-15
4.47796907961592e-15 1.09003993679063e-14
-2.85721439346387e-16 -2.5565283833679e-14
1.79877232773459e-14 -8.01231178098453e-15
-2.43140932496968e-15 3.77599565098109e-15
-9.08922595123709e-15 1.14038587505443e-14
1.72356828177084e-14 7.16617178976571e-15
-5.17714754344805e-14 -2.38811884508323e-14
-8.9452195126161e-15 -2.91794479865177e-14
7.21810428620645e-14 -2.12534343559461e-14
-2.98299747955896e-14 8.08258943710987e-16
3.46985037726348e-14 4.66656455931545e-15
-6.85513967463644e-15 1.54342670077141e-14
2.46301169461741e-14 -8.12632910962281e-15
-1.18905404314584e-14 1.31657423209033e-14
1.27889765111899e-14 2.28184602036832e-15
1.08150973350634e-15 6.38377433985552e-15
5.73861995524723e-15 -3.84351479299813e-15
-1.10270426327677e-14 -4.27427711042355e-15
5.25428386576039e-15 1.99236578276673e-15
-1.11078422678537e-14 -5.32414744717598e-15
1.05830879603136e-14 -3.70438486381434e-15
-1.28049898261022e-14 -2.20011166866359e-15
9.2851528576209e-15 -3.72686483047242e-15
-1.30195029935138e-14 2.47429002622012e-16
1.2320026346543e-14 -3.10059288550003e-15
3.66926712611305e-15 1.32329528005472e-14
8.0714961477602e-15 -4.13086792247005e-15
-1.80711476522796e-15 1.03814465723309e-14
2.87645969546918e-15 -8.93699541982695e-15
-1.31318497288979e-14 3.29222230183489e-15
-1.37208582342844e-15 -6.18375644674712e-15
2.425864042402e-15 8.97125879861927e-15
7.53514521784602e-15 -9.66898575455989e-15
-1.39687801743429e-14 -6.50542890756503e-14
5.36000646503277e-15 -8.33679389944783e-15
-5.74357095167068e-15 2.88645967511319e-15
8.13652828051738e-15 -1.0664500975741e-14
-4.49332644191996e-15 1.05534651730769e-14
3.47767023059264e-15 -4.03778966530512e-15
-1.35005011838857e-15 1.29686173819583e-14
-1.63921849710565e-15 -1.00639585769487e-14
1.7615579656606e-15 1.90232680071617e-14
-7.2126917806081e-15 -1.01604184697594e-14
1.41712782905524e-14 2.82987958467713e-14
-7.12011267478102e-15 -7.6470492959791e-15
-2.23558457994589e-15 3.32766526046092e-15
-3.09644378315086e-15 -1.01991789315125e-14
-3.24525431151319e-15 1.42111539812509e-14
-2.38417463262615e-15 -8.75689755469796e-15
-1.18000801165699e-14 1.62200857948066e-14
-4.41613280944306e-15 -1.22673729662505e-14
-1.59265292593346e-14 6.85335997142803e-15
-7.5613483826437e-15 -1.12532583236404e-14
-2.47724040609455e-15 1.92143222098584e-14
-2.14738069487891e-14 -9.91369739078815e-15
1.07419200011502e-14 1.52550788937356e-14
-1.98114499753278e-14 -1.49163587044274e-14
7.72023997802855e-15 1.53184372602582e-14
-1.92208200557223e-14 -1.56045675584092e-14
8.65025193868402e-16 4.49633141517052e-15
-2.19906427665301e-14 -1.3559799429553e-14
-3.50545467010352e-15 1.59050027915316e-14
-3.15673674056609e-14 -1.08336346668694e-14
2.34594920529184e-15 1.99757196554272e-14
-4.85673862481108e-14 -1.75996093454307e-14
2.88704394978004e-14 4.42083091310098e-14
-6.27274307866882e-14 -1.31374550336573e-14
-5.33339372232663e-15 6.75266692188432e-15
-1.01657717006287e-13 -1.39544919684126e-14
1.74297591308539e-14 1.38433510480662e-14
-2.63748317048198e-13 -1.56966444520309e-14
9.62448235497333e-15 -3.69740602123813e-13
2.20004756269304e-13 -1.68089990501464e-14
1.01707479612976e-14 1.03730282891148e-14
4.8797710176141e-14 -1.2506247012655e-14
-2.71654783699578e-14 3.26184196012504e-14
-1.16784184110406e-14 -1.5710162162018e-14
9.32680664446589e-15 9.35477922358035e-15
-3.73495209970446e-14 -1.86051871475965e-14
5.8566040208969e-15 8.88579609944339e-15
-2.12648119974485e-13 -9.86341687904206e-15
2.03503940953826e-15 -3.85587681824588e-13
2.73266026926388e-13 -1.35983773521876e-14
1.22183477155257e-15 9.56572784591274e-15
9.4367091946673e-14 -1.15443413433989e-14
1.06891070305603e-14 6.98374209220416e-15
5.25952116682346e-14 -1.44019832690468e-14
9.26822050237178e-15 8.75487140525395e-15
5.66545863782174e-14 -1.15989801537057e-14
1.50404756185917e-14 1.25935879065889e-14
4.59545918986395e-14 -8.82217571416957e-15
1.85260070617624e-14 2.29752622719317e-14
3.85934706765044e-14 -1.17671855451652e-14
1.02507119887415e-14 2.17090076627997e-14
2.9453468787237e-14 -6.52562551561417e-15
1.04476978818057e-14 1.21870124522012e-14
1.95653291345627e-14 -9.149766921133e-15
3.34838046546727e-14 -3.88820417162759e-14
2.08089904143871e-14 -3.50408597845801e-15
9.48102046233518e-15 9.14957520223816e-15
1.67407280521645e-14 -3.57031966979781e-15
1.14588457625644e-14 2.02941556462185e-15
1.85897943991991e-14 -6.27514533340989e-15
1.22483787212141e-14 3.3768497670174e-15
1.72727094210629e-14 -6.57349540829559e-15
1.19986802296197e-14 2.35950254982174e-14
1.33535239415949e-14 -7.49653654920879e-15
6.5227594993667e-14 1.02260848935228e-13
9.30818946542232e-15 -4.33421002417994e-15
1.44620961478631e-14 6.08276264797734e-15
7.50736395211144e-15 -6.53844723929811e-15
1.70103858397307e-14 1.47610848255254e-15
1.22291734547658e-14 -6.3213294978303e-15
1.83520840086311e-14 -8.6306752865885e-15
9.37730451518569e-15 -5.955378896635e-15
1.70333614032441e-14 -7.08562389713354e-15
1.41448318670792e-14 -5.89628678012035e-15
1.70640972818464e-14 4.76265375988446e-15
7.41464423463358e-15 -3.12720340115963e-15
2.41605887453141e-14 1.37150978962479e-14
7.03522512918638e-15 -4.2900024933942e-15
-5.58226662796907e-15 8.65791809001328e-15
4.93184301213044e-15 -3.62757144262386e-15
6.11164450538644e-16 4.70619955421961e-15
8.94033641742237e-15 4.49545085230655e-15
2.01764815697356e-14 -8.96831990090368e-15
1.01011919505288e-14 -3.30078609268184e-15
1.08922728102026e-14 -1.97029708672582e-15
1.24638929213187e-14 -4.55546312638597e-15
3.28904127172543e-15 2.32727993204602e-14
9.3944715260468e-15 -3.03993742348183e-15
1.87236834915896e-14 -5.15854351129589e-15
7.83189532550818e-15 2.97922738281867e-15
1.3401907040617e-14 6.55038850372133e-15
3.39347267473224e-15 1.99831335439743e-15
5.19451693505555e-15 -1.43313598828043e-16
2.27270103480721e-15 -1.7209128378589e-15
1.05871004107357e-15 -6.65082563695495e-15
2.80991570416889e-15 5.69289523104428e-15
3.21265590683892e-14 -2.03382632742369e-16
2.12294654791309e-14 1.03904442349234e-14
1.80537730970757e-14 7.68091103203927e-15
2.89857632131195e-14 3.2997542341921e-15
2.42923704434084e-14 -6.98403122372277e-16
1.38222590755447e-14 -1.88842189290872e-14
2.80497352453934e-14 6.92742162399398e-14
-4.59490536761217e-15 -2.17558734509899e-14
6.74035450203216e-15 -1.28248457399407e-14
-1.31779749365794e-14 3.8137535235262e-15
1.85076184784872e-15 2.67431418571082e-15
1.8876921436235e-14 1.70885351845638e-14
2.40490213913801e-14 3.3673851524216e-14
2.05378035664035e-14 1.81263606298577e-15
3.42223304651941e-14 -1.64676974854601e-14
1.10161439666094e-14 -1.85856036969625e-14
-3.90974954192043e-15 8.15959514284077e-14
-9.35940988665405e-15 -1.90063985601729e-14
-7.96298349456746e-15 -1.49407480251473e-14
-5.54683280767234e-15 -2.77018910058355e-15
-7.85941432494089e-15 -2.09073933864344e-15
7.25793650626016e-15 6.12044905056525e-15
-2.72058084256634e-14 8.38144289419156e-15
4.9637828332759e-15 4.73960971488568e-15
1.76553782524431e-14 1.79496523524461e-14
-1.51732014827848e-15 9.35825784940261e-16
6.09698085206564e-15 -4.29140916010239e-15
-8.51253668981533e-15 1.25403918929665e-15
3.2493103671349e-15 -3.20743556925237e-15
4.18500553981643e-15 2.57163979211e-16
1.71977681695011e-15 4.28309847932035e-15
1.14215866284383e-14 4.50605990415942e-15
3.64444808079695e-15 -5.4830362620913e-14
1.98532063695004e-15 -2.18733357102186e-15
5.50963867794981e-15 5.34962127737351e-15
4.67415708029318e-15 4.34003048351311e-15
7.40731335474869e-15 1.02248250466555e-14
2.61771153542398e-15 2.72968091355162e-15
-9.27631951293799e-15 -3.52692839459e-15
3.85479087924786e-15 1.83105227535388e-15
1.10849684331268e-14 -2.39259523134344e-14
1.88877561159551e-15 -7.43900776050521e-16
1.36167208407261e-14 -2.81980176702465e-15
6.54239783110343e-15 -1.61881540314801e-15
2.18160609580174e-15 -9.8747098771359e-15
9.28698734583954e-15 1.4660193510981e-15
-3.12767027044738e-15 -7.02140375088807e-16
6.04477874561445e-15 -4.86249975653473e-15
1.6914361043654e-14 6.42308026923523e-15
6.03128065345296e-15 1.20899505129681e-15
3.90132815356289e-15 3.49094646564874e-15
-2.91056164086787e-16 9.36327339937598e-16
6.38061301921092e-16 -7.96504245990192e-16
4.02453947251593e-15 1.64341379097043e-15
3.14244991455864e-14 -2.24587060410062e-14
8.93855371622393e-15 4.60935447827735e-15
7.78344740853148e-15 -1.16694975122283e-15
1.09875329733871e-14 4.17681704828575e-15
-2.24000703555175e-15 -2.30207163931568e-15
5.1751230747692e-15 3.0910414585323e-15
-6.10341514582719e-16 -6.31907165297224e-16
3.57998581079086e-15 2.3526935320984e-15
5.2466837172153e-15 8.62077456847035e-15
3.62774752475974e-15 -1.31911143129122e-15
1.20197255359915e-14 -1.97080292187445e-15
-8.28219358700332e-16 -4.74195798771859e-16
6.06282833603089e-15 -6.66299706849833e-15
3.60432626660734e-15 1.67443023331486e-15
1.00649434295075e-15 -1.87776607781145e-15
1.01536804462203e-14 4.75182898763876e-15
1.00349547625136e-14 -4.34542887282726e-16
1.25203461006625e-14 3.33621692542965e-16
-4.73223047165294e-15 3.67157241837862e-15
1.05844270971821e-14 4.92655890996828e-15
-7.79896225188023e-16 8.51904056272713e-15
-7.2243165281072e-15 8.46068731763543e-15
7.40240639872277e-15 5.29211857472209e-15
-2.58554536461103e-15 3.91050834271345e-17
-1.74277724761758e-15 -1.65384445052778e-14
-7.8345041841523e-15 1.99660305149817e-15
2.40369888035195e-15 -1.81235493746469e-14
2.45464423514943e-14 2.48587414167484e-15
6.62628554670954e-15 -7.42013991198048e-17
1.52373069016563e-14 5.11272062119394e-15
5.44895954739228e-15 2.64543614135879e-15
6.69990207552527e-16 4.06428235365048e-16
5.41688800008738e-14 -5.80756899421061e-14
5.07649955231221e-15 -1.50550376788935e-16
1.20487080550735e-15 1.52036390864774e-15
-7.50002309932801e-15 2.16579418592444e-15
1.49522854991104e-14 -2.20839511665223e-14
2.81445810626964e-14 6.15348853483715e-16
7.22241303781961e-15 1.80537907015916e-14
7.56377247740391e-15 -1.16448735467493e-15
-3.80064420826051e-15 1.69310957882538e-16
1.04068960601827e-14 -1.83845345194484e-15
-5.04759414743445e-14 -3.08776172777074e-14
3.83906599443687e-15 -2.72869113329421e-15
1.59056213357539e-15 -1.09772970998045e-15
1.61722794219698e-14 -1.38041378185199e-17
4.5550602198855e-15 9.03909388071647e-15
1.67581122431963e-14 -1.56470735641554e-15
3.75126130771204e-15 1.20263924885825e-14
9.94203587380144e-15 -1.15569729349472e-16
3.77040493379851e-16 2.57351674494952e-15
6.2979443607581e-15 3.65734582018208e-15
6.21625926995922e-15 -1.85824729045526e-15
4.58949719546107e-15 4.10323630111168e-16
1.31677910542347e-14 5.47232852310942e-15
1.33569151127049e-14 -3.0060728580839e-15
1.04104173291209e-14 -2.22791979902888e-15
1.43870587531208e-14 -1.94731405886203e-15
1.68811916829934e-15 8.55564772899368e-15
1.44286344468458e-14 -1.6283932652492e-15
4.91057069718548e-15 5.22325117177004e-15
9.49358494902162e-15 -1.90753620895126e-15
8.51925016328053e-15 1.70320828421357e-15
2.17707957510749e-15 -3.29318881903639e-15
-1.73480141346789e-15 1.32123519048888e-14
4.43700045078871e-15 -4.28146882230924e-15
2.16668161425398e-14 -6.87382327193643e-15
1.0346912062132e-15 -2.22074141498907e-15
1.19512810507832e-14 -6.20467123809187e-15
5.46786377397196e-15 -2.4251574512594e-15
1.25317815637202e-14 2.91834217612721e-15
7.13295518803892e-15 -1.19087945811515e-15
8.3157254025988e-15 9.27020312631072e-15
7.94684840674882e-15 -2.3833527960334e-15
1.94087342598494e-14 -3.30256986813931e-14
3.67557293146919e-15 1.67687115149918e-15
9.07406439203237e-15 5.15517617718201e-15
1.79485655659811e-15 1.90154244828284e-15
6.49732215210304e-15 6.24961200652554e-15
3.49024684477783e-15 -2.92316457868391e-15
1.30668542724778e-14 -1.04317823964367e-14
6.57109113763899e-15 -9.99273161820824e-16
1.89825464374379e-14 -5.15541354821973e-15
7.53126217550992e-15 -3.09980816312151e-15
1.21148089742455e-14 1.65239412128505e-15
6.96762290922832e-15 4.00140966812644e-16
8.84118762143391e-15 8.63161547317024e-15
4.09228207299599e-15 -1.82753190858773e-16
1.34304437480702e-14 7.24812393720911e-15
3.13155935274622e-15 -1.9091705814667e-15
4.51069921101522e-15 -7.97341790991056e-15
1.77437240728308e-15 1.42353641771845e-15
1.81489393419805e-14 -3.97178689571008e-15
6.28657769619954e-15 8.32526949267406e-16
1.24129162757867e-14 -8.37111202420512e-15
9.82372029070244e-15 3.61190519205172e-15
-1.08494864886464e-14 3.73082052852132e-14
1.42689716605139e-14 1.72279401357474e-15
6.42323906371473e-15 6.41565294716485e-15
1.55264947441131e-14 8.85867456976491e-15
6.09199991501351e-15 5.54797732608026e-15
-9.60832125384946e-15 1.24865495791798e-14
2.30225744530001e-14 -8.36079616037326e-15
3.17696269713985e-15 2.96731972909424e-15
2.09907190889071e-14 -8.85800180134882e-15
3.01260014849056e-14 7.12704407778622e-15
-2.23893912497079e-15 -1.04127240413025e-14
-7.07176782130666e-15 8.32389942884554e-16
3.09520653725973e-15 -2.07960626984194e-15
1.95529626852419e-14 1.45436165265629e-14
1.15078113531202e-14 6.33291631505485e-15
-1.40494819313817e-14 1.59187806427555e-14
1.24837184606378e-14 3.61115381133861e-15
3.96806329041629e-15 1.07104688384942e-14
1.04535859190165e-14 4.91932128976735e-15
2.48432877780032e-14 1.02937600265921e-14
7.40762466115577e-15 1.89478594284675e-14
-9.96367556151044e-15 8.47702843471208e-15
5.52971234567598e-15 -1.74691457761658e-15
-9.14593053021274e-15 6.65554138753606e-15
1.16759489758973e-14 -1.44720134515524e-16
-5.42276163204956e-15 7.19852299484373e-15
4.40627564755821e-16 -3.17215134575586e-14
6.14291137679818e-15 8.99173350157315e-15
5.04521199723366e-15 -5.73826054370595e-15
1.04730180532908e-14 2.82780825850669e-15
1.07824842829321e-14 -2.1227977014705e-15
1.31636014146522e-14 3.47020992522747e-15
1.41334545897462e-14 -1.92563305141941e-14
7.6916461059694e-15 5.72447051647988e-15
-8.80483759619718e-15 -3.36652058667563e-15
1.17136789424253e-14 9.50643878980217e-15
1.10229970388327e-14 -2.28274505421952e-15
4.69396150535651e-15 5.08731338985457e-15
-6.16675008111867e-16 -7.04594399794425e-15
1.38176243652949e-14 6.20966827245626e-15
-1.60094488535465e-14 -1.00553557524091e-14
1.44711093017653e-14 2.72421033863225e-15
5.34767303195808e-15 3.02419639050278e-14
1.9716427230832e-14 5.0884442978652e-15
-2.13753683389582e-15 -4.00052391423614e-15
1.74867862686919e-14 4.0067821187352e-15
6.68632460098267e-15 -2.69279557069874e-15
1.24069742204164e-14 -2.84924998412857e-15
4.36743224414385e-15 8.32455226864481e-15
1.08345341871981e-14 1.81839879608636e-15
5.11286499162417e-15 2.59637128302792e-16
1.29999470184102e-14 1.38048060040462e-15
-5.09776271728796e-15 -2.03598687438193e-15
1.30551962621761e-14 6.20095299464124e-16
1.28315426492591e-14 -6.22207389340811e-15
1.73595354170914e-14 -7.05575876450964e-16
1.28859974412456e-16 -3.34457795776449e-15
1.56235923197735e-14 -1.15659390030435e-15
1.73834239387494e-14 1.75358729429495e-15
1.45396833350378e-14 -1.99823679710799e-15
1.10222572531474e-15 1.69976815787817e-15
8.49105634509277e-15 -3.52909590036218e-15
3.42420352064794e-15 8.18572310429715e-15
9.28996371666702e-15 -8.56893435482605e-15
-1.48769885299771e-14 -2.1316282072803e-14
1.26991212932181e-14 -3.58241491749732e-15
6.01824843665961e-15 2.13137480469489e-14
1.77228635565701e-14 -4.8657002921787e-15
-1.22023707246477e-17 1.21491448949398e-14
1.20870855122913e-14 -7.23433899590953e-15
6.77984948099505e-15 1.17690806498443e-14
8.64034293980343e-15 -1.04082150190982e-14
1.30465492242737e-14 1.70117344706614e-14
3.81176378668339e-15 -1.14186880787863e-14
-1.48769885299771e-14 -2.1316282072803e-14
-1.99709496577378e-16 -6.7253612402916e-15
6.85310668478613e-15 -6.7230944187831e-16
-3.56850117129727e-15 -1.2824570121038e-14
1.13101522307402e-14 -6.53165405031898e-17
1.15590723460339e-14 -1.10396436508599e-14
2.30346394333704e-14 3.19982259400357e-15
-2.61880406638981e-15 -1.25324082708324e-14
3.08524264768194e-14 1.97550885868815e-14
-4.48833684651683e-14 -2.7170871564495e-14
2.18267207934594e-14 -1.94205321683323e-14
5.37276004925224e-14 -3.2349609724466e-14
1.17074057532401e-15 2.13449279942456e-14
1.49838287277736e-14 -5.35360363846022e-15
1.86377729250064e-14 -5.30353637327668e-15
2.26947006608903e-14 -1.7302061172183e-14
1.78947659428341e-15 3.64330605356784e-14
-2.3952225734062e-15 2.66240422887994e-15
3.6490270783295e-14 4.1048664881924e-15
-3.60783894734026e-14 -3.12260650695387e-14
1.59145341893277e-14 -1.00666658729983e-14
6.0498963834703e-14 -2.61409424707877e-14
-1.15144464422042e-14 -4.53577805491634e-15
2.88854092023365e-14 -4.08654637075283e-15
1.9426278918706e-14 1.63553195685098e-14
2.35127530080024e-14 -1.1414729858198e-14
1.82309333675372e-14 2.18527315277471e-14
9.97831773864105e-15 -5.19834958071443e-15
2.96490172940129e-14 1.96936343921138e-14
6.72621358559659e-15 -6.80910620529565e-15
1.66304825326532e-14 -4.51884554605682e-15
7.65706661930202e-15 -3.96966841980464e-15
3.46124029799428e-14 -1.23565170906137e-14
2.90509048679813e-15 -2.09273479465597e-15
3.74555880082019e-14 3.89529429778807e-15
8.49001687731494e-15 -2.73166608150996e-15
3.23776064682139e-14 3.84225708044846e-15
8.44273763710674e-15 -4.21571754275774e-15
2.68576217963098e-14 -4.76047573024147e-15
5.81418972311578e-15 1.73897430221204e-15
4.51601380297317e-14 1.09264295260149e-14
4.05804827582431e-15 4.51302424326775e-15
2.98010058518613e-14 -1.63811945176377e-15
2.8637827516424e-15 4.34445841387972e-15
2.97563097020178e-14 -1.52342927190767e-14
9.21279646292211e-15 7.29962479864583e-15
4.20703690179769e-14 -6.012763338636e-15
1.19596467610912e-14 1.14110757563507e-14
2.07130876569739e-14 -1.40414935526618e-14
1.34396922652464e-14 1.03079701676569e-14
3.26310879277702e-14 -1.07677272347344e-14
9.35332226280007e-15 1.35241735265727e-14
4.28951965916737e-14 -8.9908160127608e-15
9.05082936935451e-15 1.66031248616215e-14
8.6918840017609e-14 -1.79805888515855e-15
1.49797797944289e-14 2.40096055320473e-14
3.53854259444745e-14 -3.05299039260249e-14
1.98873026176506e-14 2.19802687427503e-14
3.08777924419531e-14 -2.19490376505548e-14
2.38010584470812e-14 2.31451673147339e-14
2.65733233498247e-14 -2.22260885076525e-14
3.41161690845601e-14 2.61326036543833e-14
3.25688694020782e-14 -2.05727762316728e-14
3.49368789784941e-14 2.49143478497096e-14
6.1501555032863e-15 -2.92556545003873e-14
4.51738644096181e-14 2.64522705085538e-14
3.46270552269871e-14 -2.26914658948805e-14
4.24494097337086e-14 3.37979163697388e-14
2.66497028170924e-14 -4.19281668577804e-14
5.51044022885966e-14 2.91515329833912e-14
2.68203160785553e-14 -2.77542675852435e-14
7.32931907236174e-14 3.54051952177316e-14
2.86859680225239e-14 -3.94067657243913e-14
9.41781862633028e-14 3.30448658856417e-14
1.21119515102879e-14 -3.25618231239285e-14
1.06640691612802e-13 4.33425938897984e-14
2.70205925034016e-14 -4.15460635155602e-14
1.35681073753064e-13 3.4263546123412e-14
1.53532607979264e-14 -2.52330861435043e-15
1.76999251369942e-13 3.99296510372651e-14
-2.87127901555601e-17 -4.23053239125947e-14
2.91344782247784e-13 4.51278805875563e-14
2.00596399961739e-14 -3.76840205653268e-14
7.99578076179407e-13 3.87637253775641e-14
8.5264756379925e-15 1.11947244176743e-12
-6.60714143804078e-13 4.59728965214883e-14
-1.6661721668343e-14 -2.77363944100653e-14
-1.38365610036701e-13 4.20547534113983e-14
-3.84368167304988e-15 -2.95440763381764e-14
-1.06706930827267e-14 3.84024905972868e-14
5.76033180999906e-15 -4.65440829537842e-14
1.53201170091413e-13 4.41622481531927e-14
-1.12764970947021e-14 -4.66627033694502e-14
6.70258277116392e-13 4.19990094300447e-14
6.52331382811123e-15 1.11480791856678e-12
-7.91440997864451e-13 4.18917292016903e-14
1.74541283645704e-15 -8.09343064534809e-14
-2.9262250833487e-13 4.37377151214334e-14
1.64376740566927e-15 -3.63552553353063e-14
-1.96871944125545e-13 3.56505028229839e-14
-6.40958615888018e-15 -4.91438422141135e-14
-1.2392997964704e-13 3.6566301335083e-14
-2.94386332536403e-15 -4.56414259135676e-14
-9.73277511986412e-14 4.49409923887173e-14
-2.32664412932385e-14 -3.04106015572607e-14
-7.2431317718342e-14 3.48261345249065e-14
-2.06018889614587e-14 -3.67199717467038e-14
-6.70403129598122e-14 3.27987439169358e-14
-2.98799977020315e-14 -2.94366013113176e-14
-5.60811438391143e-14 3.1823680470287e-14
-1.68987322806429e-14 -2.44640335095379e-14
-4.45776995745265e-14 3.13512381625765e-14
-2.53954025250901e-14 -4.74695820859701e-14
-3.63533609690789e-14 3.1752497893148e-14
-2.55307611526588e-14 -3.21624312489288e-14
-2.42272200683141e-14 2.57692649818239e-14
-2.48479005868494e-14 -2.0468413398754e-14
-2.39626035526724e-14 2.5544596517457e-14
-5.12538688519831e-14 -2.04557628571533e-14
-1.9015124011059e-14 2.50921417132561e-14
-2.95171556005305e-14 -2.89362138004867e-14
-1.61066551672386e-14 2.35380525097642e-14
-2.34479409570758e-14 -1.7988227900955e-14
-1.72612211169801e-14 2.22268242478816e-14
-2.31236341627802e-14 -1.9169625026659e-14
-8.3388354474563e-15 1.78241647536046e-14
-3.75411524113379e-14 -2.7567904246495e-14
-8.9033512694201e-16 1.93547609260065e-14
-8.14192171795962e-14 -1.99375896417349e-14
3.2543415645292e-15 1.38342332657992e-14
-2.46443160745631e-14 -1.15093776162859e-14
4.82893935905633e-16 1.42375084622368e-14
-2.57558032771292e-14 -7.38515489240972e-15
-1.94777311903078e-15 4.50715590719589e-15
-1.68957701795207e-14 -1.51891401920843e-15
2.95773651246478e-16 7.37581163977421e-15
-2.32172152691897e-14 1.1110781391821e-15
2.75566345702568e-15 4.879610656659e-15
-2.32785671755892e-14 -8.61618423548468e-15
2.11839475925219e-15 5.34760477726814e-15
-3.2857739231043e-14 -1.75134566393604e-15
1.02773882296893e-14 5.15812781503643e-15
-2.19679332026342e-14 7.64518802596015e-16
9.76076964101201e-15 1.10373985705777e-15
-1.53603369616002e-14 -4.7557825991612e-15
6.51268455012193e-15 -4.44681974312591e-16
-2.72107445704419e-14 2.40589458700151e-15
-8.5421879805309e-15 2.35039116076001e-15
-2.03357297405151e-14 9.03288991234077e-15
-1.37648519416099e-15 -5.88345278548245e-15
-2.31786123715911e-14 2.08617113206431e-14
3.44746839673486e-15 -2.93791208293302e-15
-5.7799439194978e-15 -1.38929596642435e-14
8.88670022109601e-15 -1.55733069855555e-14
-2.48842052305788e-14 -6.69034424635795e-15
8.6362839665588e-15 8.05235568022501e-15
1.37522746559518e-14 2.1042070485719e-14
2.54861260832281e-14 -2.83674759801196e-14
-1.15641218323888e-14 9.23667060132297e-14
-2.95562090387055e-14 -3.26196207639936e-14
-3.12326015393979e-14 3.40263534196882e-15
-3.87531414095333e-15 1.09487059253411e-14
7.93731617398209e-15 -1.227402726942e-14
1.20794022249013e-14 -2.79576566102429e-14
-2.68778292331572e-14 2.09229869225844e-14
-1.91286227343239e-14 1.04181803503973e-14
1.94990929195584e-14 2.33749877570577e-14
2.11506263107174e-14 -3.42557817219007e-14
-5.5325073002893e-15 7.71256926524393e-14
-4.37415693977801e-14 -2.87532290468886e-14
-2.48832590013537e-14 1.56556053274551e-14
-7.2801961284111e-15 2.96062189735813e-15
3.40718208452714e-16 9.56467638859522e-15
-6.72750107893803e-16 -1.49953092796682e-14
-9.99494248763952e-15 2.87912608832379e-14
-1.74408221002384e-14 -8.01081823431381e-15
4.8805462947751e-15 2.66655535194628e-14
-1.9293936532185e-14 -7.09167854699731e-15
-6.61153586630744e-15 1.19669650776458e-14
-2.14576980991388e-14 -6.84134010169511e-15
-1.37607579783359e-15 7.25622101902901e-15
-6.99681077838611e-15 -1.19837179404625e-14
-3.87182679775705e-14 -2.05022201650078e-14
-1.52016968145316e-14 -4.19847110597271e-15
-1.07132895677996e-14 3.69444666774506e-15
-8.50520387240035e-15 -2.64868020073012e-16
-5.78865019162411e-15 4.6783706506507e-15
-1.25321718487964e-14 2.72497166282028e-16
-2.47570243481264e-15 8.52237294634679e-15
-1.75194687964805e-14 -2.86916284318833e-15
-9.07110811768808e-15 8.72399823298603e-15
-1.5804101832385e-14 -1.39554400323766e-15
1.77557004392212e-14 5.80318957525523e-14
-1.69148610460785e-14 3.1195426870797e-15
-1.33071366429477e-15 5.62358835329363e-15
-1.05774920625947e-14 -7.69430350091776e-16
-3.14574928026896e-15 -2.16567093715153e-15
-9.9816069008705e-15 1.90640470711576e-15
-2.73933449837692e-15 1.8093556006427e-15
-1.05990865989159e-14 -5.49149885696382e-16
5.41169737789114e-15 3.24375948996778e-15
-1.18142977604029e-14 4.79038344405902e-15
5.96178774913888e-15 2.28532334045729e-15
-1.43906516954985e-14 5.30870665233347e-15
6.15213996885191e-15 -1.25101807900054e-14
-1.50028724755374e-14 -1.6576723427324e-16
-4.12849062084464e-15 -1.75676209577867e-14
-1.03204492739885e-14 4.15798651860788e-15
-2.59875034229104e-15 -8.05562967129856e-15
-3.87395812051763e-15 4.62266795754216e-15
-4.52481088375649e-15 2.35407963776701e-15
-6.45484655119589e-15 7.90131700597964e-15
4.9488556683838e-17 -8.05181965636982e-15
-1.07809951062069e-14 1.92926490505733e-15
4.6724437586831e-14 9.51886059126048e-16
-8.21465984961173e-15 7.40455709020446e-15
6.9891206891967e-15 -9.03557096815429e-15
-8.3295461940037e-15 5.61532968713194e-15
-2.22155061654779e-16 -7.96129785706803e-15
-9.59826113676844e-15 5.61645841543851e-15
-2.43027611851918e-15 -5.6013839143869e-15
-4.27364890423632e-15 5.50493577891818e-15
5.14692934818176e-15 1.267121243505e-14
3.49220120605596e-16 7.34670701677613e-15
2.03534487787668e-14 -7.66529862865685e-15
-1.11748374565565e-15 1.18699920124729e-14
-1.01087696363378e-14 -1.8837226684962e-15
-1.36167188947383e-14 7.52839178775622e-15
-6.83909105515066e-15 -2.12861469264635e-15
-1.24062338275775e-14 3.86922005771273e-15
-1.82473921347184e-14 -5.37735549048904e-15
-1.84675720713764e-14 3.49169641847298e-15
-1.67655929367123e-14 -2.67298278502738e-14
1.58173241369927e-14 7.87947006597025e-16
-5.94459403296588e-15 2.14237208956482e-15
9.97183817758803e-15 3.12959918933139e-15
-1.02590487536757e-14 -2.71997243079637e-16
-1.93441591701095e-14 1.07784690444743e-14
-1.60485360585965e-14 -1.96857592600803e-14
7.81087820237174e-15 7.41304569142043e-15
1.32723560322745e-14 -1.3422587054939e-14
-1.23967771131154e-14 -2.50641872578956e-15
-1.2776169323346e-14 -3.46406995145983e-14
2.33745072087174e-14 8.07435554620704e-15
-5.29818510357537e-15 4.25913810267592e-15
5.34038549637281e-15 -6.63555020428168e-15
-4.80498134041429e-14 -1.91610558259896e-14
-1.70791307879596e-15 8.00313562138544e-15
7.00657256843551e-15 -1.7832371732515e-14
1.0426987082984e-14 8.85064353934604e-15
2.81642604903576e-15 -1.87026648603202e-16
7.66285816204828e-15 2.45053183617308e-16
-7.69262335333115e-15 2.1774632714835e-16
1.05700265020529e-14 2.04499318511313e-15
-8.80799086945952e-15 -1.16183442541772e-15
2.63423460352684e-15 -3.48457398254229e-15
4.29130062344248e-15 -3.13600593206023e-14
2.24827668557973e-16 6.42885442736065e-16
4.54585283203946e-15 1.95807049450452e-15
-6.7174731326964e-15 -4.77915024074776e-15
2.87203050672949e-15 -2.88950699046766e-19
5.66325936063002e-15 -7.48460244095853e-15
-1.57565563057408e-14 2.69420899587718e-14
7.00736783625e-15 4.53143077031067e-16
4.88292370113218e-15 4.98084164142621e-15
5.35434802298359e-15 -3.18350253835383e-15
-5.73902736019318e-15 1.32362199592787e-15
-1.52202740397193e-15 -3.33634287000458e-15
-2.87064506988224e-15 1.18639609197188e-14
2.22457728159526e-15 -5.2884821167922e-15
-9.74576195257615e-16 7.1460327433085e-15
-1.70540148858961e-15 -5.35412761531247e-15
-8.26471599608917e-15 -7.52722336944037e-15
-2.85972475741173e-15 -3.93781981228499e-15
1.51313876138808e-15 1.93822725276116e-15
2.40443373527241e-16 -7.77307613589326e-15
-5.52809871830115e-16 5.32818360928547e-15
2.49445907316343e-15 -3.90826980279817e-15
-6.36820754154677e-15 7.57176462075727e-15
-3.06687189071969e-15 -3.55387434826338e-15
-2.58550221993897e-15 1.40471619144192e-14
-3.43270391289403e-15 -3.54728230962222e-16
4.68450377553234e-15 2.54350118070249e-15
-5.44770709308322e-15 -1.33975110625596e-15
-9.08781858241428e-15 5.35699343159279e-16
-1.29743729190904e-15 -1.70949814401663e-15
1.05244026915555e-14 3.1857095162864e-15
-1.73327047733019e-15 -1.55629288947531e-15
-5.60486202277189e-15 2.47356315128136e-15
2.83464663594655e-15 1.27319674796139e-15
4.49249835381156e-15 1.16919103508892e-14
6.39999191442522e-16 -3.03992982589923e-16
6.60708470272076e-15 6.4977041079189e-15
-6.45558439527326e-15 -1.22110294646556e-15
-6.472478735671e-15 -2.58323643903947e-15
-6.53561078839091e-15 -6.29472429498899e-16
-2.88533386603981e-15 -8.81394742972154e-15
-7.49173170398916e-15 3.19669611363915e-15
1.42822714252819e-15 -5.59359828798172e-15
-7.18317977613822e-15 8.09028899809164e-16
-6.09240898568064e-16 -9.63813232397676e-15
7.90020201442335e-15 5.97304722283699e-15
-7.43197934954373e-15 2.33804945571435e-15
3.53589492516988e-15 -9.40611677700386e-16
2.08417267340778e-15 1.51891911984105e-15
1.55049914653284e-14 1.10290034371893e-14
5.55413294225039e-15 7.79725624982458e-15
-2.02065125522125e-14 7.68749783112851e-15
4.18273798754215e-15 -3.32753956512881e-15
-5.46512958752611e-15 2.88248778411379e-15
8.26035662950797e-15 -3.24272934243516e-14
1.63725385291475e-14 5.28017614187287e-15
1.53552745785654e-14 1.70898462349555e-14
-1.11013142694523e-14 2.31586895229036e-15
5.26161730776259e-15 -5.34607312979086e-15
4.27186740932267e-15 1.08366464478485e-14
-9.44192825176039e-15 -8.36900355895018e-16
-2.76614172407265e-14 1.42782943646211e-14
1.22711811539132e-14 -1.25446546731342e-14
-4.19933539858189e-15 6.68207454693868e-15
4.55242532399126e-15 -3.03701208616887e-14
7.3484096113495e-15 4.68578955787466e-15
6.21540171470305e-15 3.20559853562662e-14
-1.89172024183437e-14 1.17873103888608e-14
-1.59688976701691e-15 2.28111185031893e-15
-8.79196220425442e-15 1.53745995314666e-15
2.58855855853941e-15 1.0811071683519e-14
-1.04371103371541e-14 1.08529265330053e-14
-2.77722153835268e-15 -1.81356089524178e-14
-6.34343027100494e-15 9.23167559397803e-15
-7.5639857932601e-15 -7.01447141007427e-15
5.8725031538529e-17 4.87840864176312e-15
-6.17156794800014e-15 -1.10256703368363e-14
5.41128297499008e-15 5.82482394676794e-15
-6.96406167462337e-15 1.38158544428666e-15
-8.58718022892337e-16 5.06025713543278e-15
-1.38321846933323e-14 -1.68127584592165e-14
-1.51865615182002e-15 7.01845719810693e-15
-7.18936688155265e-15 8.84906210876592e-16
-4.54644308956217e-15 6.3833602662146e-15
-1.85518677060113e-15 1.47364686009802e-15
2.01908759189411e-15 5.89028023901257e-15
3.61117547036369e-14 -5.50995162078891e-15
4.63533756129498e-15 5.80539633913455e-15
8.983536933729e-16 -5.02173307924728e-15
8.55256417064453e-15 5.56330865906964e-15
-7.07968583919826e-15 -8.72085008558504e-15
2.73056518546743e-15 4.35588369543958e-15
-3.91567800196147e-15 4.83595292135137e-15
3.19678809485212e-15 1.65254148302965e-15
-2.13249144425354e-15 1.33521044729845e-14
2.27236446460544e-15 -1.0243487219671e-15
-3.88353897424628e-14 4.76851607686882e-16
-1.12792497580427e-15 1.93452030667257e-15
-2.72590459958321e-15 -6.06561122454653e-15
2.05304200866152e-15 -7.81876427602078e-16
-8.24770515742291e-15 1.57083210316447e-15
7.83602374273423e-15 4.07032851924381e-16
-1.00798900369432e-14 -3.63978398466262e-15
9.45587045061538e-15 7.76499449265267e-16
-6.69128695750785e-15 8.788611124828e-15
3.05631324312318e-15 -1.66563893156157e-15
-3.9991025346983e-15 1.04169614994688e-14
-1.70451348606115e-15 -8.7326571817416e-16
-3.65125765146702e-15 4.49062706366261e-15
2.19790746056483e-15 -2.43090986316565e-15
-1.84639582213622e-15 3.95254941033189e-15
2.07237982069878e-15 -4.31927206421804e-15
1.8260845713442e-14 -1.04209560032111e-14
6.25702104389719e-15 -5.8397804768352e-15
-3.74711609547135e-15 7.58912501396898e-15
4.18181694976675e-15 -1.03468587514645e-15
-1.04397437312245e-14 2.18883132273279e-15
-5.38731646861667e-15 -5.07579187532905e-15
2.81278997437436e-14 4.55504913253676e-14
-3.58106775148381e-15 -6.53714654343524e-15
1.01944333347387e-14 -4.75747420539581e-15
-6.67152400105679e-15 -3.77653975204514e-15
5.5488935063301e-15 6.96885020138466e-16
-1.13525772950642e-14 -7.13030438283372e-15
4.66422166769255e-16 -5.53342875547173e-15
3.89640595108704e-15 -1.252597328424e-14
1.03115056431844e-14 1.11736968295117e-14
-1.11342405467833e-14 -6.97493417945529e-15
2.36097067161468e-14 -4.09079577507606e-14
-4.55473252571535e-14 -2.13282006847641e-14
-3.40157958302711e-15 -1.66229522701951e-14
3.88558832774699e-14 -2.36730366993897e-14
-1.02639256964725e-14 1.30951936176992e-14
3.41969921982533e-15 -2.53460455272493e-15
1.63924280959983e-14 1.22919162919882e-15
1.5397809130224e-14 -1.25921835334511e-14
1.55853239237819e-16 2.44779175461384e-14
-1.41361732063411e-14 1.72198695709878e-15
9.95728659566998e-15 5.78338099263578e-15
-3.97801303638013e-14 -1.97849256894906e-14
2.47704360773881e-15 -1.12632112127654e-14
4.05106804672962e-14 -1.86018266965019e-14
-9.15867793140907e-15 7.46733160114096e-16
1.75132950357588e-14 -1.75040779660308e-15
1.98343324657389e-14 -7.91351771649569e-15
1.18110652183302e-14 -7.36032506240881e-15
6.35878417753048e-15 1.38738843526428e-14
5.79465215635968e-15 -4.19418780219221e-15
1.37622590804849e-14 1.16502551618901e-14
-1.87215149988755e-15 -7.9756036601673e-15
8.20785592475686e-15 3.92141532662669e-14
-2.1408689557209e-15 -2.07376865341042e-15
9.38314878057197e-15 8.94447011621502e-15
-5.58056055022864e-16 -1.06251946987055e-15
1.44862741531059e-14 -1.66480720982719e-15
2.20964468919237e-15 -4.84790503877255e-15
1.36781829002386e-15 3.89266541285292e-15
2.26992671825093e-15 -3.20331438491151e-16
-2.63936680273976e-15 8.71835392915766e-15
-1.33627224385434e-15 -4.42264287695459e-15
1.70841594998051e-14 7.08633599867591e-15
-3.13410938851833e-15 -1.81068764507398e-15
1.39114651683166e-14 2.69030829316834e-15
-5.18686889637675e-15 2.90533219476448e-15
1.20284801541522e-14 -6.11206652761741e-15
-4.28586687127256e-17 1.29064126234768e-15
1.31643954803905e-14 1.56493110956361e-15
-1.38609202636298e-15 4.06210665148248e-15
-7.15227401207293e-15 9.77804412077842e-15
2.42181429468263e-15 3.10537876143635e-15
-4.44720467054486e-15 1.34062758826202e-15
-1.33066653952584e-15 6.47355289468663e-15
4.99300463584509e-15 5.02192768069725e-15
-2.27408070737766e-15 4.7488321914096e-15
2.4208218972588e-14 8.50587296098968e-16
-4.32347688291888e-15 7.02066922344451e-15
-1.86334353870083e-15 6.80889656953804e-16
6.9064456649363e-17 9.95536659943211e-15
5.94353892057856e-15 -1.2540679472956e-14
5.69010977428011e-15 9.79179752696253e-15
1.39145232995185e-14 -2.52880933842548e-15
7.81979488498925e-15 7.77308023298702e-15
-5.1243106090697e-15 -2.84423900184903e-14
6.34642910582702e-15 4.29380866400805e-15
-5.97891259780251e-15 -7.21445209338581e-15
9.41117956794541e-15 9.30437050595901e-15
1.20008951934079e-14 -1.18297165642532e-15
7.8871898878903e-15 1.22293941945364e-14
6.01539405965594e-15 -1.11727714532927e-14
9.61350872755194e-15 7.30333130623757e-15
3.65116201437613e-15 -1.18464622008282e-14
1.46938439396095e-14 1.04790962122917e-14
-2.74055918338685e-14 -5.36841579929114e-14
2.06795875207002e-14 1.30902056293707e-14
1.65352013313996e-15 -4.47364061179035e-15
3.1528675347683e-14 1.21738290705137e-14
1.5237448649653e-15 -1.00181923919718e-14
2.58075457147152e-14 5.74071259815139e-15
4.77721476895151e-15 3.40157959194185e-15
3.12804063227737e-14 4.95591213126195e-15
-5.2192761954611e-15 -9.53171598124347e-15
4.76656878811175e-14 1.40239150070069e-14
4.15962556662995e-15 -1.64420707463246e-14
1.65369012903696e-13 1.16515215623252e-14
9.00039505602543e-15 2.31597538153947e-13
-1.27606419943567e-13 7.62786170573411e-15
1.0648505413858e-15 -1.36906471069871e-14
-2.79674784567498e-14 2.74258339561687e-15
9.15686695396544e-15 1.11295311121699e-14
-1.01305954541625e-14 4.66264508055121e-15
-6.70193331764193e-15 -1.7276200477048e-14
3.60951198038598e-14 5.38929528504807e-15
-1.44514922352757e-14 -6.80543200430299e-15
1.35562455311628e-13 1.22862347635338e-14
6.30828608387401e-15 2.25240626693301e-13
-1.51988100247015e-13 1.04034201280763e-14
-1.09761886326075e-14 -4.6366322130663e-15
-6.20111420237602e-14 1.04728819630957e-14
3.39876457896014e-15 -6.08364775235468e-15
-4.58128289813783e-14 3.05652434757661e-15
-5.77528469239694e-15 -1.19730288733041e-14
-1.57173796450302e-14 3.85312967189657e-15
-1.1750639673016e-14 -9.00768206638978e-15
-9.13573332339273e-15 1.03595024647848e-14
1.12639543606121e-14 1.77980580500357e-14
-7.36729456861062e-15 5.27956109132282e-15
-7.41960911153549e-15 6.70903401656164e-15
-9.75539838826534e-15 8.60309860579798e-15
-5.41653710640862e-15 -7.40714232593705e-15
-1.21153402623838e-14 4.02078242059964e-15
-2.72617014468913e-14 1.26114222712493e-14
-1.0525651415051e-14 7.81758420962886e-15
6.24964569441462e-15 -7.55588176186716e-15
-7.28123903746014e-15 7.2539302136497e-15
-2.45206576151657e-15 -4.08604414897683e-16
-2.58988776202501e-15 5.49949232670757e-15
-4.36300447317069e-15 -2.68688344149839e-15
9.01878425592749e-16 5.87562337974719e-15
-1.34703568903476e-14 -9.23398088565241e-15
3.57682303219596e-16 1.38848395369212e-15
-1.68912637704567e-15 3.01336327020246e-15
-2.50882316402117e-15 4.16667736489928e-15
-4.87823882413437e-15 -3.32655787845569e-15
-7.85955939014261e-15 3.76775776200852e-16
-1.11065878973064e-14 -7.7835612421756e-15
-2.90058678273955e-15 4.82240273492135e-16
1.26538865304889e-13 -1.15039286563637e-13
-2.14327946636924e-17 3.43287770496788e-15
9.08702346423881e-15 -4.23966806655907e-15
2.54906488681722e-15 1.58282912872163e-15
-3.88135318223794e-15 5.76679596869987e-15
3.61876356528349e-15 1.42696505689287e-15
-2.73783947744126e-15 1.08267233615184e-14
2.99249865218094e-15 -7.75332681310103e-17
-1.47699205846195e-14 8.77143989300513e-15
-1.26209763371364e-15 -4.61575769931941e-15
5.95576447797462e-15 5.54381426327683e-15
-3.38681588269608e-15 -1.72517454276821e-15
1.8271471003334e-15 -1.61580622737021e-15
-2.52058059377638e-15 -3.62255005499864e-15
-3.4550128177034e-15 6.21699049905694e-15
-2.38773770572733e-15 9.65845957618365e-17
8.93370856435552e-15 -6.39146661809218e-15
-4.03428986913139e-16 3.28423094224362e-18
-4.65014306371082e-15 6.22968127084851e-15
1.036415184621e-15 4.79421501551186e-15
-1.56127273683346e-15 6.68676004366782e-15
-8.65670121467293e-15 4.19914945763434e-15
7.1640156726001e-15 9.64138859268893e-15
1.51275413650068e-15 -9.79765568535506e-16
-8.52651988742418e-15 7.52776754602935e-16
4.05856214562085e-15 -1.53576431032739e-16
1.51094195100824e-15 3.06438159417417e-15
1.27105690439957e-14 -4.1594165376583e-15
1.30653839601311e-14 -4.77908249076917e-15
7.77467432427878e-15 -5.25248210270486e-15
-3.31403326083782e-15 3.11410079362579e-15
-2.56010072356365e-15 -3.72496429663653e-15
-6.69440912629567e-15 1.35431759426822e-13
-9.34833880483879e-16 -2.95082957019028e-15
1.92721237574883e-14 -9.30910195575005e-15
-2.11249986751696e-15 -6.92173605548721e-15
1.08749747849913e-14 -2.3799924901287e-14
1.12255565278192e-14 -9.11926252858123e-15
-9.69560202654333e-15 9.1038375367368e-15
-1.10572913125757e-14 -7.91763130549733e-15
-1.83668925715054e-14 -1.17677930262396e-14
-8.22338196091731e-15 -1.08124192907273e-14
2.46331694789568e-14 1.52481801315609e-13
-1.30549506966568e-14 -5.17765151755131e-15
-1.37187890792965e-15 -1.37947510384459e-14
-1.59025097992773e-15 -9.67868685638956e-15
-1.3554963789241e-14 -5.42615512266707e-15
-3.64973004518306e-15 -1.93973585625859e-15
-2.55043115100495e-14 1.0129189526785e-14
-1.30381213253144e-14 1.7612886183118e-15
-5.27854252819747e-15 1.5428279031159e-14
-8.18605071456869e-15 3.21880845625071e-15
-5.09026926608661e-15 -3.12945918740527e-15
-1.81919816099013e-14 1.2760263204603e-15
-7.65408602698109e-15 1.97186516611976e-15
-2.2642888331491e-15 6.4006396988414e-15
-8.66653488487006e-16 -1.67512881524376e-14
3.18959222710784e-15 6.73756451390362e-15
-3.5586912816535e-15 1.61275201987114e-14
3.82156247439282e-15 -1.2441507216469e-15
6.22639239899383e-15 5.25414821178989e-15
-3.08539219101851e-15 1.16911326414632e-15
-1.86383986874247e-15 -1.55748743071059e-15
-6.44349961686762e-15 -4.17147259557327e-15
-9.2356159930278e-15 -4.42876697815955e-14
-1.27538438526104e-14 5.34220506313839e-16
-1.54696895023156e-14 1.80547078019923e-14
-6.76500150318985e-15 2.67570121059854e-15
-2.14311301776057e-15 -5.29096179479243e-15
-5.97744826651781e-15 -1.29239687194796e-15
-4.75459963812048e-16 2.55682336546631e-15
-1.24185124543812e-16 2.86895673092813e-15
7.98360739291247e-16 1.92567428500335e-15
-2.85183823590053e-15 2.03563862187666e-15
4.09718927802339e-14 1.5297857803366e-14
3.83815559992317e-15 1.4551027402422e-15
-6.9810028727627e-15 7.3603643937633e-15
-6.88477423068132e-15 8.32488072440586e-16
-1.1715649949794e-15 -2.40389472820577e-15
1.79718685692625e-17 9.97714725594809e-16
-9.10795967729477e-15 -1.42416241060498e-14
-3.54326521249129e-15 2.52206251648009e-15
7.49874194210919e-15 6.73121509831223e-15
1.20402842042975e-15 1.36956460453076e-15
-6.31081144500921e-15 3.79070703846706e-15
-2.37912213552984e-15 6.43497702424972e-15
-4.97742138328996e-15 8.6188460339108e-16
-9.85750326330081e-16 2.63129196246512e-15
-1.36948594907129e-14 1.20375960679798e-15
-3.21219478779267e-15 -3.03723867280491e-16
4.63394602721206e-15 -4.11734456079778e-16
-4.58619455407099e-15 3.18404003831615e-15
-4.33146806341794e-15 -3.24518711115412e-16
2.02866527363631e-15 -4.32109250401373e-15
-8.48888738180478e-15 -7.48987689588676e-15
-7.17218850163195e-16 -2.29862190474069e-15
-1.71820311070688e-14 9.71556655315033e-15
3.23911796580592e-15 -4.94300778835234e-15
-1.43507401371057e-14 4.1439502857813e-15
-2.36082176656906e-15 2.35208729095673e-15
3.51348486999136e-15 3.19968741590665e-15
-1.50168053456565e-14 2.36878446264373e-15
-1.01975731193385e-14 6.38864255122911e-15
-1.1903797195078e-14 -2.15805882155952e-15
-4.29890805055195e-16 -3.56539139761065e-16
-1.42279389595837e-14 1.05431601400878e-15
9.00436336169227e-15 -7.08819592873214e-14
2.05192995492066e-14 -3.69942417738471e-15
-1.15184285147657e-14 -2.58218865831062e-15
7.29779531076097e-15 5.17138858272678e-15
-1.13673824784014e-14 1.85347067741391e-14
-1.26613119265845e-14 4.3136041818838e-15
1.38789284141096e-14 -3.99595100634652e-14
-5.98869370364148e-15 9.16904744642694e-15
-1.34883940731405e-15 9.09668316427549e-15
-1.45523561696971e-14 -1.75085868096919e-15
3.05147968227244e-15 -3.0188579402588e-14
2.17623145711744e-14 -3.67906390320787e-15
-1.39785122123576e-16 5.82756671443486e-15
-4.40273818243096e-15 -3.49810714493189e-15
-6.31839944255944e-15 -8.01926127578261e-16
-3.46184387082495e-15 8.33053693693782e-15
-3.45529242832457e-15 -2.36225156606698e-14
7.07599566928527e-16 5.56123661647011e-15
9.76829202246106e-15 8.8150615377848e-15
1.13768048744588e-14 -1.90231802313281e-15
-1.82548074413103e-15 -8.91544619438569e-16
4.57078034476469e-15 -6.27758928619533e-15
-2.83552535261874e-14 1.09752034083848e-14
-3.70737972390784e-16 -4.31715991601447e-16
-5.7492235816354e-17 1.21423615784242e-14
-3.00681604489204e-15 2.61327345281921e-15
-3.38460357931037e-15 7.01226729830136e-15
-4.92672706632916e-15 -3.56438956023237e-15
-1.47818915065819e-15 9.5581023360814e-16
-3.61379641081013e-16 -2.28205959271771e-15
-9.12312851702498e-16 -1.29797252154843e-14
5.38026826009978e-15 1.4965671347777e-15
2.06827072118683e-14 -1.09018821641961e-14
1.44531596699471e-15 6.55384580825085e-16
6.04805062190368e-15 1.65794455133659e-15
1.56822690652233e-15 2.35388923054173e-15
1.53797021916641e-14 -1.71418245504269e-15
-4.26465311216734e-16 -3.17327719663877e-15
4.87708416618253e-15 -1.44405153504735e-14
-2.24454296129204e-15 2.45983933764281e-15
6.33928291756349e-16 7.7730033787215e-15
-5.38455603641129e-15 3.94271822839569e-15
2.77028569297028e-15 4.03968515533722e-15
-2.79195926811256e-15 9.04154819164119e-16
4.91594869677232e-15 -3.43776109660091e-15
2.1869564419217e-15 3.73449737439014e-15
7.276714248853e-15 2.27698031573138e-15
-2.17894892422964e-15 4.26259496005504e-15
-3.24037067190959e-15 1.53976589616612e-14
-2.8672864936493e-15 2.53799975908179e-15
-7.8123128920931e-16 4.34904878133483e-15
-8.08106326055345e-15 -5.24850980430443e-16
-4.25796565348362e-15 -3.54671313863524e-15
-2.91508019045015e-15 2.8298280290655e-15
3.14579311967251e-14 2.70505176220036e-14
1.65829312573363e-15 8.36386477125976e-16
-2.39648957564846e-15 3.71063764574988e-15
2.32432649466327e-15 3.1798417645421e-15
-1.00629337728572e-15 1.31854300985696e-15
2.43119407326055e-15 2.6756545795772e-15
-2.17175328519071e-15 -1.52807687616228e-15
1.12055687383582e-15 2.91053574884418e-15
2.86358550102399e-15 2.50652230040637e-15
-2.9416625812834e-16 -9.09944223762241e-16
3.89527221049584e-15 -3.00082398221443e-14
8.96578763229696e-16 4.48019687325912e-15
8.16659256673897e-15 -3.96433454751251e-15
3.54644599516316e-15 -3.20430630531513e-16
-2.22503999785951e-15 -1.21315825397926e-14
1.1893846355049e-14 7.18989007052788e-15
1.03348682431061e-14 5.62602366801024e-15
1.36992554917673e-14 7.28386617437764e-16
-1.21419771328171e-14 -9.1826301419253e-15
1.84144845321004e-14 9.63777736357794e-15
-6.34787359398623e-15 1.12241134344248e-15
-1.95540544876963e-14 1.43175498696813e-14
7.85405947625956e-15 6.49114253136794e-15
-1.13296670398258e-15 4.51452439600662e-16
1.33172030972367e-14 3.02012430989826e-17
2.11168267367473e-14 7.33603274135822e-15
5.43234103492e-15 -2.21045665764379e-15
-7.75760256113416e-15 3.95993575322457e-15
-9.18486538585175e-15 -4.07175638027857e-15
1.36405752670291e-14 9.79515526900812e-15
-9.59570056496777e-16 1.5309263626381e-14
-2.38722899834459e-14 6.78468330927709e-15
-1.43441262380346e-14 -6.01690708676276e-15
-2.00947910698848e-15 5.7081954600899e-15
-1.44354398504463e-14 -1.2074374322862e-15
9.70523299397867e-15 7.44621597597277e-15
-1.90354472780397e-15 2.0475689723791e-14
-1.43475766354532e-14 5.24205717213365e-15
-4.91302402894123e-15 1.02597530869966e-15
-1.0530598063953e-14 5.02719957462228e-15
1.02084164215733e-14 3.3557356548696e-15
-7.54092066434909e-15 7.05716261055115e-15
3.58060699646143e-14 -5.8940088662775e-14
-7.65587859313601e-15 3.74782013785152e-15
1.59322142354111e-15 2.26820297815008e-15
2.71560253361745e-15 5.93694301672186e-16
-4.5652505866966e-15 -5.76516746212665e-15
4.70595808118384e-15 1.40507381170751e-15
1.86549393542231e-14 -5.2537504012003e-15
1.94829342595467e-15 4.05036079675196e-15
-2.60704264537434e-15 9.03268460217381e-15
3.96193454993613e-17 2.79507568749177e-15
-9.37276679221828e-15 -4.30884414796786e-15
-3.47467696397023e-15 -1.22468446533855e-17
-3.76137263509556e-15 -9.21605022578918e-15
3.86625949208456e-16 1.72791628733907e-15
2.2935060252814e-15 -6.528626528444e-15
2.75932989123775e-15 5.46118602427365e-15
-8.6259352342624e-15 1.05719568705291e-14
5.67593267348353e-15 2.40730754268405e-16
-6.31913584394635e-15 -4.58685408142494e-15
2.46274613877549e-15 6.21539826256548e-16
2.10687886796228e-15 1.43290394931061e-14
-2.9332937355855e-16 -7.88938574731203e-16
-1.03269676843892e-14 3.05987221617723e-14
2.58607445118128e-16 1.65104666055574e-15
-1.00359807947942e-14 -4.28690106415974e-15
-2.5431404636997e-15 -2.16390691107011e-15
-1.69672407561345e-15 -8.83875059127142e-15
-4.56246129630904e-15 -7.85498991304516e-16
-7.70380838294359e-16 8.49838841663284e-15
6.67703188336636e-15 3.33990321832534e-16
8.10321873817474e-15 9.30226883713874e-15
-1.75260029052006e-15 -2.2848411232014e-15
1.02417664629264e-14 3.25619087488364e-14
-3.04419090374839e-16 3.41151947061137e-16
-4.66979027093786e-15 4.03226174158056e-15
-4.45883775846494e-15 1.26514800551423e-15
-7.28800675346438e-15 6.66432204220473e-15
-8.0006349587796e-16 -5.48233107229335e-15
-1.06841103051427e-15 1.34314250964562e-15
6.62974098430001e-17 8.02854620994906e-18
-1.27552187933874e-15 -5.23791173461195e-15
2.39105157884341e-15 -6.20503845047714e-16
-3.29513357944764e-15 4.38186363330137e-15
3.29745704443223e-16 9.03285593466182e-16
-5.71688805132508e-15 7.07428126521646e-15
-2.50346314838932e-15 -2.5872820474946e-15
2.849672478591e-17 9.0722319585822e-15
-5.81127004687437e-15 -5.64178834789811e-15
6.9775842632605e-15 -1.59728355473094e-14
-1.16680432188163e-14 -9.82026067827897e-16
3.46562396027941e-15 -2.05459226435504e-15
-1.08006034964424e-14 -7.22439737161538e-15
-3.62029215853342e-15 -1.49716173385344e-14
-2.41592325818893e-15 -3.21082060413872e-15
1.53985989296125e-14 -2.12028838227173e-14
-8.35147845722894e-15 -3.56057068135724e-15
1.93574050259846e-14 2.14190976334647e-14
-4.28269856819238e-14 -1.42628364536982e-14
2.99728092881757e-16 -1.304113054459e-14
3.01179406549887e-14 -1.74698887841235e-14
-1.46602091329079e-14 9.60253497554181e-15
1.8413091230626e-15 5.35245886488081e-15
8.20652384141269e-15 2.75558409513427e-16
1.56348951257426e-14 -8.64965498705378e-15
-3.07242444351825e-15 -2.83277475803124e-14
-9.04214989913495e-15 1.85649307189615e-15
1.60557932410441e-14 2.32920768209851e-15
-3.44912300814427e-14 -1.41169249011804e-14
-6.3778342917773e-15 -7.82355286747238e-15
4.23044862291881e-14 -1.41113258235166e-14
-1.93238750791362e-14 4.99099339366768e-15
1.94644239449059e-14 4.868656633418e-15
-1.4622821435418e-15 -1.04786848737578e-14
2.09141130233094e-14 -5.22492315291975e-15
2.75412762717042e-15 3.85434720428619e-16
1.84131071072624e-15 -4.51586035938667e-15
-2.91273072637231e-15 8.12843063704254e-15
-2.09203334553031e-15 -4.16896980041631e-15
5.85239074341854e-15 1.72054453290481e-14
-1.64865729179444e-15 3.08936170154593e-15
9.06709708249059e-15 4.23153619462616e-16
-2.75972504908477e-15 -1.96471565336855e-15
6.85219536326102e-15 1.11235869077612e-16
6.83757338965932e-15 1.83345971485545e-15
4.90874153685479e-15 3.44923006949962e-15
8.0098352861545e-15 6.67790878994544e-17
-7.47525575607736e-15 9.95977418393063e-16
3.09980149883913e-15 5.35024596479978e-16
1.29210036914498e-14 -3.28404588342523e-15
3.72209467090619e-15 2.64640334355056e-15
2.70114043389372e-15 -4.42521133906326e-15
-2.29119152022197e-15 1.12474302155715e-15
5.91321200245214e-15 4.16087410471009e-15
-3.3004962433504e-16 -1.09759313476447e-15
1.30315171180097e-15 6.22803248656916e-15
9.21193837185355e-16 2.36239874925185e-15
1.37747602805763e-14 3.66347899181747e-16
6.96643437444546e-15 4.539756534802e-15
4.74893693441293e-15 -2.79093954215292e-16
-9.0106662110947e-17 6.13167295840065e-16
7.08768466627327e-15 3.13132043705668e-15
3.16169091919732e-16 -1.63769819491442e-15
-2.81065744587708e-15 2.13349993506952e-15
-6.97574474133712e-16 2.65115010055278e-15
3.78395393649153e-15 2.81135431355424e-15
1.30595520512764e-15 2.08340876578032e-15
4.85630689574911e-15 1.73294887972881e-15
-5.49268176683038e-16 9.99422767135595e-16
-7.6988696796713e-16 3.19457713101233e-15
5.76446197576694e-15 1.42110137766436e-15
5.77873210095999e-16 -6.77923774205587e-15
5.76813039814349e-15 2.03441173662566e-15
-1.41871031196091e-14 1.58334382554052e-15
8.71106399695135e-15 2.0938377810655e-15
1.35809818802592e-14 2.74624587558993e-15
-7.84302790813809e-16 6.30679692154563e-15
1.00655237936394e-14 -5.66675387180559e-15
5.7239124262913e-15 4.3948614454758e-15
-2.68908923234969e-15 5.48262923472435e-16
9.12044261470804e-15 7.85089321298353e-15
1.13537666055047e-15 -1.32942510758884e-14
1.54483096984692e-14 4.33845307259538e-15
1.15108620612066e-14 -4.54776841751062e-16
1.42485983567965e-14 8.39306867319727e-15
1.29166496050565e-14 -7.57441486507136e-15
1.6316611464249e-14 4.5027961456352e-16
1.2975966145478e-15 9.08790946661128e-15
1.03940280405141e-14 -8.13858751965643e-16
5.58596702830813e-15 1.97603144951315e-14
2.67368224771805e-14 1.15004126195387e-14
6.64298666828216e-15 -8.1226321791451e-15
8.91719487742039e-14 2.3202552361486e-15
-2.13886622827057e-15 1.21535720042748e-13
-7.47302455982605e-14 1.00928892114674e-14
1.69285473249076e-15 -3.66841378381289e-15
-1.26740016188566e-14 3.8609921213264e-15
-3.57506267789642e-15 2.49246394117807e-14
-1.60515974531012e-14 -2.54740194452098e-15
2.17165656571163e-15 -7.95390512641463e-15
2.52673992900525e-14 4.30621565909056e-15
5.57045867585582e-15 -9.31073724195729e-15
8.23519877829533e-14 7.69010902156848e-15
-8.65537435139669e-16 1.26613726126663e-13
-8.38696152442442e-14 3.72478000222854e-15
1.3947728874374e-14 -3.57713381627233e-15
-3.81331281688802e-14 6.58627625594911e-15
-3.53547253859514e-17 -4.71811446769e-15
-2.71261486847002e-14 4.11779122174545e-15
-3.98303909671678e-15 -9.41075014603493e-16
-6.4236464528679e-15 3.87031584240217e-15
-5.60958656572268e-15 2.14380113791797e-14
-9.88823971051548e-15 4.9615385024889e-15
6.51657995414749e-15 -6.17090368609074e-15
2.98403191428252e-16 3.8134515699985e-15
-9.32847751483624e-15 1.04557107887453e-15
-4.77080536438636e-15 7.4769214365861e-15
2.74479519205481e-15 1.20520933301809e-14
-5.79457953115882e-15 1.49011436489556e-15
-1.19859288768429e-14 8.44271621419622e-16
-6.62036217715487e-15 1.84927476829059e-15
1.13308373601819e-14 -1.6975324449259e-14
-7.046656219344e-15 6.10608982269549e-15
-2.26953219422004e-15 -3.00384376182696e-15
-5.03429932081267e-15 6.21478868444691e-15
2.29552106038366e-15 -8.26307971925349e-17
3.42669846611394e-15 2.29796587957811e-15
-5.30994917888687e-15 -1.20662369990004e-14
-5.19166953843081e-15 6.77365403950944e-15
-2.37343034449002e-15 5.04187356999175e-15
-6.36147122125495e-16 3.38006479082555e-15
1.74781473377997e-15 -5.20570166169071e-15
-2.3137345754982e-15 5.8463508252807e-15
2.53037408546691e-15 -6.74449974357325e-15
1.24962826790676e-16 1.89504631556888e-15
-5.86981189295758e-15 4.33596799950624e-15
3.16809837230215e-15 5.2374346000892e-15
7.41817951442652e-15 2.24171199525058e-14
5.43714535640925e-15 -6.79155139306262e-16
-3.90874398502663e-15 -6.4727668251629e-16
3.92809931178273e-15 7.49076837092483e-15
-6.39074448134506e-15 8.23179063553112e-16
-2.64842990027295e-15 -9.73586122089861e-16
1.96470140964276e-14 -3.90696197697267e-15
2.72969572486668e-15 3.41244762920586e-15
4.80602889635733e-15 -6.4441193224087e-15
-1.91026960476765e-15 -2.31784670151277e-15
1.36756867354489e-16 -4.16205249343702e-15
2.63492215155744e-15 2.76015016626389e-15
-3.99965214899758e-16 -5.20152257906408e-15
7.53976174637679e-15 -4.98383767602909e-16
1.17941251606431e-15 -8.46606007928585e-15
6.53941360466258e-15 2.11640227051395e-16
-1.20286661456372e-14 -2.43610188927827e-15
7.38908521233064e-15 -7.37638052855998e-16
-6.28969725256592e-15 8.80487424629436e-15
-4.66622640956269e-15 6.21665740562072e-15
-1.05817994191724e-16 9.84171089900111e-15
1.55877487945316e-15 -2.89217641368671e-16
-1.69574610131935e-15 4.76533803041442e-16
6.61258478692032e-15 3.82977693159274e-15
1.24754723295749e-14 -1.70019798146742e-14
1.50793360489748e-14 -1.72189797791083e-14
-7.41368247724928e-15 -5.22909720032982e-15
8.54430535347964e-15 2.37962321083364e-14
3.60108859042178e-14 2.51875560365601e-14
4.76043012474918e-14 -3.10477446655814e-14
1.52360864690393e-14 1.255247058758e-13
-4.80036170011499e-14 -4.57483177704817e-14
-2.90697129725963e-14 2.16093891822039e-14
2.1604797476567e-15 3.618520071775e-14
2.73858094650454e-14 -1.22408365464631e-14
1.54143800700392e-14 -3.08302992464713e-14
-2.97410108031129e-14 1.67020584084256e-14
-1.15403019162005e-14 3.22137456387439e-14
6.70512602585391e-14 3.12623086740221e-14
4.27145287182389e-14 -4.1160129987181e-14
-3.07710826360556e-15 1.27276701946778e-13
-6.06608061759251e-14 -3.12316000283685e-14
-3.50888278393034e-14 9.74632692278959e-15
9.62571187621517e-16 1.84816288925994e-14
8.63622980938283e-15 -1.85515747406945e-15
2.09521976787945e-15 -1.27438863583465e-14
-3.08745174017736e-14 1.72111586499029e-14
-1.67998165117983e-14 2.89772417420946e-15
-2.64168714873375e-14 1.70768617366423e-14
-1.19252838048064e-14 1.41610703694541e-15
-4.22769800289661e-15 9.41367594726345e-15
-1.06465081130378e-14 9.33556228511251e-16
1.43372975830484e-15 -7.23496865578427e-15
-3.15058200897114e-15 -8.00450224554688e-15
-1.1024837972775e-14 1.42331969630649e-15
-8.43219360483214e-15 4.63630897053267e-15
5.34068392108399e-16 1.39029817513921e-14
-8.24721216160174e-17 1.36452890493057e-15
-8.10454755836267e-15 1.22015188742004e-15
-2.59998344401899e-15 3.07643843526711e-15
-1.03280272591368e-14 -4.98866883658857e-15
-8.61057513757393e-15 -1.05035103702267e-15
-1.09042095089289e-14 -7.4382167108567e-15
-1.01373347732192e-14 2.4891594543036e-15
-3.27512449917102e-15 1.23917849401749e-14
-3.61063522497168e-15 4.68060900400859e-15
6.78031581574137e-16 1.69105285728996e-15
8.58731868272134e-16 2.80774770917098e-15
-1.23221000788157e-15 3.24670183984958e-15
-2.9285213493763e-15 -3.29443688325203e-15
-5.87966836511189e-15 -3.86246911544913e-14
-4.0075866278509e-15 4.1994511050207e-15
-1.50141167070479e-15 2.78291813178508e-15
-7.7506066574368e-16 7.59898940955885e-15
-7.82328724662375e-15 7.70055624943889e-15
-6.41783684292867e-15 1.05746495583471e-15
-1.99836353268702e-15 -2.43011876611635e-15
-2.4504185662368e-15 -3.24021230616799e-15
-7.64191319549281e-15 -4.88875030600146e-15
-3.73607180837828e-15 3.06438661465584e-15
2.52822990782649e-15 -9.77690493385994e-15
3.28412783237224e-16 1.3827741673975e-15
6.26225152098475e-15 -1.12944598306945e-15
-1.16395627837438e-16 3.21340640639594e-15
7.67172547601244e-15 -4.28733853810161e-15
-6.73050197113376e-15 -3.48041845624566e-15
-3.76194064634986e-15 2.65434080706687e-14
-1.01154151871592e-14 5.46680645407183e-16
2.80688843318043e-15 4.45170103647376e-15
-2.146364941546e-15 6.44525099762667e-15
6.54360022326181e-15 -6.61383380482639e-15
-2.01958021610612e-16 4.4989259118621e-16
4.35816762533185e-15 6.63356624363615e-15
3.91907514543803e-15 -7.11037183335935e-16
-9.12257706720031e-15 2.40586632104358e-15
-3.56973096047122e-16 -7.0759586709041e-16
-2.98612440757528e-14 -6.84897655187424e-16
2.01091880500272e-15 7.881677497737e-15
-4.71055086387084e-15 -2.72578081861076e-17
-1.55368462184907e-14 3.02774523958805e-15
-6.0896553093989e-16 -1.26921402278487e-15
-1.50363189262208e-14 -1.60114262626687e-15
-1.75389910591797e-14 -2.83911119210408e-15
-2.48063100585398e-14 2.72957609194889e-15
-1.57116892852497e-14 -2.385900057672e-14
2.40661010847434e-14 6.56407302185289e-15
1.15227748719102e-15 5.14580184028114e-15
1.32061334794206e-14 -1.82126644679109e-16
-2.3427560058397e-15 3.54916675287942e-15
-1.9143856809136e-14 4.63940473339604e-15
7.31524082307132e-15 -8.01669952958001e-15
4.02478412891943e-16 9.53340930454501e-15
-1.77633724513644e-14 -4.93716009962452e-16
-2.07723030728189e-14 -1.48512799264995e-17
-1.35435722416378e-14 -2.96889023817809e-14
2.72591976147771e-14 5.12281225875527e-15
9.65269045670821e-15 5.33291998032117e-15
2.1024313128636e-15 -5.53371853599333e-15
5.30562229371988e-15 7.83574813537451e-15
-4.20256490448306e-15 8.87117369218918e-15
7.46605352198288e-16 -2.06852082178627e-14
7.1031287317132e-15 4.00341628511555e-15
5.90485159628638e-15 1.75745602492284e-15
5.86323183669408e-15 -7.8827805894426e-15
5.03385544654191e-15 -6.38576650186251e-15
8.30377025946953e-15 1.67398169678898e-15
1.55383851450014e-15 1.02279762639092e-14
-7.98533336040731e-16 -2.05961104510389e-15
-1.9304947962435e-14 3.1104319748576e-15
1.29038161431604e-15 1.66708305254805e-15
-2.5714924802218e-15 4.14478623143452e-15
-2.52059312974857e-15 -7.87589711326202e-16
-7.16328304699941e-15 1.95845704886313e-15
5.36878298507785e-15 -1.63866847272457e-15
1.8688722178999e-14 1.0813572259849e-13
5.66007986609031e-15 1.97849572535502e-15
7.41839924025107e-15 4.7703205915824e-15
7.9167170043339e-15 9.85601818269647e-16
2.51583413823752e-15 9.10154721878309e-15
-3.77964656188572e-17 -1.57271138553539e-15
-2.64526790204328e-15 4.96900975478624e-15
-3.52883124805892e-15 -2.14933764910579e-16
3.49794341997811e-15 -2.18746206942838e-15
-2.36295792314497e-15 -1.0761439335887e-15
1.8688722178999e-14 1.0813572259849e-13
-4.03840427689685e-15 2.11452815029485e-15
8.8135072283348e-15 1.5833956030066e-15
1.65714601122148e-15 -2.78610288140013e-15
2.97457479032812e-15 -1.8565745268728e-15
1.30123034681543e-16 7.69978137276075e-16
-1.0100770759054e-14 1.25851695783217e-14
1.03491193919309e-15 4.92820974129688e-16
-1.74842810087953e-14 2.20543272475826e-15
-9.40941820543817e-16 1.52316642437586e-16
7.73510128654412e-15 -4.95419362836118e-16
-5.83492814535156e-15 1.27369489316402e-15
-2.67054991903136e-15 9.3812152658878e-15
4.23632317567598e-16 1.56305381841193e-15
9.48866405708063e-15 6.6492287581816e-15
1.58032957581662e-15 3.61940229090919e-15
1.18251589825747e-16 -5.39446529137086e-15
3.84968940188504e-15 1.56428502188705e-15
6.63695793038498e-15 2.26221667617463e-16
2.10308867181936e-15 4.78414389387554e-15
7.44530409798906e-15 4.14106551975378e-15
-2.00221911310073e-15 2.94310682911483e-15
1.46758706088583e-14 1.07058884199523e-14
-2.62268237301146e-15 4.41150187795601e-15
-5.1031555409145e-15 5.85942653090318e-15
-1.0160526557033e-15 6.22665917021549e-15
-5.09719269756082e-15 -1.50445745009363e-15
4.76777944805135e-16 -4.06942168660472e-16
4.01049494962147e-15 -1.26104485439029e-14
9.67695469417416e-15 2.58610077787686e-15
9.48368704608016e-15 -2.30686734374762e-15
1.01662743858509e-14 -2.03388583222439e-15
-8.98181031304822e-15 4.33684405839688e-15
2.07110164206801e-14 1.18770996885111e-14
-1.10800104230092e-15 6.87730217307081e-15
-1.84697584727737e-14 8.86844928942943e-15
1.41899309462047e-14 -1.65710360733448e-15
-3.665271456544e-15 4.37077663469681e-15
8.87587768456272e-16 3.19657259105255e-15
1.9612320739047e-14 9.37055925420726e-15
8.62335923367796e-16 1.87774403212477e-14
-1.01501055502984e-14 1.41747078013796e-15
-1.5065871541238e-14 -6.90091938456314e-15
1.13174088275316e-14 9.13627576593288e-15
-5.99532757613776e-15 7.77173552522483e-16
-2.71621299974163e-14 1.48530768451309e-14
-8.84644881151009e-15 -8.53332632731086e-15
-1.85747398563133e-15 7.85702653964117e-15
4.14144087016897e-15 -4.58125432636164e-15
9.52584413500085e-15 1.80419885620956e-15
3.07301096961612e-15 2.40781845847018e-14
-1.19379486196566e-14 9.38814356894322e-15
1.4844896884496e-14 1.27997312201503e-14
-8.48602924254469e-15 2.94792525025071e-15
1.88369647317022e-14 7.82090194424163e-14
-9.37141803184776e-15 8.58577446647322e-15
4.50728527229257e-15 -1.25900450104475e-14
-1.97798943433059e-15 4.43750430534344e-15
8.21079272474462e-15 -9.08140646056303e-15
-1.08546390454884e-15 5.21745957599417e-15
-4.48371148394666e-15 -4.14463196750585e-15
5.17491771243357e-15 7.03111265746637e-15
5.47652318877764e-15 5.23044335890773e-15
-2.59988242437612e-16 2.65965520761748e-15
3.06289059112994e-14 -3.55468638835914e-15
-1.19023374413894e-15 3.27681366651571e-15
-2.828820176187e-15 -3.04951935778353e-16
-6.9175482330168e-15 1.07667176210494e-15
1.80691770630359e-15 -3.28760060647956e-15
3.67151584793307e-15 2.06028929933152e-15
-9.47830635807626e-15 -1.96210956248557e-15
2.14379234832284e-15 1.7476100037916e-15
-4.96016182158534e-16 -3.3387367647395e-15
2.80784380763105e-15 2.33761629406862e-15
-6.62205103937211e-15 2.81937654408935e-15
1.41559180431754e-15 2.53963459444503e-15
-2.08986220410379e-15 4.42143396428072e-15
7.92532669627975e-16 3.35716438816336e-15
-4.99222134157527e-15 9.18975251820068e-15
-5.58761876200202e-16 2.27109321621859e-16
-1.86509238966968e-14 -3.10186514873342e-17
-3.48574441102149e-15 5.69765372311296e-15
-5.687647552954e-15 -7.57607017497704e-15
1.6060821965609e-15 -8.74347573023104e-16
-1.05944138744056e-15 -4.33146677349355e-15
3.60151855199394e-15 1.38685408036798e-15
-4.40573614619238e-14 -1.65752515069008e-14
2.37458168692757e-15 2.74572968253473e-15
-6.20482296910972e-16 6.40216991520455e-15
-2.07947654713415e-15 5.64135098667483e-16
-2.33372185118806e-15 6.36087978949357e-15
-5.02406047735283e-15 2.57016219019043e-15
-8.65132157729586e-15 4.10847318181645e-15
1.79139990351409e-15 2.62018585735577e-16
-9.01256757290937e-15 -7.48248401440333e-15
2.19316267444844e-15 -1.33858614703726e-15
-1.45736423148096e-14 1.14599251619764e-14
2.28371497792795e-15 -2.2216115388082e-15
-2.15835093585258e-15 1.49685155880753e-15
3.86977089112537e-15 2.12021965657497e-15
1.63189373755594e-15 1.23784267020077e-14
-4.7993686217357e-15 -7.12990730778693e-15
7.21190694850542e-15 3.13889209035303e-14
-5.60275607591344e-15 -3.32674306621739e-15
4.63523063760551e-15 7.06308695041872e-15
-1.11136160992976e-14 -3.66076135450143e-15
-6.61266681022714e-15 -6.15806085826015e-16
-1.14562107417528e-14 7.91780683243048e-16
2.88046338570631e-15 -7.85226629292662e-15
8.63206080162931e-15 -2.41680027976283e-15
-1.45816070552537e-15 4.10158814766152e-15
-5.8855354462372e-15 -5.2238043688727e-15
1.63872632631186e-14 1.17512440078758e-14
-3.53234421366002e-14 -1.40912407124169e-14
1.47943437107549e-15 -1.92180057426363e-14
2.04909005045087e-14 -1.26816593957842e-14
-1.01535099455457e-14 4.792590532098e-16
2.76064371805854e-15 1.2507450732927e-15
6.67955798891192e-14 1.64446420509087e-14
1.72067767263389e-14 -7.18604705195914e-15
9.21857305763871e-16 2.39081287824876e-15
-3.95221333584925e-15 4.90747548456141e-15
4.98027903436473e-15 4.82696192174897e-15
-3.21907016326622e-14 -1.79840655977905e-14
-9.30742761855545e-15 -7.54805912040374e-15
3.53996199668296e-14 -8.21135836650933e-15
6.90698881521539e-16 2.26255290365232e-16
1.7650274952591e-14 6.76735560739569e-16
1.10067225625668e-14 1.24633733303552e-14
1.46009051261771e-14 -4.62293982085703e-15
1.48805941441795e-15 1.36070314871334e-14
3.4452388478535e-15 2.95158979888166e-15
2.15779803069994e-14 1.21907404778982e-14
4.27245106326338e-15 -3.273485807325e-15
-1.56672995570409e-15 1.46352205467698e-14
4.27396291058614e-16 -1.75113844074948e-15
-4.3632367408702e-15 1.73804855016542e-16
-2.49848648289627e-15 -9.72109238771576e-16
-7.83953651950296e-15 -7.00441995747383e-16
-3.69017566332342e-16 -3.08987728446704e-15
3.62286325545516e-15 1.30142281655316e-14
7.0575418302397e-15 -1.51745416560597e-15
9.34718614019603e-15 2.25905989525842e-14
-3.13943986521672e-15 -6.43210915812458e-16
3.53293753580067e-15 6.79688861125076e-15
6.66003496358182e-16 -8.07601162840262e-16
8.04948129872579e-15 2.155534644861e-15
-3.37064220763534e-15 4.16575120840645e-15
7.71149650410317e-15 -1.49746908136894e-15
-8.4851096475141e-16 -1.48974580462635e-15
-3.89332782281381e-14 9.42353751548075e-15
-1.94966287130251e-16 -8.76545932850824e-16
4.58675290035536e-15 1.83017313223208e-15
5.55711631149313e-15 4.63113756716858e-17
3.06697782865026e-15 1.57148612897958e-14
-9.05358092672366e-17 7.15834687013917e-15
4.41124025360853e-15 -2.77923835059357e-15
5.46647605567469e-16 -1.71147331880216e-15
6.54281343004248e-15 -3.7986866925616e-15
1.38799621450313e-15 4.50073152469295e-15
9.47403715222417e-15 4.26288850093271e-15
-3.95020097356836e-15 6.23744160762275e-15
3.75975046690925e-16 7.99304698577228e-15
2.91218123204132e-15 5.72634978248726e-15
-2.51657604271971e-15 -9.18498203033205e-15
3.75104906749382e-16 3.09207907709142e-15
-6.95639556290041e-15 -8.12338286221109e-15
4.27243802202278e-15 3.61300760179104e-15
3.78805588834308e-15 7.4181445959948e-15
3.08380488539345e-15 4.63971107492819e-15
1.07081923218345e-14 1.13519192274648e-14
-2.35146953509082e-15 8.95228174447876e-15
9.635093986187e-15 -1.91517481969189e-15
4.53181370083525e-15 3.28757593988231e-15
8.08053188254155e-15 -4.58098465335667e-15
9.48752564122416e-15 5.10531666921187e-15
7.85987876435502e-15 -7.74707734982189e-15
1.35345595347358e-14 6.54339275951093e-15
-3.25145433767544e-15 -3.95395223530883e-15
1.4910999784056e-14 7.82227831768077e-15
7.83704279232551e-15 -3.31115461178532e-15
1.01355043723283e-14 2.4019571818432e-15
3.66050789459713e-15 -2.32238335450683e-14
1.16784811514452e-14 4.09943747717509e-15
5.95847977342115e-15 -6.54301082867741e-15
2.03674262393228e-14 4.19460414286498e-15
2.59454572468026e-15 -1.20904820830917e-14
6.41175974631863e-14 4.88203850687755e-15
9.2168973402744e-15 8.95909401183509e-14
-4.94863386291106e-14 2.02880324866402e-15
-2.44434083086894e-15 -9.42601379185554e-15
-1.44320361451762e-14 5.52001115969026e-15
-2.47395567849762e-14 2.48628753182129e-14
-1.15781090714933e-14 2.23951179047855e-15
-6.79770112518624e-15 -3.3348750209904e-15
2.05162136068704e-14 2.1163750299492e-15
-4.17508720676947e-15 7.61273317654558e-16
5.70091052812335e-14 4.11019764289738e-15
1.4625455068831e-14 8.31621316935659e-14
-5.5386406705006e-14 5.24088567596666e-16
1.12835085878788e-15 -1.73961894490171e-15
-2.54055304434734e-14 5.5999903818237e-15
-5.46067090667308e-15 4.15861252239798e-15
-1.984911651357e-14 5.36859766338099e-15
8.02549667773448e-15 1.95566251631975e-15
-9.19104672567437e-16 2.59744981408546e-15
-1.27519895177623e-14 2.65013202197353e-15
-3.01703897241041e-15 7.8385439265209e-15
-1.78541995635123e-14 -5.51172554258804e-15
-9.54643353861138e-16 9.00631892658518e-15
-1.86667168964465e-16 7.22956710696044e-15
-1.10078339710616e-15 9.80174124936222e-15
7.14381126949718e-15 -2.64009070453261e-15
-3.16040447954843e-15 1.13339473909581e-15
-1.68854625642069e-14 -3.13423679065475e-14
-4.41191279915151e-15 5.99325947402781e-17
-7.35996968536657e-15 -9.86270717469288e-15
-1.83430230274795e-15 4.28159590526433e-15
1.59628567235253e-15 -6.42877453435179e-15
5.07104641724985e-15 -2.32776326090783e-16
-4.79239167458219e-15 -6.95869813942858e-15
3.62023105603951e-15 1.23150342210095e-15
4.68881521916933e-15 -1.76995195347864e-15
-5.87316579635951e-15 -2.44577900859904e-15
2.0442441054397e-14 -3.13647497526262e-15
-1.18535429648058e-15 1.01632905086215e-14
-3.45260426310387e-15 9.70734967577607e-15
2.25077464596833e-15 4.44125360264072e-15
4.2605825653128e-15 9.95361552014821e-17
2.09456513659565e-15 -3.17601488786945e-15
-9.41834823946452e-15 -1.34766009233306e-14
4.30091057747509e-15 -2.47670311086839e-15
-8.44940964820458e-15 1.93882329520737e-15
6.46183831795178e-15 1.67043732246083e-15
-4.49352436085797e-15 6.58220857722219e-15
3.37363916497832e-15 4.62438238547771e-15
3.5800852279977e-15 8.66761152326037e-15
-1.54948077875145e-15 -2.82901394156176e-15
-1.23524454613465e-14 -1.06495040899676e-15
-4.12521393866132e-15 1.56587496860008e-15
-6.10138563074939e-15 1.35091814418933e-14
1.87421366607287e-15 1.02473824775784e-14
9.40600326816678e-15 -2.62655115272392e-15
1.37264368604658e-14 3.06388144273788e-15
1.01413756924636e-14 -6.80998462412619e-15
1.1688071348214e-14 -8.41692979515044e-15
-7.77835284271616e-15 2.58412458870672e-14
3.10817957266351e-15 -3.068988709868e-15
-4.81783855498637e-15 7.67180098400055e-15
6.06708910312831e-15 1.06081116805164e-14
9.6300195013282e-15 1.47680177662447e-14
2.46082637774456e-15 1.60623787601832e-15
1.14656133571257e-14 -4.97738461463262e-15
-1.34972480151987e-15 -9.82309684050016e-15
-1.42949189647724e-14 -9.47346275580299e-15
-1.02092138883764e-14 8.80975301644088e-15
3.63385772077753e-14 -3.54775083436163e-14
2.68930550349448e-14 2.84871226145978e-14
4.26882360541662e-14 2.464817849314e-14
5.77328048651228e-14 -2.03811557965429e-15
4.61048499175466e-14 -2.77014903031231e-14
2.57292579289938e-14 -5.65997037385203e-14
1.21023694841023e-16 2.14937738477631e-13
-3.92251154025252e-14 -5.69105160893773e-14
-5.50315078018751e-14 -3.98391476204434e-14
-6.33246441567902e-14 6.99618542325013e-15
-2.56643532464433e-14 2.83617247946027e-14
1.09788561575802e-14 4.44377678331014e-14
2.62028155560391e-14 4.91515916755795e-14
4.5522282379e-14 4.81251413733231e-15
6.2656596164307e-14 -3.31850237563384e-14
2.55688440619466e-14 -5.74927867362424e-14
-8.70554495577637e-16 2.26653618201681e-13
-3.75415194891729e-14 -5.49315718463758e-14
-5.67426441332156e-14 -3.74537584477996e-14
-4.93231165702976e-14 -1.3435723907884e-15
-4.10019619492672e-14 1.95845284853665e-14
-9.94130788040677e-15 2.92318197231641e-14
2.18365211469025e-14 5.0868743409969e-14
4.36000573438912e-15 9.37765113385732e-15
8.74606526155617e-15 2.57809212695376e-15
-9.57278268347728e-15 -5.06585935223138e-15
-4.27015088033514e-15 -8.35123676939723e-15
-2.21622215148353e-14 -5.09959387269499e-15
-2.5443205016514e-15 1.25299075065096e-15
-8.52742129022408e-16 5.19006251717304e-15
-1.02671149655223e-15 4.53503480259212e-15
1.55841238149101e-15 1.5467803730958e-15
-2.94987572269258e-14 -1.11490254988618e-14
-4.07014912273562e-15 -2.40418385770429e-15
-6.44440383055155e-15 4.58523097789341e-16
-9.96813972010202e-15 5.77512401174826e-15
1.6768616014566e-15 8.4165927827315e-15
-7.04860969912741e-15 7.85338573077514e-15
-3.95197851057794e-15 -5.09459746121409e-15
1.23066534636818e-15 2.70096340010177e-15
1.16926097480431e-15 -1.11842931081526e-14
-6.24456800157149e-15 -1.62111179051111e-16
-6.18322125479376e-15 1.28017950517574e-16
-6.98770764866865e-15 4.90327858005062e-15
-7.00461361033637e-15 7.6913176566763e-15
1.54590059715207e-15 7.47580417045894e-15
-9.9847357357049e-15 3.23009654715345e-15
1.5946512602649e-15 3.48348134942235e-16
2.57579855872352e-15 1.21690803955751e-15
-6.22525698488555e-15 1.24471078315465e-15
-4.32754888150638e-15 -6.43997068895217e-17
-1.17224943991447e-14 4.32338425401928e-15
-8.16244663375842e-15 -3.02073831416159e-16
-4.67109125626875e-15 2.4034360072262e-15
-7.6599325591021e-14 3.56796916850568e-14
3.21938843650284e-15 3.3164399980402e-15
-3.30648117028393e-15 4.60257366102212e-15
-1.06499447297927e-15 1.18696156339872e-15
-4.22030421434155e-15 5.04142921910868e-15
-7.48847816232308e-15 4.97054541473998e-15
-8.83842184231604e-15 1.02561819137637e-14
-3.75492893398214e-15 2.23821124505972e-15
-1.36499574153985e-14 8.32689528145138e-15
-2.01040163345758e-15 -3.6124165784978e-15
-1.16926388774145e-14 6.34058127344461e-15
-9.30184523133484e-15 4.0469681919581e-15
2.95958098721143e-16 2.1615059436316e-16
-4.42550293107511e-15 2.52840832126931e-15
-1.14215090466288e-14 -2.5405438989028e-15
3.92009181074093e-15 4.43973491241682e-15
4.42774533829686e-15 4.39320493945146e-16
7.74202533036095e-15 -2.19409120160919e-15
-9.87123421992243e-15 8.77349804398915e-16
-1.52990480076524e-15 1.15269142812216e-15
-5.33362947785596e-15 8.69982637338793e-15
-1.86416306915056e-14 3.4977635044984e-15
7.02007170458363e-15 4.46659929705506e-15
-1.42627505992647e-14 -3.3112779239634e-15
1.86117169900621e-15 -2.01316583189474e-16
-2.03834867748684e-14 -7.03364292685764e-16
1.31629957853875e-15 -2.8281390730978e-14
2.32034616897377e-14 -2.9909204559567e-16
-1.07728958625125e-14 1.69020333810362e-15
9.71340025748498e-15 6.74093701385841e-15
2.68320680684681e-16 6.89553188174726e-15
-9.64884840485348e-15 5.12521565074365e-16
4.06117719282035e-15 -5.20818821423337e-14
-7.09552150808314e-15 3.72395146399991e-15
-6.68750993188992e-15 4.31691056835408e-16
-2.61954991116042e-14 3.74155642185356e-15
-7.36096040910748e-15 -3.20684499806479e-14
2.58495322794719e-14 2.83595473275145e-15
7.08874399668558e-15 1.95711807126867e-14
5.10461676754257e-15 2.06734219786803e-15
4.43521688498172e-15 9.23229017905685e-16
4.23739620214138e-15 -2.27980034694502e-15
-1.47609233226206e-14 -1.84722677737363e-14
-2.74120130990914e-15 -1.65048525216735e-15
5.79965812570825e-15 6.09588815538148e-15
6.9785139526877e-15 -4.1429851767241e-16
-1.27795330362243e-15 -1.39151810173788e-15
9.01408388518068e-15 1.33544642250783e-15
1.15014633498261e-15 3.7055266301161e-15
2.18116812681442e-15 6.64759337097181e-16
-1.88036567403678e-15 2.92579530348592e-15
-9.81853842524047e-16 1.51713355357685e-15
-3.01302826641802e-15 1.27960403634084e-14
-6.45796547887812e-15 2.60894462492025e-15
6.76493644468319e-15 7.3627093865799e-15
3.43384199435864e-15 1.31260827394077e-15
-4.43098386978289e-15 -4.43203859969588e-15
1.90575808028267e-15 -3.69378496726452e-16
-1.28351367205199e-14 -1.07950718727946e-14
1.25505029183201e-15 5.81774456023423e-16
3.56210892484726e-15 8.05032117102539e-15
-1.34059396817975e-15 8.71753752750723e-15
3.60004619263784e-15 8.2787828172979e-15
-4.47822882673317e-15 1.63382915950078e-15
-2.26056801018344e-14 -1.66477687122565e-14
-4.73372648356032e-15 2.77296465259867e-15
2.81412741730895e-15 5.05237004108431e-15
-2.13087453726529e-15 3.51524184395586e-15
8.31836456057481e-15 1.5692603471636e-15
1.41064436333858e-16 1.65875900150521e-15
3.25517032468084e-15 -1.82285044610735e-15
3.56195269029822e-15 -1.26654492742904e-15
-6.66385628166366e-15 1.22978641065449e-14
-4.15765209596422e-16 -2.43814880653123e-15
-1.07258476377972e-14 -4.10013508424505e-14
-3.7356958615903e-15 4.2629004681402e-15
3.48451568957187e-15 2.79340544819077e-16
-7.51108579870846e-15 3.9704487734628e-15
-9.09242122281328e-16 2.28473737267014e-15
-2.02409207867297e-17 3.01928062087419e-15
1.57513910466233e-14 1.26816794693951e-15
3.75416102652992e-16 4.72643906513614e-15
9.14941711911814e-15 -6.63706575077953e-15
5.0302110352249e-15 5.04178527302183e-15
3.79575704259049e-15 1.69523457600876e-15
1.8157720011496e-15 7.54791203876285e-15
5.15909389234509e-15 2.21189218802544e-15
3.48730084778238e-16 7.73315104096885e-15
4.19316891210105e-15 -6.82371278596654e-16
-2.44259286921716e-15 8.35855974229389e-16
-5.54320914781936e-15 -2.21069151342687e-16
-3.05124206194327e-15 7.97663057784238e-15
-1.83732046580153e-15 1.06456346273445e-15
5.43047464777127e-15 7.08217645210439e-15
3.36789933015448e-15 -9.40032716847104e-15
1.2279496615083e-14 6.49967452403302e-15
-2.17576808317108e-14 -1.62354844841404e-14
1.59049446574868e-14 1.12786861959214e-15
1.93665536702575e-15 3.2498308514745e-15
2.17310922182855e-14 1.34345980592027e-14
-1.13017209246232e-15 1.40810173531748e-14
-1.76122833418008e-14 1.52360448589211e-14
1.73347470501136e-14 9.2524693880886e-16
-3.28469885269485e-15 -2.0591784465414e-15
2.28479803075881e-15 -1.14121327778248e-14
1.79963740555636e-14 7.14360052214995e-15
-1.15868115566962e-14 8.21351954706619e-15
-6.00860467787156e-15 9.51213721524565e-16
-1.5528187885538e-14 -2.22155820568381e-15
1.46320758299423e-14 1.39792974485927e-14
-5.54319158278708e-15 7.24334282689789e-15
-2.51013946179004e-14 1.41227343333112e-14
3.87315527185369e-15 -4.54982711658636e-15
-5.14750281383299e-15 9.02600892564098e-15
-2.76096567996578e-15 6.41914723558381e-17
1.20928039408225e-14 5.71312244156162e-15
3.40655000280304e-15 2.26986781450254e-14
-1.42248788354216e-14 1.86430022023839e-15
2.92326416954288e-15 6.07631506405783e-15
-1.06013617544e-14 3.4542119305719e-15
-1.02383337227884e-14 1.17485202554353e-15
-1.11452333199218e-14 9.38898015449757e-15
-4.9683403570305e-15 -3.56189880374291e-15
-3.68830049174871e-15 8.87997863396218e-15
2.10449460898012e-15 -5.37147494450373e-16
3.94343517400146e-15 6.81706225139164e-15
5.42943236825285e-15 -1.6910526818236e-16
3.13526728183489e-15 3.23636713780866e-15
-2.80640953356908e-14 -9.18777391945703e-15
-1.06266434806043e-15 2.82358596739594e-15
1.18009666169068e-15 8.55448497899037e-15
-1.03789167828925e-15 6.92761891504236e-15
-2.92654318261195e-15 -1.30385517315143e-15
-5.43773082868837e-15 1.19445805679483e-15
9.04217219090798e-16 1.42677497368695e-15
-2.69077540077143e-16 6.11850205270078e-16
-1.03204592318084e-15 -6.58679270078055e-15
1.5529939930174e-15 7.42570861744428e-15
-1.30727408664524e-14 8.10835310921422e-14
1.68872628715204e-15 6.25968601119092e-15
-9.04639886178588e-15 2.97175541056227e-15
3.65410005015617e-15 1.22182146872713e-15
1.27773594862319e-15 -3.48226955742186e-15
-2.64781139486866e-15 -1.36439132153619e-15
2.17500737129684e-15 1.78008532928186e-14
-1.83515877242726e-15 1.64750286054047e-15
-1.1635390198158e-15 -2.32302725131457e-15
-2.11413384822758e-15 2.10793444787169e-15
-1.94101026470157e-15 2.52135473094865e-15
1.64997364217227e-15 3.33473015203611e-15
-4.44467645934624e-15 1.07147313795693e-15
3.04158118994711e-15 9.74705902433399e-16
-2.14163358544095e-15 1.19047121455067e-14
1.88718616171452e-15 9.55341889491316e-16
-1.14848639854759e-15 3.31867902055431e-15
5.94410252943399e-16 4.28620991136494e-15
2.51723015063097e-15 9.44504442769123e-15
-4.17991991206664e-15 -6.44958735458575e-16
-4.29780197471848e-15 3.15466365225022e-15
-3.71176402732535e-15 -2.11034824881731e-15
-1.29264525304376e-14 -1.32726013056677e-14
2.46511730856421e-15 4.44228414969114e-15
6.07986843273219e-15 -5.0876346127381e-16
1.35432724795546e-15 2.50812787452932e-15
2.24486707523453e-15 3.08139238260181e-15
3.89767443497385e-15 1.60166016209531e-15
-2.48505080393299e-15 5.04813093756488e-15
-3.08655178555343e-15 -1.68267172256468e-15
1.18609374887042e-15 1.87815765783846e-14
-8.74808365542903e-15 -1.84640483356761e-15
-1.58594602885371e-15 4.44151121236275e-14
-9.60083410715508e-15 2.51978282472031e-15
9.86557304619586e-15 4.05568201559223e-16
-1.11631995234728e-14 -5.64908954661541e-15
1.97136115276593e-15 -4.30816660817851e-15
7.91250264743334e-16 3.49842149874896e-16
-4.45956030839928e-15 1.47047527719573e-14
-4.417750408196e-15 -1.74848869949714e-15
6.8807301255249e-15 1.02555452874582e-14
-3.14091036978818e-14 -1.05441679215963e-14
6.20306799962169e-15 -1.66595627774529e-15
2.08860083687564e-14 -1.11565170060623e-14
-9.3395528167385e-15 7.14630946410727e-15
1.65911104719103e-15 6.78702006687057e-15
-9.12878769104443e-16 -1.26688528629964e-14
1.60123074504389e-14 -4.33983158076805e-15
-1.85612543296966e-15 1.65591631239499e-14
-4.87476141155004e-15 9.04344840235647e-15
7.99436390720446e-15 1.13773152658232e-15
-2.67725315437917e-14 -1.10124792989856e-14
1.92148312281693e-15 -6.99107866530885e-15
3.37518934435636e-14 -1.10467812082477e-14
7.71680706077504e-14 -2.57373643967697e-14
1.35517203930168e-14 2.00557559094851e-15
9.62283160234641e-15 9.22584024405858e-15
1.63428066606444e-14 -1.68876620922318e-15
9.30318609552774e-15 9.77728330305046e-15
5.43868472701523e-15 2.84631496298076e-16
-3.89530630429461e-15 1.58838558758637e-14
-6.5470680256537e-16 -1.99370778808224e-15
-8.13796789222144e-15 1.55377066803343e-15
-1.31646543638964e-15 5.58229623373514e-15
-4.34150302191635e-14 -1.46320465223684e-13
-1.19750787232791e-15 5.13266601881171e-15
9.7128665318564e-15 3.5432217118329e-15
5.21463841314823e-15 -1.80444847290121e-15
-4.92841598794901e-15 -4.51418876790257e-15
3.75609917379275e-15 1.99412426700231e-16
-2.72150311843495e-15 1.90773622945034e-14
1.0279039473534e-15 3.71082063717812e-15
-1.45375254248497e-15 2.17019072056826e-15
8.93057797810525e-16 2.93792281692016e-15
9.60590427394046e-15 -1.12605547424491e-15
-5.78623183767772e-15 -2.55369288420894e-15
-6.17330217856448e-16 1.71831948766917e-15
-2.10603130377451e-16 2.28500617490867e-15
9.64623526111488e-15 7.16704442451087e-15
6.88113860196217e-16 6.16991172345793e-15
-1.02164121942314e-14 2.37377716700709e-14
8.38371065328314e-15 6.46565817064939e-15
1.26523738344073e-14 7.36103138150615e-15
6.61246546576936e-16 8.04625244390592e-17
-1.73132819823865e-15 1.20367443979985e-14
5.43599567371996e-16 4.07522719689138e-15
2.85083995702702e-14 3.44239626220933e-14
-1.29231611034248e-15 1.13561375098523e-14
9.15210776041015e-15 -1.25688441091129e-15
1.97248739076995e-15 4.54683370003693e-15
1.01911942893464e-14 -9.31051791340241e-15
3.76932097456318e-15 -1.42187381931757e-15
-9.63891025537052e-15 -5.84005680485994e-15
6.97714392884997e-15 5.3343554435388e-15
3.80425562284396e-15 -4.97151396172542e-15
2.02856426294456e-15 5.4779330196939e-15
-1.36570405547259e-14 -5.87154974802255e-15
6.07215764465134e-15 2.99807503489389e-15
7.8801737419798e-15 1.01357234599474e-14
-1.34687260155647e-15 4.30059447155756e-15
3.9392661269189e-16 -1.22108010666413e-15
-1.52279978115724e-15 2.7087856267721e-15
-1.08163304718074e-14 -1.39805266047606e-14
4.48042684998805e-15 9.93974856425446e-15
8.92989255298986e-15 2.16985991538805e-15
1.34865526758138e-14 3.09281348611381e-15
1.32370971984813e-15 5.41594043256388e-15
7.64877726539682e-15 8.64286717043494e-15
2.01685275694319e-16 4.29691544665826e-15
9.39311530789853e-15 1.79143700006384e-15
6.39234504295444e-15 2.85245858093576e-14
1.11674931963268e-15 3.27655169417685e-15
-1.54995014624297e-14 6.02952368259653e-15
1.76350111334366e-14 6.56882252830485e-15
5.57052704691957e-15 -8.60791370858935e-15
5.18772345513588e-14 -4.0239486270227e-16
-9.813651052038e-15 5.75696706919874e-14
-3.70820062471214e-14 9.12830822865464e-15
-3.60271681848898e-14 -6.06387510740064e-14
-6.58125484095153e-15 2.967160965327e-15
1.04370619068139e-14 1.88743257300072e-14
-1.37342900642378e-14 -4.47659122289322e-15
-4.46975629595241e-15 -4.2645260437691e-15
1.50638730550936e-14 4.67757420078472e-15
1.7587139711744e-15 -2.83546500693572e-15
4.33477294126465e-14 3.50831347033285e-15
1.20349062301309e-14 6.66367301264202e-14
-4.03285178365837e-14 9.55041700731819e-15
-1.33036970212027e-14 1.33486465224388e-15
-1.69799288361845e-14 8.95972898362713e-15
5.51759709252434e-16 -2.79823547085807e-15
-1.59903381331034e-14 5.02234994494903e-15
-1.06037074450957e-15 -8.06306158017274e-16
7.73494890769042e-16 4.83962611819485e-15
-1.32824964318842e-14 7.33203895967522e-16
3.11160273005951e-15 1.34803910688041e-14
-3.28898322079693e-15 -5.34490230138025e-15
4.75192261257927e-15 2.15236437460144e-15
1.31441842881049e-15 7.19081003366362e-15
-3.93032157107903e-15 1.51370297806301e-15
-2.07128716954517e-15 1.29462742495401e-14
-4.12473808516049e-15 5.41039394616874e-15
-6.93024077011764e-15 5.98280162007164e-15
1.89070758972373e-15 8.07475861101925e-15
-3.02033230442182e-15 -1.29743308506141e-14
-1.65089393122999e-15 5.09796939528313e-15
-1.22921183684572e-15 -3.98155968670629e-16
2.95513515232437e-15 2.1331646949433e-15
-1.87924269123985e-15 -3.02523246263439e-15
7.09602652125091e-15 3.73699389122167e-15
4.9363850227682e-15 1.83205159824806e-14
5.60067586025569e-15 6.37837828118829e-15
1.34689045279989e-14 2.10042713807298e-15
2.28617559821699e-15 9.21519076443564e-16
5.81995889755707e-15 -6.26267082954722e-15
-3.79894351576865e-15 1.92615976543261e-15
4.5339971601167e-15 2.33192828824039e-15
3.1295011513396e-15 3.48242261650523e-15
7.54268727648382e-15 7.30614342488917e-15
7.55041837207583e-15 9.70056097229125e-15
2.75774138004789e-14 -1.60226900713973e-14
4.93585317506472e-15 -2.73206193029932e-16
-3.58369950753639e-15 -2.82371259724075e-16
7.7887276811509e-16 6.74981935802157e-15
3.75447797135944e-15 1.22632832021518e-14
3.0437645395606e-15 4.82271954223081e-15
2.43886284861396e-15 -3.4491853188396e-16
6.20113881985898e-15 7.80483918922188e-15
1.25992297384752e-14 -5.08810490282052e-15
2.22657156018807e-15 -4.27928372865939e-15
-7.32063075889919e-15 -3.97772722577522e-15
-6.65438432741391e-16 7.04696795591168e-15
3.67585075585013e-15 6.70145329878141e-15
1.57291258150314e-14 4.24835993088956e-15
9.02272895961668e-15 1.68267640063829e-14
1.94163908863185e-14 8.01086689170842e-15
2.50815199345536e-14 1.48835427145132e-14
1.15747839694129e-14 -6.2440509845191e-15
-9.53894748512184e-15 1.12343591668171e-14
-4.24835722092546e-15 1.14453412955162e-14
2.23448358066248e-14 1.13270960887811e-14
1.46588108943716e-14 3.42235977774982e-15
3.06270599989034e-14 -3.78926246903902e-14
2.59217206175754e-14 1.97513634049321e-14
5.63003690668047e-14 -1.43310085676235e-14
2.59340580606016e-14 -3.94842180182169e-14
-3.16009846075586e-14 -3.10154712399451e-15
1.45027659161125e-14 6.48988754800383e-14
1.28273232562162e-13 4.36772065049019e-14
1.52589680145988e-13 -8.92205500807228e-14
1.53259558728749e-14 3.77469717364289e-13
-1.44193439719517e-13 -1.28850596692099e-13
-1.89720229381015e-13 9.13372605739227e-14
9.38702736946853e-15 1.03019400430637e-13
8.48775428174237e-14 -2.18150256117891e-14
1.18466573543926e-14 -9.48742288198256e-14
-8.87942304606255e-14 -6.05044267819551e-16
-2.03666919394769e-14 1.02983304536123e-13
1.3410058798389e-13 4.98025399956331e-14
1.37182404276964e-13 -1.25960782946387e-13
-1.41697859574203e-14 3.80556105924016e-13
-1.62483583220038e-13 -9.48716989972904e-14
-1.26192982799047e-13 4.20534895265241e-14
-9.09169907858102e-15 6.81672282468108e-14
2.69013808230513e-14 -1.16282248856033e-15
-8.35800266961174e-15 -3.89862089145882e-14
-5.7933475965982e-14 2.68878548428332e-15
-3.63320305046828e-14 1.73377600785058e-14
-1.96034996300646e-14 7.29162628554988e-15
-2.80771739482093e-14 4.23764329371586e-15
-1.89051961441591e-14 1.01350966899223e-14
-1.41876653777732e-14 1.24447273417256e-14
-3.41889133379004e-15 -4.49449852405471e-15
-7.4263167833608e-15 -1.44677792534691e-14
-1.93060233873166e-14 -5.76249978016955e-14
-1.5504841888452e-14 1.15989519393983e-14
-2.961228877034e-15 5.09562798345232e-15
-4.22669497933483e-15 7.14123826820396e-15
-1.38361664019015e-14 1.34344644930709e-14
-1.70657407389669e-15 8.58782031198701e-15
-1.93230835789851e-15 2.15570395123134e-15
-1.4318283240961e-14 -3.58040231080925e-15
-1.0014511412458e-14 2.4249088570643e-14
-1.42952866014761e-14 7.16411818868804e-15
-3.59465019777954e-14 3.99352382751193e-14
-1.18560377027519e-14 6.49757996868224e-15
-1.1253012070036e-14 -1.97068396930943e-15
-3.60815880831144e-15 2.18745120161224e-15
-5.97407020858545e-15 -1.98576924826537e-15
-3.07553717767553e-15 1.59857696447059e-15
-8.91287397255288e-15 1.44296302920494e-15
-8.69675144899328e-15 5.47289145283437e-15
-2.90221746532618e-14 -4.25951480972269e-15
-6.84910042047801e-15 7.94092457979894e-15
-6.53123167525444e-15 1.11004237467287e-14
-9.17835306775178e-15 3.70407797954997e-15
2.55263930166086e-15 1.31545605324783e-15
-7.72149163853153e-15 4.20130290636262e-15
-7.69600524314817e-15 3.00377627601075e-15
-8.2274062531344e-15 8.35094049221521e-15
3.01883372013393e-15 3.26272827596939e-15
-1.07512248669847e-16 5.73659530640109e-15
-7.14817448926813e-15 5.08134020893817e-15
-2.4718626563277e-15 3.99914286447825e-15
-6.6020806392443e-15 2.78005792728824e-16
-1.26130596775511e-14 2.97597444645384e-15
6.33279091784932e-15 -1.78945111120303e-15
-6.63071205580013e-15 5.33225744079873e-15
7.33967488643552e-15 3.55371824128782e-15
-9.00005650212757e-15 3.86840234072885e-15
-9.94736824880221e-15 -3.062196218242e-16
-3.73301575601619e-15 4.11028181417092e-15
-8.22601669685895e-15 -2.38585803572821e-15
-6.12454024747416e-15 2.08841514898916e-15
-3.29127993180046e-15 2.18637813565282e-15
-2.0482875553878e-15 2.33022153113275e-15
1.5410643597137e-14 9.81833822551487e-15
-2.87787957287214e-15 6.35185239312613e-15
-3.88791950676566e-15 1.12963666560807e-14
-1.81856837555344e-14 8.02107883049728e-15
-1.69976462470714e-15 1.26688858547346e-15
-2.22211049655477e-14 2.29558218561983e-16
-1.38009557356734e-14 -1.03090156411599e-14
-3.02827128874401e-14 4.11088673994357e-15
-1.77533968970445e-14 -4.09051759881976e-14
2.44217699364662e-14 3.52837373285465e-15
-4.81760200211196e-15 -9.32121977208998e-17
1.03776393517407e-14 3.07822681073025e-15
-4.71781672085922e-15 -2.76162098751463e-15
-2.09036384192494e-14 1.00452468350571e-14
-4.20128284865713e-15 -1.0785747942843e-14
-6.14487702040841e-15 1.26469361430691e-14
8.97153000243967e-15 3.83899247168148e-15
-2.56523117448021e-14 1.0991382710998e-15
-2.75383583074177e-15 -3.95925729226363e-14
3.50361375598633e-14 6.66833835267766e-15
-5.24200378848823e-15 1.15652658620482e-14
-2.06924004489996e-16 -2.57088657397049e-16
2.8407825501745e-14 -2.16343831247109e-15
-1.04866524487799e-16 1.00323832023076e-14
-2.67374905876684e-15 -7.41429985894985e-15
6.47094857148233e-15 6.68604987572972e-15
1.78008954372192e-15 1.05423106275024e-14
4.48604025897889e-15 -1.60647396703006e-16
-3.98710841026315e-15 7.8123203676434e-15
7.08216689903364e-15 8.30035010958969e-15
9.23025060357684e-15 1.28550916963456e-14
1.63857875132657e-16 3.64781255123757e-15
2.82001068030424e-15 5.63251622234639e-14
-5.47998197432755e-15 4.43877345518469e-15
-5.83379246760519e-15 1.86161622574856e-15
-7.63182718332988e-15 1.98909288737931e-15
-4.41096506652728e-15 -8.40906847851707e-15
-2.58097521687766e-15 5.08482211285844e-15
7.85838328972397e-15 8.08319263381887e-15
9.60400416382204e-16 6.73750894000303e-15
7.17909287911032e-16 3.66713440342041e-15
5.49601427850037e-15 3.17950610928074e-15
-1.5969484636163e-15 1.07213953558444e-14
-1.25650098720716e-15 4.07642942670594e-15
7.68686525408584e-15 1.14811945319002e-14
-3.17035750244059e-15 3.68739513293933e-15
-9.68060847572468e-15 8.01983085305976e-16
-1.42667340518656e-15 4.21618319263055e-15
-2.12696190139057e-15 -4.20623916984333e-15
-4.95315813598624e-15 8.0680073080536e-15
4.11618199696715e-15 1.0954029392042e-14
-1.30168242035306e-15 3.54425104841748e-15
3.79330329424963e-15 7.65810618913744e-15
-1.02768825548182e-15 5.76075812638065e-15
-3.15609711261511e-14 -5.30732116422687e-14
-6.13494394644296e-16 8.175878383738e-15
3.97680471206993e-15 1.2500011284325e-14
-2.47736869198921e-15 7.66527144329521e-15
-1.29062096810755e-15 2.37186441733541e-15
-5.99281790139028e-15 6.24804944325899e-15
-6.42211340373724e-15 -3.06059464497479e-15
-4.35440949753278e-15 6.14973093635145e-15
3.23472556425485e-15 -2.7468918548462e-15
-2.67463013418588e-15 6.60388989543163e-15
-1.97980895022163e-14 -6.58946599068456e-14
5.02781605772842e-15 1.06564680018023e-14
1.32735823285873e-15 1.32043277497911e-14
1.95122586552527e-15 7.91127586751391e-15
1.35241639154259e-15 6.43459423230876e-15
-3.36093634833526e-15 6.08152569483969e-15
-3.88328468719475e-15 6.56841443453472e-15
-1.58318603179269e-15 6.93728685727752e-15
2.73402020527251e-15 -6.27935784306141e-15
-3.16753748462459e-15 1.25847582673482e-14
-2.87260446065961e-15 6.4276348135012e-15
-3.96731120007663e-15 4.49516405317602e-15
-7.14434279749718e-15 -9.23262562275021e-15
1.08900838112387e-14 1.32421058524225e-14
-8.22516316700579e-16 1.10974288956859e-14
8.56509851280255e-15 5.33668161184898e-15
-1.55122303167316e-14 1.83621527418794e-14
2.3686246911786e-14 1.85305552780063e-14
-6.16748777912914e-16 2.16051344225195e-14
-2.26766858727971e-14 1.64192781140591e-14
8.79601184484434e-15 -4.00759890892588e-15
-6.94243797661249e-15 6.86652490201091e-15
-1.04195815317619e-14 3.76717108080942e-14
1.94981100593102e-14 1.40432504474366e-14
-5.76166028375907e-15 1.86088327464629e-14
-2.14124623399117e-15 5.80398313427666e-15
-1.23796162147086e-14 7.8448668234369e-15
1.66230972373876e-14 1.479611903065e-14
-6.9581382432267e-15 1.72561617949936e-14
-3.09302334859443e-14 1.86140296093008e-14
9.57907037057226e-15 -9.68696243440714e-16
-3.01915304636461e-15 9.79455948445115e-15
-3.58365275901303e-15 -3.28906598533394e-14
-1.40691298779034e-15 7.39713235792792e-15
9.11857962272013e-16 1.31092665135091e-14
-1.72603007750212e-14 1.47778314959882e-14
-2.7416807212321e-15 6.74356146334158e-15
-1.12018296557438e-14 8.88414471737571e-15
-1.11754656934865e-14 1.21444926043381e-14
-1.23873660128351e-14 1.31319843738096e-14
-2.87001901853637e-15 -2.38507366415608e-15
-5.40836363766633e-15 1.18441103883652e-14
6.22337302367816e-16 1.25201925404252e-15
-1.31295763624385e-16 5.56556074587374e-15
-4.10211446852931e-15 9.97367121006722e-15
-3.05006722568367e-16 1.07258386330521e-14
-1.02668618879467e-14 -4.39419284136285e-15
-5.4492925655499e-16 8.05516247022006e-15
-3.18466764417221e-15 -1.02179228025201e-15
-5.3220418956923e-15 1.23089846133613e-14
-9.51632766939102e-15 1.10639123131791e-14
-9.74095389956766e-15 1.10825452077158e-14
-8.21206835637878e-15 2.87653005545624e-15
-9.42023719333534e-16 9.15795432019721e-15
-2.74770133181979e-14 -2.94055209857473e-15
3.01065547533408e-15 8.63614245956257e-15
9.84951348178677e-15 1.31676823972613e-14
-7.47922836259637e-16 9.27551175884265e-15
-1.5312463733628e-15 1.11707859313417e-14
-3.15798931938599e-15 1.11202168024534e-14
-6.84871219670634e-15 8.56289164442224e-15
-1.24970184833962e-15 1.10479456985737e-14
-9.78706570964219e-16 -7.30526036514569e-15
-5.80068702508672e-16 8.66261314726332e-15
-4.88923173365912e-15 5.10024285223033e-15
-3.87969375715206e-15 1.01327486385647e-14
-1.13621154608446e-14 1.62974233900271e-14
-2.58929979403555e-16 7.93354352119338e-15
-1.89444238417944e-15 1.25641827126576e-14
5.86782324861889e-15 6.24446483751895e-15
6.88926408891229e-15 1.34234363608778e-14
3.51305026065158e-15 5.86390874207012e-15
-8.09813589615392e-15 2.32693638309515e-15
-2.76601451021537e-15 8.4143670361679e-15
-7.00367173034809e-15 3.96829810241761e-15
-8.60533652757478e-15 9.76813884377007e-15
-2.00758595400568e-15 1.28582613916085e-15
5.438526756975e-16 8.51097585931883e-15
-9.36877797982275e-15 4.3963003784006e-15
4.39530994674916e-16 6.52369655680166e-15
-6.25423452180464e-15 -3.10569968752303e-15
1.15639976265779e-15 6.62113357596e-15
3.8093032390291e-15 1.07972924952951e-14
-1.47883329694151e-15 1.02754598586337e-14
1.70330313646487e-15 2.20107434525723e-14
-9.06161881696203e-15 7.19797658476109e-15
1.88593484862218e-14 8.35728154868093e-14
-1.02241668481136e-14 7.08929785689342e-15
5.79526195768091e-15 7.43327300542696e-15
-1.26039905658042e-14 8.31178258290829e-15
3.26582389685702e-15 8.40666648966815e-15
-1.74716668265072e-14 5.29763010561318e-15
-7.6141398971333e-15 1.28138908804982e-15
4.41875029082163e-15 5.50439750327553e-15
5.96072686864779e-15 5.90293893056371e-15
-9.35489339974032e-15 6.53004727380858e-15
-3.04616108670992e-14 -1.29868843750004e-14
-2.84631772795863e-14 -3.88019403711341e-15
-2.63412242965824e-15 -3.08092548409521e-16
1.82018942255256e-14 -3.10696657203714e-15
-9.85618922214217e-15 1.04471996562237e-14
-6.15499332309155e-16 1.16363123332806e-14
7.25187155107417e-15 -2.39512423219886e-15
1.78148464550885e-14 -2.54060633730315e-16
-1.95300967211807e-15 2.36879398508592e-14
-1.52786998542634e-15 1.14157545932648e-14
1.05250343070783e-14 1.95881596706003e-14
-2.60242400844214e-14 -8.98713127071487e-16
-1.77890480225295e-15 2.69957856636652e-15
3.03468796086493e-14 1.73913432916427e-15
-6.87688084983646e-15 9.3647614586213e-15
1.25008634381836e-14 1.23683024316564e-14
8.0874170715705e-15 -7.16435353648966e-16
9.78947415913156e-15 2.79446458324312e-15
-5.54694668706774e-15 2.0601103940233e-14
4.90662788790689e-16 1.17097432559809e-14
4.48308315682579e-15 2.19218926752477e-14
-4.14502592574909e-15 5.76882455209485e-15
8.457518675435e-14 4.25058160647188e-15
-4.91446834808545e-15 1.04413730740877e-14
6.43896803337675e-15 1.37874638093072e-14
5.84688757185033e-16 1.10795688451301e-14
-6.63458662125391e-16 5.40244867241734e-15
-1.84681008428668e-15 1.13498662827598e-14
-8.27236307679558e-15 1.89454797652524e-14
2.05157798089759e-15 1.13206591414503e-14
-1.32764254129372e-14 1.92919403313458e-14
-1.00383357722173e-15 1.00162924221396e-14
-2.66259133048324e-14 -1.20725908336462e-14
-4.149174857536e-15 1.17160012922249e-14
4.88750553093505e-15 1.85242376728095e-14
-7.03507943219236e-15 1.17618136053348e-14
1.10868933357681e-14 2.3135897976571e-14
1.22441568522e-15 1.6081848696027e-14
-1.18293590068352e-14 7.97680376599574e-15
3.44187949795484e-15 1.43756526950817e-14
-1.2357063410503e-14 1.47494778426191e-14
2.97230709421858e-15 1.55167919421816e-14
1.57629629690394e-15 1.53629335696322e-14
-2.68895002576396e-15 1.53275973453251e-14
2.09495222836167e-15 1.76056530386754e-14
-6.61908329767027e-15 1.48985037098533e-14
5.01498465452593e-15 1.41530081738966e-14
-1.41914850388369e-15 1.24451113792397e-14
9.10266743166319e-15 1.39826702500291e-14
-6.52414696961831e-15 1.98602312165121e-14
7.33154933576023e-15 2.0148795093646e-15
1.49400541297389e-16 1.13234592107308e-14
-2.42369570552781e-15 6.01274823579947e-15
2.71127804315234e-15 1.7799910520793e-14
-5.63961923937278e-14 -6.28446851180852e-15
2.8886464654088e-15 1.46882985916555e-14
1.23576090023236e-15 2.58291412951465e-15
-7.27237681800252e-16 1.85562044422627e-14
1.49111921184453e-15 1.08803261259918e-14
-7.62485841452909e-15 1.82708618460526e-14
5.27254974276375e-15 1.97748580567663e-14
3.27159383452664e-16 1.98982217858356e-14
-2.58216284931861e-15 9.71394307334759e-15
-5.23831497391543e-16 2.14653175079565e-14
5.39142632986124e-14 1.94405915266691e-14
9.56701160082378e-15 2.27354440244737e-14
-3.27283745793486e-15 1.7259190301312e-14
1.25026880802995e-14 2.42088663792643e-14
1.58501968136002e-15 9.60961696435036e-15
4.28114055606886e-15 1.60019484892556e-14
8.5235919198863e-15 3.40308938783891e-14
6.8433067616493e-16 1.56469604677047e-14
-7.84033421369561e-15 1.47201762761943e-14
2.55754645194218e-15 1.96353384928815e-14
-1.60495127271109e-14 1.97358151097736e-14
4.02613738682979e-14 2.84466760345378e-14
1.25856051707942e-14 7.17756082843733e-14
-2.56462294721198e-14 2.28021792346604e-14
2.15359352211849e-15 1.74493121494491e-14
-6.33309231884612e-15 1.70507959416318e-14
-9.94429848150684e-15 5.08432496053438e-14
-1.38734001721499e-14 1.87095976814972e-14
1.95426892170749e-15 9.03112222240369e-15
1.06988978762386e-14 2.19461159146382e-14
2.51125413736914e-15 2.35515822028356e-14
3.14016122172312e-14 2.46417765978374e-14
2.07357136212881e-14 3.41405817990181e-14
-3.5184332490379e-14 2.34916355384572e-14
-4.36450298395591e-15 1.02807372825226e-15
-2.22946030118237e-14 2.79762429022496e-14
5.30273115982825e-15 3.2726424494662e-14
-2.07091117625341e-14 2.26925974862146e-14
-1.22600747650763e-14 2.0960988611401e-14
2.42441748515936e-15 2.50516786004904e-14
-1.64025401446985e-14 1.38024248358147e-14
4.80032538787486e-15 3.17938228868897e-14
6.19737339726564e-14 5.41494333412496e-14
-1.25800718102609e-16 2.97428975471933e-14
1.651081133007e-15 3.87220813915685e-14
6.96777719012984e-16 2.92787090341278e-14
-1.91463357974736e-15 2.37511939208364e-14
-4.77021733765406e-15 2.86722299644314e-14
-3.63326254016221e-15 3.16409929461038e-14
-9.72947353574791e-15 3.69000045001827e-14
-1.07280809434316e-14 2.00215108473132e-14
-6.98636657243541e-15 3.27176001959589e-14
-1.314725885009e-14 3.28116371427841e-14
-2.43085441978405e-15 3.33509047833069e-14
-6.3805845819365e-15 3.37874939959702e-14
5.78414346520548e-15 3.75293396053561e-14
2.15973763359829e-15 2.55204707070138e-14
2.02502025045091e-15 3.37226753651815e-14
-6.3953148219807e-15 4.02139420667054e-14
1.05171838416662e-15 3.73974723217487e-14
-8.49033132809641e-16 3.02737537115532e-14
-8.64900495272011e-15 4.23947731639777e-14
-4.52064287687539e-15 4.21209175177191e-14
-2.82612949472949e-15 3.92034197340681e-14
2.0206069261065e-14 -4.29018961919701e-14
-5.10625893301515e-15 4.99778861860829e-14
1.20735257287824e-14 2.77167481396269e-14
9.78131028724696e-16 4.8603837310688e-14
2.4648116027164e-15 5.96144479555094e-14
-3.9803474915388e-15 5.38906725415224e-14
-2.84825984259953e-15 6.59603253412125e-14
-1.66494981137922e-15 5.12876784838254e-14
-2.63106305094159e-14 2.8259590407991e-14
-3.28672891526768e-15 5.47460168440328e-14
-8.87631667782944e-14 1.5165951565788e-13
-4.96272412316103e-15 6.04948851508654e-14
1.84863648429286e-15 6.67994641507526e-14
-2.27384074935365e-15 6.93674240490995e-14
-9.72964180128308e-16 5.90850461574713e-14
1.26675634153195e-15 7.34496824683789e-14
1.46292469342228e-14 7.15319126627876e-14
1.85541619651337e-15 8.06577204751156e-14
-1.02430242011018e-14 9.4360306327101e-14
-4.32358250908666e-16 9.92735987149216e-14
-3.34585950411299e-14 1.18179077882542e-13
-1.19666954075669e-14 1.12548127879337e-13
1.34166386718541e-14 1.23434158685652e-13
-9.67273498983299e-15 1.28333759824169e-13
1.09455912199245e-14 1.04565143010406e-13
-4.56728228820079e-15 1.6256201361231e-13
5.26323972081274e-15 1.81188187336156e-13
3.73916888486703e-15 2.13489611610401e-13
3.45397580797094e-14 1.75793740733327e-13
1.9138136455388e-15 3.32238934045905e-13
4.05627478589627e-15 4.64081373721597e-13
-5.95809689176531e-15 8.72380318590296e-13
-2.60347299274599e-12 4096
-4.43231987798901e-15 -7.08789507923881e-13
8.07188165177545e-14 -3.72061703847773e-13
-5.71343862330653e-15 -1.49579947379568e-13
-2.63754031590961e-14 -1.35014455235552e-13
